{
  "cycle": 124,
  "completed_arch_indices": [
    0,
    1,
    2,
    3,
    4,
    5,
    6,
    7,
    8,
    9,
    10,
    11,
    12,
    13,
    14
  ],
  "cycle_val_results": {
    "0": [
      90.25696536144578,
      92.83571787148594,
      95.79583960843372,
      92.83571787148594
    ],
    "1": [
      87.87085843373494,
      91.58728664658635,
      92.26546812248995,
      91.69851280120481
    ],
    "2": [
      88.156218624498,
      92.28445030120481,
      92.76998619477912,
      92.28445030120481
    ],
    "3": [
      90.58515311244979,
      93.26540537148594,
      93.49272088353413,
      93.26540537148594
    ],
    "4": [
      88.72646837349399,
      93.02177459839358,
      93.22414658634538,
      93.02177459839358
    ],
    "5": [
      91.25141189759036,
      93.88444402610442,
      94.22784889558233,
      93.88444402610442
    ],
    "6": [
      89.89614708835342,
      93.68803338353413,
      94.11772088353413,
      93.68803338353413
    ],
    "7": [
      89.79794176706828,
      93.5355484437751,
      93.95817645582329,
      93.66575677710844
    ],
    "8": [
      90.23092369477912,
      93.44550075301206,
      93.73901857429719,
      93.44550075301206
    ],
    "9": [
      90.34105170682732,
      93.90013177710844,
      94.33091741967873,
      93.90013177710844
    ],
    "10": [
      90.28300702811245,
      93.66685491967873,
      94.21263177710844,
      93.66685491967873
    ],
    "11": [
      89.9976468373494,
      93.83016440763052,
      94.0894829317269,
      93.83016440763052
    ],
    "12": [
      88.90766189759036,
      93.6359500502008,
      93.90828940763052,
      93.64897088353413
    ],
    "13": [
      89.42959337349399,
      93.64897088353413,
      93.96256902610442,
      93.64897088353413
    ],
    "14": [
      89.75511420682732,
      93.98641440763052,
      94.35209588353413,
      93.98641440763052
    ]
  }
}