{
  "cycle": 124,
  "n_archs": 15,
  "spearman_r": 0.014285714285714282,
  "spearman_p": 0.9596997645989476,
  "pearson_r": -0.014198017912543047,
  "pearson_p": 0.9599469741217662,
  "kendall_tau": 0.009523809523809525,
  "kendall_p": 1.0,
  "bootstrap_ci_spearman": [
    -0.616091461645878,
    0.618185988323603
  ],
  "spearman_r_ema": 0.7321428571428571,
  "spearman_p_ema": 0.0019129636009785611,
  "pearson_r_ema": 0.46574128416693417,
  "pearson_p_ema": 0.08017546584880135,
  "kendall_tau_ema": 0.5428571428571429,
  "kendall_p_ema": 0.00414288160001619,
  "bootstrap_ci_spearman_ema": [
    0.23791399888003567,
    0.9289818642948963
  ],
  "spearman_r_best": 0.3428571428571428,
  "spearman_p_best": 0.21092379341475206,
  "pearson_r_best": -0.4288817563117705,
  "pearson_p_best": 0.11067363089830666,
  "kendall_tau_best": 0.2761904761904762,
  "kendall_p_best": 0.16857787367749338,
  "bootstrap_ci_spearman_best": [
    -0.3126198795997237,
    0.8866596498485435
  ],
  "mean_val_acc1": 89.69907756024097,
  "std_val_acc1": 0.927773738757253,
  "mean_ema_acc1": 93.34777652275768,
  "mean_best_val_acc1": 93.89646084337349,
  "per_arch": [
    {
      "arch_index": 0,
      "nas_quant_acc1": 10.0,
      "val_acc1": 90.25696536144578,
      "ema_acc1": 92.83571787148594,
      "best_val_acc1": 95.79583960843372,
      "best_ema_acc1": 92.83571787148594,
      "epochs_completed": 125,
      "nas_rank": 14,
      "val_rank": 4,
      "ema_rank": 12,
      "best_rank": 0
    },
    {
      "arch_index": 1,
      "nas_quant_acc1": 63.5,
      "val_acc1": 87.87085843373494,
      "ema_acc1": 91.58728664658635,
      "best_val_acc1": 92.26546812248995,
      "best_ema_acc1": 91.69851280120481,
      "epochs_completed": 125,
      "nas_rank": 13,
      "val_rank": 14,
      "ema_rank": 14,
      "best_rank": 14
    },
    {
      "arch_index": 2,
      "nas_quant_acc1": 68.25,
      "val_acc1": 88.156218624498,
      "ema_acc1": 92.28445030120481,
      "best_val_acc1": 92.76998619477912,
      "best_ema_acc1": 92.28445030120481,
      "epochs_completed": 125,
      "nas_rank": 12,
      "val_rank": 13,
      "ema_rank": 13,
      "best_rank": 13
    },
    {
      "arch_index": 3,
      "nas_quant_acc1": 71.5,
      "val_acc1": 90.58515311244979,
      "ema_acc1": 93.26540537148594,
      "best_val_acc1": 93.49272088353413,
      "best_ema_acc1": 93.26540537148594,
      "epochs_completed": 125,
      "nas_rank": 11,
      "val_rank": 1,
      "ema_rank": 10,
      "best_rank": 11
    },
    {
      "arch_index": 4,
      "nas_quant_acc1": 74.0,
      "val_acc1": 88.72646837349399,
      "ema_acc1": 93.02177459839358,
      "best_val_acc1": 93.22414658634538,
      "best_ema_acc1": 93.02177459839358,
      "epochs_completed": 125,
      "nas_rank": 10,
      "val_rank": 12,
      "ema_rank": 11,
      "best_rank": 12
    },
    {
      "arch_index": 5,
      "nas_quant_acc1": 75.5,
      "val_acc1": 91.25141189759036,
      "ema_acc1": 93.88444402610442,
      "best_val_acc1": 94.22784889558233,
      "best_ema_acc1": 93.88444402610442,
      "epochs_completed": 125,
      "nas_rank": 9,
      "val_rank": 0,
      "ema_rank": 2,
      "best_rank": 3
    },
    {
      "arch_index": 6,
      "nas_quant_acc1": 76.5,
      "val_acc1": 89.89614708835342,
      "ema_acc1": 93.68803338353413,
      "best_val_acc1": 94.11772088353413,
      "best_ema_acc1": 93.68803338353413,
      "epochs_completed": 125,
      "nas_rank": 8,
      "val_rank": 7,
      "ema_rank": 4,
      "best_rank": 5
    },
    {
      "arch_index": 7,
      "nas_quant_acc1": 77.25,
      "val_acc1": 89.79794176706828,
      "ema_acc1": 93.5355484437751,
      "best_val_acc1": 93.95817645582329,
      "best_ema_acc1": 93.66575677710844,
      "epochs_completed": 125,
      "nas_rank": 7,
      "val_rank": 8,
      "ema_rank": 8,
      "best_rank": 8
    },
    {
      "arch_index": 8,
      "nas_quant_acc1": 78.0,
      "val_acc1": 90.23092369477912,
      "ema_acc1": 93.44550075301206,
      "best_val_acc1": 93.73901857429719,
      "best_ema_acc1": 93.44550075301206,
      "epochs_completed": 125,
      "nas_rank": 6,
      "val_rank": 5,
      "ema_rank": 9,
      "best_rank": 10
    },
    {
      "arch_index": 9,
      "nas_quant_acc1": 78.5,
      "val_acc1": 90.34105170682732,
      "ema_acc1": 93.90013177710844,
      "best_val_acc1": 94.33091741967873,
      "best_ema_acc1": 93.90013177710844,
      "epochs_completed": 125,
      "nas_rank": 5,
      "val_rank": 2,
      "ema_rank": 1,
      "best_rank": 2
    },
    {
      "arch_index": 10,
      "nas_quant_acc1": 79.0,
      "val_acc1": 90.28300702811245,
      "ema_acc1": 93.66685491967873,
      "best_val_acc1": 94.21263177710844,
      "best_ema_acc1": 93.66685491967873,
      "epochs_completed": 125,
      "nas_rank": 4,
      "val_rank": 3,
      "ema_rank": 5,
      "best_rank": 4
    },
    {
      "arch_index": 11,
      "nas_quant_acc1": 79.75,
      "val_acc1": 89.9976468373494,
      "ema_acc1": 93.83016440763052,
      "best_val_acc1": 94.0894829317269,
      "best_ema_acc1": 93.83016440763052,
      "epochs_completed": 125,
      "nas_rank": 3,
      "val_rank": 6,
      "ema_rank": 3,
      "best_rank": 6
    },
    {
      "arch_index": 12,
      "nas_quant_acc1": 80.25,
      "val_acc1": 88.90766189759036,
      "ema_acc1": 93.6359500502008,
      "best_val_acc1": 93.90828940763052,
      "best_ema_acc1": 93.64897088353413,
      "epochs_completed": 125,
      "nas_rank": 2,
      "val_rank": 11,
      "ema_rank": 7,
      "best_rank": 9
    },
    {
      "arch_index": 13,
      "nas_quant_acc1": 81.25,
      "val_acc1": 89.42959337349399,
      "ema_acc1": 93.64897088353413,
      "best_val_acc1": 93.96256902610442,
      "best_ema_acc1": 93.64897088353413,
      "epochs_completed": 125,
      "nas_rank": 1,
      "val_rank": 10,
      "ema_rank": 6,
      "best_rank": 7
    },
    {
      "arch_index": 14,
      "nas_quant_acc1": 85.5,
      "val_acc1": 89.75511420682732,
      "ema_acc1": 93.98641440763052,
      "best_val_acc1": 94.35209588353413,
      "best_ema_acc1": 93.98641440763052,
      "epochs_completed": 125,
      "nas_rank": 0,
      "val_rank": 9,
      "ema_rank": 0,
      "best_rank": 1
    }
  ],
  "timestamp": "2026-06-04T07:16:26.678487"
}