{
  "cycle": 3,
  "completed_arch_indices": [
    0,
    1,
    2,
    3,
    4,
    5,
    6,
    7,
    8,
    9,
    10,
    11,
    12,
    13,
    14
  ],
  "cycle_val_results": {
    "0": [
      85.25680848393573,
      23.90562248995984,
      85.25680848393573,
      23.90562248995984
    ],
    "1": [
      80.13083584337349,
      19.934738955823295,
      80.13083584337349,
      19.934738955823295
    ],
    "2": [
      81.93429969879519,
      19.616277610441767,
      81.93429969879519,
      19.616277610441767
    ],
    "3": [
      84.05998995983936,
      19.983057228915662,
      84.05998995983936,
      19.983057228915662
    ],
    "4": [
      83.14523719879519,
      23.97402108433735,
      83.14523719879519,
      23.97402108433735
    ],
    "5": [
      84.43539784136547,
      22.735943775100402,
      84.43539784136547,
      22.735943775100402
    ],
    "6": [
      84.5726656626506,
      21.70949422690763,
      84.5726656626506,
      21.70949422690763
    ],
    "7": [
      82.60055848393573,
      22.906312751004016,
      82.60055848393573,
      22.906312751004016
    ],
    "8": [
      82.93800200803213,
      23.847107178714857,
      82.93800200803213,
      23.847107178714857
    ],
    "9": [
      83.32376380522088,
      17.03156375502008,
      83.32376380522088,
      17.03156375502008
    ],
    "10": [
      83.93950803212851,
      23.419615963855424,
      83.93950803212851,
      23.419615963855424
    ],
    "11": [
      84.48261797188755,
      23.907818775100402,
      84.48261797188755,
      23.907818775100402
    ],
    "12": [
      84.18313880522088,
      24.28542294176707,
      84.18313880522088,
      24.28542294176707
    ],
    "13": [
      84.35240963855422,
      23.863893072289155,
      84.35240963855422,
      23.863893072289155
    ],
    "14": [
      85.34152233935743,
      22.875878514056225,
      85.34152233935743,
      22.875878514056225
    ]
  }
}