{
  "cycle": 3,
  "n_archs": 15,
  "spearman_r": 0.35357142857142854,
  "spearman_p": 0.19607167843419876,
  "pearson_r": -0.07971689006630452,
  "pearson_p": 0.7776317861798511,
  "kendall_tau": 0.33333333333333337,
  "kendall_p": 0.09264256691158146,
  "bootstrap_ci_spearman": [
    -0.29818658556633243,
    0.8639954111206524
  ],
  "spearman_r_ema": 0.33571428571428563,
  "spearman_p_ema": 0.22121153763932594,
  "pearson_r_ema": -0.053287270737569246,
  "pearson_p_ema": 0.850399340526644,
  "kendall_tau_ema": 0.2761904761904762,
  "kendall_p_ema": 0.16857787367749338,
  "bootstrap_ci_spearman_ema": [
    -0.24680188415106152,
    0.8231153111063919
  ],
  "spearman_r_best": 0.35357142857142854,
  "spearman_p_best": 0.19607167843419876,
  "pearson_r_best": -0.07971689006630452,
  "pearson_p_best": 0.7776317861798511,
  "kendall_tau_best": 0.33333333333333337,
  "kendall_p_best": 0.09264256691158146,
  "bootstrap_ci_spearman_best": [
    -0.26550042480883607,
    0.8695652173913045
  ],
  "mean_val_acc1": 83.64645038487282,
  "std_val_acc1": 1.3609728067126123,
  "mean_ema_acc1": 22.266451221552877,
  "mean_best_val_acc1": 83.64645038487282,
  "per_arch": [
    {
      "arch_index": 0,
      "nas_quant_acc1": 10.0,
      "val_acc1": 85.25680848393573,
      "ema_acc1": 23.90562248995984,
      "best_val_acc1": 85.25680848393573,
      "best_ema_acc1": 23.90562248995984,
      "epochs_completed": 4,
      "nas_rank": 14,
      "val_rank": 1,
      "ema_rank": 3,
      "best_rank": 1
    },
    {
      "arch_index": 1,
      "nas_quant_acc1": 63.5,
      "val_acc1": 80.13083584337349,
      "ema_acc1": 19.934738955823295,
      "best_val_acc1": 80.13083584337349,
      "best_ema_acc1": 19.934738955823295,
      "epochs_completed": 4,
      "nas_rank": 13,
      "val_rank": 14,
      "ema_rank": 12,
      "best_rank": 14
    },
    {
      "arch_index": 2,
      "nas_quant_acc1": 68.25,
      "val_acc1": 81.93429969879519,
      "ema_acc1": 19.616277610441767,
      "best_val_acc1": 81.93429969879519,
      "best_ema_acc1": 19.616277610441767,
      "epochs_completed": 4,
      "nas_rank": 12,
      "val_rank": 13,
      "ema_rank": 13,
      "best_rank": 13
    },
    {
      "arch_index": 3,
      "nas_quant_acc1": 71.5,
      "val_acc1": 84.05998995983936,
      "ema_acc1": 19.983057228915662,
      "best_val_acc1": 84.05998995983936,
      "best_ema_acc1": 19.983057228915662,
      "epochs_completed": 4,
      "nas_rank": 11,
      "val_rank": 7,
      "ema_rank": 11,
      "best_rank": 7
    },
    {
      "arch_index": 4,
      "nas_quant_acc1": 74.0,
      "val_acc1": 83.14523719879519,
      "ema_acc1": 23.97402108433735,
      "best_val_acc1": 83.14523719879519,
      "best_ema_acc1": 23.97402108433735,
      "epochs_completed": 4,
      "nas_rank": 10,
      "val_rank": 10,
      "ema_rank": 1,
      "best_rank": 10
    },
    {
      "arch_index": 5,
      "nas_quant_acc1": 75.5,
      "val_acc1": 84.43539784136547,
      "ema_acc1": 22.735943775100402,
      "best_val_acc1": 84.43539784136547,
      "best_ema_acc1": 22.735943775100402,
      "epochs_completed": 4,
      "nas_rank": 9,
      "val_rank": 4,
      "ema_rank": 9,
      "best_rank": 4
    },
    {
      "arch_index": 6,
      "nas_quant_acc1": 76.5,
      "val_acc1": 84.5726656626506,
      "ema_acc1": 21.70949422690763,
      "best_val_acc1": 84.5726656626506,
      "best_ema_acc1": 21.70949422690763,
      "epochs_completed": 4,
      "nas_rank": 8,
      "val_rank": 2,
      "ema_rank": 10,
      "best_rank": 2
    },
    {
      "arch_index": 7,
      "nas_quant_acc1": 77.25,
      "val_acc1": 82.60055848393573,
      "ema_acc1": 22.906312751004016,
      "best_val_acc1": 82.60055848393573,
      "best_ema_acc1": 22.906312751004016,
      "epochs_completed": 4,
      "nas_rank": 7,
      "val_rank": 12,
      "ema_rank": 7,
      "best_rank": 12
    },
    {
      "arch_index": 8,
      "nas_quant_acc1": 78.0,
      "val_acc1": 82.93800200803213,
      "ema_acc1": 23.847107178714857,
      "best_val_acc1": 82.93800200803213,
      "best_ema_acc1": 23.847107178714857,
      "epochs_completed": 4,
      "nas_rank": 6,
      "val_rank": 11,
      "ema_rank": 5,
      "best_rank": 11
    },
    {
      "arch_index": 9,
      "nas_quant_acc1": 78.5,
      "val_acc1": 83.32376380522088,
      "ema_acc1": 17.03156375502008,
      "best_val_acc1": 83.32376380522088,
      "best_ema_acc1": 17.03156375502008,
      "epochs_completed": 4,
      "nas_rank": 5,
      "val_rank": 9,
      "ema_rank": 14,
      "best_rank": 9
    },
    {
      "arch_index": 10,
      "nas_quant_acc1": 79.0,
      "val_acc1": 83.93950803212851,
      "ema_acc1": 23.419615963855424,
      "best_val_acc1": 83.93950803212851,
      "best_ema_acc1": 23.419615963855424,
      "epochs_completed": 4,
      "nas_rank": 4,
      "val_rank": 8,
      "ema_rank": 6,
      "best_rank": 8
    },
    {
      "arch_index": 11,
      "nas_quant_acc1": 79.75,
      "val_acc1": 84.48261797188755,
      "ema_acc1": 23.907818775100402,
      "best_val_acc1": 84.48261797188755,
      "best_ema_acc1": 23.907818775100402,
      "epochs_completed": 4,
      "nas_rank": 3,
      "val_rank": 3,
      "ema_rank": 2,
      "best_rank": 3
    },
    {
      "arch_index": 12,
      "nas_quant_acc1": 80.25,
      "val_acc1": 84.18313880522088,
      "ema_acc1": 24.28542294176707,
      "best_val_acc1": 84.18313880522088,
      "best_ema_acc1": 24.28542294176707,
      "epochs_completed": 4,
      "nas_rank": 2,
      "val_rank": 6,
      "ema_rank": 0,
      "best_rank": 6
    },
    {
      "arch_index": 13,
      "nas_quant_acc1": 81.25,
      "val_acc1": 84.35240963855422,
      "ema_acc1": 23.863893072289155,
      "best_val_acc1": 84.35240963855422,
      "best_ema_acc1": 23.863893072289155,
      "epochs_completed": 4,
      "nas_rank": 1,
      "val_rank": 5,
      "ema_rank": 4,
      "best_rank": 5
    },
    {
      "arch_index": 14,
      "nas_quant_acc1": 85.5,
      "val_acc1": 85.34152233935743,
      "ema_acc1": 22.875878514056225,
      "best_val_acc1": 85.34152233935743,
      "best_ema_acc1": 22.875878514056225,
      "epochs_completed": 4,
      "nas_rank": 0,
      "val_rank": 0,
      "ema_rank": 8,
      "best_rank": 0
    }
  ],
  "timestamp": "2026-06-03T13:14:44.144041"
}