{
  "cycle": 143,
  "completed_arch_indices": [
    0,
    1,
    2,
    3,
    4,
    5,
    6,
    7,
    8,
    9,
    10,
    11,
    12,
    13,
    14
  ],
  "cycle_val_results": {
    "0": [
      88.49742720883533,
      94.53062248995984,
      95.79583960843372,
      94.53062248995984
    ],
    "1": [
      87.85783760040161,
      92.16130145582329,
      92.46187876506023,
      92.16130145582329
    ],
    "2": [
      87.32445406626506,
      92.71413780120481,
      92.76998619477912,
      92.76731927710844
    ],
    "3": [
      89.77299824297188,
      93.7612951807229,
      93.73415537148594,
      93.77431601405623
    ],
    "4": [
      89.20870983935743,
      93.23120607429719,
      93.37223895582329,
      93.24422690763052
    ],
    "5": [
      90.76258157630521,
      94.39115838353413,
      94.22784889558233,
      94.40417921686748
    ],
    "6": [
      89.58694151606427,
      94.18392319277109,
      94.11772088353413,
      94.20996485943776
    ],
    "7": [
      90.13052208835342,
      93.91315261044177,
      94.08728664658635,
      93.93213478915662
    ],
    "8": [
      88.39435868473896,
      93.94735190763052,
      94.0504204317269,
      93.94735190763052
    ],
    "9": [
      89.77080195783132,
      94.40417921686748,
      94.4253576807229,
      94.44324171686748
    ],
    "10": [
      89.57062625502007,
      93.97935491967873,
      94.21263177710844,
      93.97935491967873
    ],
    "11": [
      89.71228664658635,
      94.14266440763052,
      94.0894829317269,
      94.14266440763052
    ],
    "12": [
      87.64950426706828,
      94.08352158634538,
      93.97339357429719,
      94.08352158634538
    ],
    "13": [
      90.46529869477912,
      93.84428338353413,
      93.97449171686748,
      93.84538152610442
    ],
    "14": [
      90.52491214859438,
      94.41014056224898,
      94.36731300200803,
      94.41014056224898
    ]
  }
}