{
  "cycle": 143,
  "n_archs": 15,
  "spearman_r": 0.38928571428571423,
  "spearman_p": 0.15151193679039388,
  "pearson_r": 0.3508312699009391,
  "pearson_p": 0.19980411127551348,
  "kendall_tau": 0.2761904761904762,
  "kendall_p": 0.16857787367749338,
  "bootstrap_ci_spearman": [
    -0.23742720109626586,
    0.8152413682864449
  ],
  "spearman_r_ema": 0.3178571428571428,
  "spearman_p_ema": 0.24829056581701822,
  "pearson_r_ema": -0.025465522077017508,
  "pearson_p_ema": 0.9282198279673562,
  "kendall_tau_ema": 0.2761904761904762,
  "kendall_p_ema": 0.16857787367749338,
  "bootstrap_ci_spearman_ema": [
    -0.36956521739130443,
    0.8878842676311031
  ],
  "spearman_r_best": 0.2714285714285714,
  "spearman_p_best": 0.3277893068411727,
  "pearson_r_best": -0.4378049545596794,
  "pearson_p_best": 0.10265138521655313,
  "kendall_tau_best": 0.20000000000000004,
  "kendall_p_best": 0.3282335876694342,
  "bootstrap_ci_spearman_best": [
    -0.3804347826086958,
    0.8411741479082606
  ],
  "mean_val_acc1": 89.28195071954487,
  "std_val_acc1": 1.0899765901939265,
  "mean_ema_acc1": 93.84655287817938,
  "mean_best_val_acc1": 93.97733642904954,
  "per_arch": [
    {
      "arch_index": 0,
      "nas_quant_acc1": 10.0,
      "val_acc1": 88.49742720883533,
      "ema_acc1": 94.53062248995984,
      "best_val_acc1": 95.79583960843372,
      "best_ema_acc1": 94.53062248995984,
      "epochs_completed": 144,
      "nas_rank": 14,
      "val_rank": 10,
      "ema_rank": 0,
      "best_rank": 0
    },
    {
      "arch_index": 1,
      "nas_quant_acc1": 63.5,
      "val_acc1": 87.85783760040161,
      "ema_acc1": 92.16130145582329,
      "best_val_acc1": 92.46187876506023,
      "best_ema_acc1": 92.16130145582329,
      "epochs_completed": 144,
      "nas_rank": 13,
      "val_rank": 12,
      "ema_rank": 14,
      "best_rank": 14
    },
    {
      "arch_index": 2,
      "nas_quant_acc1": 68.25,
      "val_acc1": 87.32445406626506,
      "ema_acc1": 92.71413780120481,
      "best_val_acc1": 92.76998619477912,
      "best_ema_acc1": 92.76731927710844,
      "epochs_completed": 144,
      "nas_rank": 12,
      "val_rank": 14,
      "ema_rank": 13,
      "best_rank": 13
    },
    {
      "arch_index": 3,
      "nas_quant_acc1": 71.5,
      "val_acc1": 89.77299824297188,
      "ema_acc1": 93.7612951807229,
      "best_val_acc1": 93.73415537148594,
      "best_ema_acc1": 93.77431601405623,
      "epochs_completed": 144,
      "nas_rank": 11,
      "val_rank": 4,
      "ema_rank": 11,
      "best_rank": 11
    },
    {
      "arch_index": 4,
      "nas_quant_acc1": 74.0,
      "val_acc1": 89.20870983935743,
      "ema_acc1": 93.23120607429719,
      "best_val_acc1": 93.37223895582329,
      "best_ema_acc1": 93.24422690763052,
      "epochs_completed": 144,
      "nas_rank": 10,
      "val_rank": 9,
      "ema_rank": 12,
      "best_rank": 12
    },
    {
      "arch_index": 5,
      "nas_quant_acc1": 75.5,
      "val_acc1": 90.76258157630521,
      "ema_acc1": 94.39115838353413,
      "best_val_acc1": 94.22784889558233,
      "best_ema_acc1": 94.40417921686748,
      "epochs_completed": 144,
      "nas_rank": 9,
      "val_rank": 0,
      "ema_rank": 3,
      "best_rank": 3
    },
    {
      "arch_index": 6,
      "nas_quant_acc1": 76.5,
      "val_acc1": 89.58694151606427,
      "ema_acc1": 94.18392319277109,
      "best_val_acc1": 94.11772088353413,
      "best_ema_acc1": 94.20996485943776,
      "epochs_completed": 144,
      "nas_rank": 8,
      "val_rank": 7,
      "ema_rank": 4,
      "best_rank": 5
    },
    {
      "arch_index": 7,
      "nas_quant_acc1": 77.25,
      "val_acc1": 90.13052208835342,
      "ema_acc1": 93.91315261044177,
      "best_val_acc1": 94.08728664658635,
      "best_ema_acc1": 93.93213478915662,
      "epochs_completed": 144,
      "nas_rank": 7,
      "val_rank": 3,
      "ema_rank": 9,
      "best_rank": 7
    },
    {
      "arch_index": 8,
      "nas_quant_acc1": 78.0,
      "val_acc1": 88.39435868473896,
      "ema_acc1": 93.94735190763052,
      "best_val_acc1": 94.0504204317269,
      "best_ema_acc1": 93.94735190763052,
      "epochs_completed": 144,
      "nas_rank": 6,
      "val_rank": 11,
      "ema_rank": 8,
      "best_rank": 8
    },
    {
      "arch_index": 9,
      "nas_quant_acc1": 78.5,
      "val_acc1": 89.77080195783132,
      "ema_acc1": 94.40417921686748,
      "best_val_acc1": 94.4253576807229,
      "best_ema_acc1": 94.44324171686748,
      "epochs_completed": 144,
      "nas_rank": 5,
      "val_rank": 5,
      "ema_rank": 2,
      "best_rank": 1
    },
    {
      "arch_index": 10,
      "nas_quant_acc1": 79.0,
      "val_acc1": 89.57062625502007,
      "ema_acc1": 93.97935491967873,
      "best_val_acc1": 94.21263177710844,
      "best_ema_acc1": 93.97935491967873,
      "epochs_completed": 144,
      "nas_rank": 4,
      "val_rank": 8,
      "ema_rank": 7,
      "best_rank": 4
    },
    {
      "arch_index": 11,
      "nas_quant_acc1": 79.75,
      "val_acc1": 89.71228664658635,
      "ema_acc1": 94.14266440763052,
      "best_val_acc1": 94.0894829317269,
      "best_ema_acc1": 94.14266440763052,
      "epochs_completed": 144,
      "nas_rank": 3,
      "val_rank": 6,
      "ema_rank": 5,
      "best_rank": 6
    },
    {
      "arch_index": 12,
      "nas_quant_acc1": 80.25,
      "val_acc1": 87.64950426706828,
      "ema_acc1": 94.08352158634538,
      "best_val_acc1": 93.97339357429719,
      "best_ema_acc1": 94.08352158634538,
      "epochs_completed": 144,
      "nas_rank": 2,
      "val_rank": 13,
      "ema_rank": 6,
      "best_rank": 10
    },
    {
      "arch_index": 13,
      "nas_quant_acc1": 81.25,
      "val_acc1": 90.46529869477912,
      "ema_acc1": 93.84428338353413,
      "best_val_acc1": 93.97449171686748,
      "best_ema_acc1": 93.84538152610442,
      "epochs_completed": 144,
      "nas_rank": 1,
      "val_rank": 2,
      "ema_rank": 10,
      "best_rank": 9
    },
    {
      "arch_index": 14,
      "nas_quant_acc1": 85.5,
      "val_acc1": 90.52491214859438,
      "ema_acc1": 94.41014056224898,
      "best_val_acc1": 94.36731300200803,
      "best_ema_acc1": 94.41014056224898,
      "epochs_completed": 144,
      "nas_rank": 0,
      "val_rank": 1,
      "ema_rank": 1,
      "best_rank": 2
    }
  ],
  "timestamp": "2026-06-04T08:45:08.923014"
}