{
  "cycle": 98,
  "completed_arch_indices": [
    0,
    1,
    2,
    3,
    4,
    5,
    6,
    7,
    8,
    9,
    10,
    11,
    12,
    13,
    14
  ],
  "cycle_val_results": {
    "0": [
      94.71181601405623,
      89.62710215863453,
      95.42419678714859,
      92.39081325301206
    ],
    "1": [
      91.27588478915662,
      90.5906438253012,
      91.75169427710844,
      90.59660517068274
    ],
    "2": [
      91.29267068273093,
      91.13155747991968,
      92.37669427710844,
      91.13155747991968
    ],
    "3": [
      92.86442645582329,
      92.50800075301206,
      93.33537274096385,
      92.50800075301206
    ],
    "4": [
      92.21118850401606,
      91.92802459839358,
      92.96969126506023,
      91.92802459839358
    ],
    "5": [
      93.19700677710844,
      92.76245607429719,
      93.79110190763052,
      92.76245607429719
    ],
    "6": [
      93.42275351405623,
      92.81344126506023,
      93.76019703815261,
      92.81344126506023
    ],
    "7": [
      93.17206325301206,
      92.7152359437751,
      93.83502761044177,
      92.7152359437751
    ],
    "8": [
      92.9496109437751,
      92.60400978915662,
      93.56159011044177,
      92.60400978915662
    ],
    "9": [
      93.49162274096385,
      92.28225401606427,
      94.00649472891565,
      92.28225401606427
    ],
    "10": [
      93.03369728915662,
      92.38971511044177,
      93.58982806224898,
      92.39677459839358
    ],
    "11": [
      92.43254267068274,
      92.8394829317269,
      93.72709588353413,
      92.8394829317269
    ],
    "12": [
      93.0738579317269,
      92.78849774096385,
      93.48456325301206,
      92.78849774096385
    ],
    "13": [
      93.14115838353413,
      92.87258408634538,
      93.64787274096385,
      92.87258408634538
    ],
    "14": [
      93.49978037148594,
      93.21818524096385,
      94.20290537148594,
      93.21818524096385
    ]
  }
}