{
  "cycle": 98,
  "n_archs": 15,
  "spearman_r": 0.27499999999999997,
  "spearman_p": 0.3212111733193767,
  "pearson_r": -0.34890047396254825,
  "pearson_p": 0.20246128159247448,
  "kendall_tau": 0.2571428571428572,
  "kendall_p": 0.20184282422518202,
  "bootstrap_ci_spearman": [
    -0.4130494946253811,
    0.8571688311688305
  ],
  "spearman_r_ema": 0.807142857142857,
  "spearman_p_ema": 0.0002752442706954192,
  "pearson_r_ema": 0.8691058523440844,
  "pearson_p_ema": 2.5952469595665022e-05,
  "kendall_tau_ema": 0.6571428571428571,
  "kendall_p_ema": 0.00033037090163412914,
  "bootstrap_ci_spearman_ema": [
    0.3649344800437689,
    0.9775291399768982
  ],
  "spearman_r_best": 0.2928571428571428,
  "spearman_p_best": 0.289471667212401,
  "pearson_r_best": -0.390796955057923,
  "pearson_p_best": 0.149791230475398,
  "kendall_tau_best": 0.2571428571428572,
  "kendall_p_best": 0.20184282422518202,
  "bootstrap_ci_spearman_best": [
    -0.36220317209348285,
    0.8618244514106583
  ],
  "mean_val_acc1": 92.91800535475232,
  "std_val_acc1": 0.8638490291567845,
  "mean_ema_acc1": 92.20474606760374,
  "mean_best_val_acc1": 93.56428840361444,
  "per_arch": [
    {
      "arch_index": 0,
      "nas_quant_acc1": 10.0,
      "val_acc1": 94.71181601405623,
      "ema_acc1": 89.62710215863453,
      "best_val_acc1": 95.42419678714859,
      "best_ema_acc1": 92.39081325301206,
      "epochs_completed": 99,
      "nas_rank": 14,
      "val_rank": 0,
      "ema_rank": 14,
      "best_rank": 0
    },
    {
      "arch_index": 1,
      "nas_quant_acc1": 63.5,
      "val_acc1": 91.27588478915662,
      "ema_acc1": 90.5906438253012,
      "best_val_acc1": 91.75169427710844,
      "best_ema_acc1": 90.59660517068274,
      "epochs_completed": 99,
      "nas_rank": 13,
      "val_rank": 14,
      "ema_rank": 13,
      "best_rank": 14
    },
    {
      "arch_index": 2,
      "nas_quant_acc1": 68.25,
      "val_acc1": 91.29267068273093,
      "ema_acc1": 91.13155747991968,
      "best_val_acc1": 92.37669427710844,
      "best_ema_acc1": 91.13155747991968,
      "epochs_completed": 99,
      "nas_rank": 12,
      "val_rank": 13,
      "ema_rank": 12,
      "best_rank": 13
    },
    {
      "arch_index": 3,
      "nas_quant_acc1": 71.5,
      "val_acc1": 92.86442645582329,
      "ema_acc1": 92.50800075301206,
      "best_val_acc1": 93.33537274096385,
      "best_ema_acc1": 92.50800075301206,
      "epochs_completed": 99,
      "nas_rank": 11,
      "val_rank": 10,
      "ema_rank": 8,
      "best_rank": 11
    },
    {
      "arch_index": 4,
      "nas_quant_acc1": 74.0,
      "val_acc1": 92.21118850401606,
      "ema_acc1": 91.92802459839358,
      "best_val_acc1": 92.96969126506023,
      "best_ema_acc1": 91.92802459839358,
      "epochs_completed": 99,
      "nas_rank": 10,
      "val_rank": 12,
      "ema_rank": 11,
      "best_rank": 12
    },
    {
      "arch_index": 5,
      "nas_quant_acc1": 75.5,
      "val_acc1": 93.19700677710844,
      "ema_acc1": 92.76245607429719,
      "best_val_acc1": 93.79110190763052,
      "best_ema_acc1": 92.76245607429719,
      "epochs_completed": 99,
      "nas_rank": 9,
      "val_rank": 4,
      "ema_rank": 5,
      "best_rank": 4
    },
    {
      "arch_index": 6,
      "nas_quant_acc1": 76.5,
      "val_acc1": 93.42275351405623,
      "ema_acc1": 92.81344126506023,
      "best_val_acc1": 93.76019703815261,
      "best_ema_acc1": 92.81344126506023,
      "epochs_completed": 99,
      "nas_rank": 8,
      "val_rank": 3,
      "ema_rank": 3,
      "best_rank": 5
    },
    {
      "arch_index": 7,
      "nas_quant_acc1": 77.25,
      "val_acc1": 93.17206325301206,
      "ema_acc1": 92.7152359437751,
      "best_val_acc1": 93.83502761044177,
      "best_ema_acc1": 92.7152359437751,
      "epochs_completed": 99,
      "nas_rank": 7,
      "val_rank": 5,
      "ema_rank": 6,
      "best_rank": 3
    },
    {
      "arch_index": 8,
      "nas_quant_acc1": 78.0,
      "val_acc1": 92.9496109437751,
      "ema_acc1": 92.60400978915662,
      "best_val_acc1": 93.56159011044177,
      "best_ema_acc1": 92.60400978915662,
      "epochs_completed": 99,
      "nas_rank": 6,
      "val_rank": 9,
      "ema_rank": 7,
      "best_rank": 9
    },
    {
      "arch_index": 9,
      "nas_quant_acc1": 78.5,
      "val_acc1": 93.49162274096385,
      "ema_acc1": 92.28225401606427,
      "best_val_acc1": 94.00649472891565,
      "best_ema_acc1": 92.28225401606427,
      "epochs_completed": 99,
      "nas_rank": 5,
      "val_rank": 2,
      "ema_rank": 10,
      "best_rank": 2
    },
    {
      "arch_index": 10,
      "nas_quant_acc1": 79.0,
      "val_acc1": 93.03369728915662,
      "ema_acc1": 92.38971511044177,
      "best_val_acc1": 93.58982806224898,
      "best_ema_acc1": 92.39677459839358,
      "epochs_completed": 99,
      "nas_rank": 4,
      "val_rank": 8,
      "ema_rank": 9,
      "best_rank": 8
    },
    {
      "arch_index": 11,
      "nas_quant_acc1": 79.75,
      "val_acc1": 92.43254267068274,
      "ema_acc1": 92.8394829317269,
      "best_val_acc1": 93.72709588353413,
      "best_ema_acc1": 92.8394829317269,
      "epochs_completed": 99,
      "nas_rank": 3,
      "val_rank": 11,
      "ema_rank": 2,
      "best_rank": 6
    },
    {
      "arch_index": 12,
      "nas_quant_acc1": 80.25,
      "val_acc1": 93.0738579317269,
      "ema_acc1": 92.78849774096385,
      "best_val_acc1": 93.48456325301206,
      "best_ema_acc1": 92.78849774096385,
      "epochs_completed": 99,
      "nas_rank": 2,
      "val_rank": 7,
      "ema_rank": 4,
      "best_rank": 10
    },
    {
      "arch_index": 13,
      "nas_quant_acc1": 81.25,
      "val_acc1": 93.14115838353413,
      "ema_acc1": 92.87258408634538,
      "best_val_acc1": 93.64787274096385,
      "best_ema_acc1": 92.87258408634538,
      "epochs_completed": 99,
      "nas_rank": 1,
      "val_rank": 6,
      "ema_rank": 1,
      "best_rank": 7
    },
    {
      "arch_index": 14,
      "nas_quant_acc1": 85.5,
      "val_acc1": 93.49978037148594,
      "ema_acc1": 93.21818524096385,
      "best_val_acc1": 94.20290537148594,
      "best_ema_acc1": 93.21818524096385,
      "epochs_completed": 99,
      "nas_rank": 0,
      "val_rank": 1,
      "ema_rank": 0,
      "best_rank": 1
    }
  ],
  "timestamp": "2026-06-04T00:19:16.384799"
}