{
  "cycle": 82,
  "completed_arch_indices": [
    0,
    1,
    2,
    3,
    4,
    5,
    6,
    7,
    8,
    9,
    10,
    11,
    12,
    13,
    14
  ],
  "cycle_val_results": {
    "0": [
      89.3574297188755,
      89.67698920682732,
      95.42419678714859,
      92.39081325301206
    ],
    "1": [
      86.55355798192771,
      89.9265813253012,
      91.75169427710844,
      89.9265813253012
    ],
    "2": [
      87.15032003012047,
      90.53040286144578,
      92.13416164658635,
      90.53040286144578
    ],
    "3": [
      87.46721260040161,
      91.82275978915662,
      92.80528363453816,
      91.82275978915662
    ],
    "4": [
      87.8730547188755,
      91.67356927710844,
      92.63491465863453,
      91.6996109437751
    ],
    "5": [
      89.76923318273093,
      92.35175075301206,
      93.6750125502008,
      92.35771209839358
    ],
    "6": [
      87.95714106425703,
      92.25244728915662,
      93.76019703815261,
      92.26546812248995
    ],
    "7": [
      89.20384663654619,
      92.36257530120481,
      93.70042670682732,
      92.36257530120481
    ],
    "8": [
      89.97803714859438,
      92.38971511044177,
      93.43247991967873,
      92.38971511044177
    ],
    "9": [
      89.48057856425703,
      91.25956952811245,
      94.00649472891565,
      91.25956952811245
    ],
    "10": [
      89.69377510040161,
      91.98497113453816,
      93.43138177710844,
      91.99799196787149
    ],
    "11": [
      89.44857555220884,
      92.46784011044177,
      93.72709588353413,
      92.50690261044177
    ],
    "12": [
      90.23092369477912,
      92.26766440763052,
      93.39341741967873,
      92.26766440763052
    ],
    "13": [
      89.34221260040161,
      92.3707329317269,
      93.55186370481927,
      92.37779241967873
    ],
    "14": [
      88.56362951807229,
      92.49497991967873,
      94.20290537148594,
      92.49497991967873
    ]
  }
}