{
  "cycle": 82,
  "n_archs": 15,
  "spearman_r": 0.5107142857142856,
  "spearman_p": 0.05172549836826929,
  "pearson_r": 0.09702090412354586,
  "pearson_p": 0.7308654815802316,
  "kendall_tau": 0.3904761904761905,
  "kendall_p": 0.04629247541540862,
  "bootstrap_ci_spearman": [
    -0.03261464614408125,
    0.8953068592057761
  ],
  "spearman_r_ema": 0.782142857142857,
  "spearman_p_ema": 0.0005697096277734958,
  "pearson_r_ema": 0.7729628587507131,
  "pearson_p_ema": 0.0007273702374853107,
  "kendall_tau_ema": 0.6571428571428571,
  "kendall_p_ema": 0.00033037090163412914,
  "bootstrap_ci_spearman_ema": [
    0.3857332557753034,
    0.9674532036557354
  ],
  "spearman_r_best": 0.3214285714285714,
  "spearman_p_best": 0.24271904680166836,
  "pearson_r_best": -0.38391158871811976,
  "pearson_p_best": 0.15773787905527228,
  "kendall_tau_best": 0.2761904761904762,
  "kendall_p_best": 0.16857787367749338,
  "bootstrap_ci_spearman_best": [
    -0.3357667581865666,
    0.8761440635866865
  ],
  "mean_val_acc1": 88.80463520749666,
  "std_val_acc1": 1.1337254779248238,
  "mean_ema_acc1": 91.72216992971887,
  "mean_best_val_acc1": 93.4421017402945,
  "per_arch": [
    {
      "arch_index": 0,
      "nas_quant_acc1": 10.0,
      "val_acc1": 89.3574297188755,
      "ema_acc1": 89.67698920682732,
      "best_val_acc1": 95.42419678714859,
      "best_ema_acc1": 92.39081325301206,
      "epochs_completed": 83,
      "nas_rank": 14,
      "val_rank": 6,
      "ema_rank": 14,
      "best_rank": 0
    },
    {
      "arch_index": 1,
      "nas_quant_acc1": 63.5,
      "val_acc1": 86.55355798192771,
      "ema_acc1": 89.9265813253012,
      "best_val_acc1": 91.75169427710844,
      "best_ema_acc1": 89.9265813253012,
      "epochs_completed": 83,
      "nas_rank": 13,
      "val_rank": 14,
      "ema_rank": 13,
      "best_rank": 14
    },
    {
      "arch_index": 2,
      "nas_quant_acc1": 68.25,
      "val_acc1": 87.15032003012047,
      "ema_acc1": 90.53040286144578,
      "best_val_acc1": 92.13416164658635,
      "best_ema_acc1": 90.53040286144578,
      "epochs_completed": 83,
      "nas_rank": 12,
      "val_rank": 13,
      "ema_rank": 12,
      "best_rank": 13
    },
    {
      "arch_index": 3,
      "nas_quant_acc1": 71.5,
      "val_acc1": 87.46721260040161,
      "ema_acc1": 91.82275978915662,
      "best_val_acc1": 92.80528363453816,
      "best_ema_acc1": 91.82275978915662,
      "epochs_completed": 83,
      "nas_rank": 11,
      "val_rank": 12,
      "ema_rank": 9,
      "best_rank": 11
    },
    {
      "arch_index": 4,
      "nas_quant_acc1": 74.0,
      "val_acc1": 87.8730547188755,
      "ema_acc1": 91.67356927710844,
      "best_val_acc1": 92.63491465863453,
      "best_ema_acc1": 91.6996109437751,
      "epochs_completed": 83,
      "nas_rank": 10,
      "val_rank": 11,
      "ema_rank": 10,
      "best_rank": 12
    },
    {
      "arch_index": 5,
      "nas_quant_acc1": 75.5,
      "val_acc1": 89.76923318273093,
      "ema_acc1": 92.35175075301206,
      "best_val_acc1": 93.6750125502008,
      "best_ema_acc1": 92.35771209839358,
      "epochs_completed": 83,
      "nas_rank": 9,
      "val_rank": 2,
      "ema_rank": 5,
      "best_rank": 6
    },
    {
      "arch_index": 6,
      "nas_quant_acc1": 76.5,
      "val_acc1": 87.95714106425703,
      "ema_acc1": 92.25244728915662,
      "best_val_acc1": 93.76019703815261,
      "best_ema_acc1": 92.26546812248995,
      "epochs_completed": 83,
      "nas_rank": 8,
      "val_rank": 10,
      "ema_rank": 7,
      "best_rank": 3
    },
    {
      "arch_index": 7,
      "nas_quant_acc1": 77.25,
      "val_acc1": 89.20384663654619,
      "ema_acc1": 92.36257530120481,
      "best_val_acc1": 93.70042670682732,
      "best_ema_acc1": 92.36257530120481,
      "epochs_completed": 83,
      "nas_rank": 7,
      "val_rank": 8,
      "ema_rank": 4,
      "best_rank": 5
    },
    {
      "arch_index": 8,
      "nas_quant_acc1": 78.0,
      "val_acc1": 89.97803714859438,
      "ema_acc1": 92.38971511044177,
      "best_val_acc1": 93.43247991967873,
      "best_ema_acc1": 92.38971511044177,
      "epochs_completed": 83,
      "nas_rank": 6,
      "val_rank": 1,
      "ema_rank": 2,
      "best_rank": 8
    },
    {
      "arch_index": 9,
      "nas_quant_acc1": 78.5,
      "val_acc1": 89.48057856425703,
      "ema_acc1": 91.25956952811245,
      "best_val_acc1": 94.00649472891565,
      "best_ema_acc1": 91.25956952811245,
      "epochs_completed": 83,
      "nas_rank": 5,
      "val_rank": 4,
      "ema_rank": 11,
      "best_rank": 2
    },
    {
      "arch_index": 10,
      "nas_quant_acc1": 79.0,
      "val_acc1": 89.69377510040161,
      "ema_acc1": 91.98497113453816,
      "best_val_acc1": 93.43138177710844,
      "best_ema_acc1": 91.99799196787149,
      "epochs_completed": 83,
      "nas_rank": 4,
      "val_rank": 3,
      "ema_rank": 8,
      "best_rank": 9
    },
    {
      "arch_index": 11,
      "nas_quant_acc1": 79.75,
      "val_acc1": 89.44857555220884,
      "ema_acc1": 92.46784011044177,
      "best_val_acc1": 93.72709588353413,
      "best_ema_acc1": 92.50690261044177,
      "epochs_completed": 83,
      "nas_rank": 3,
      "val_rank": 5,
      "ema_rank": 1,
      "best_rank": 4
    },
    {
      "arch_index": 12,
      "nas_quant_acc1": 80.25,
      "val_acc1": 90.23092369477912,
      "ema_acc1": 92.26766440763052,
      "best_val_acc1": 93.39341741967873,
      "best_ema_acc1": 92.26766440763052,
      "epochs_completed": 83,
      "nas_rank": 2,
      "val_rank": 0,
      "ema_rank": 6,
      "best_rank": 10
    },
    {
      "arch_index": 13,
      "nas_quant_acc1": 81.25,
      "val_acc1": 89.34221260040161,
      "ema_acc1": 92.3707329317269,
      "best_val_acc1": 93.55186370481927,
      "best_ema_acc1": 92.37779241967873,
      "epochs_completed": 83,
      "nas_rank": 1,
      "val_rank": 7,
      "ema_rank": 3,
      "best_rank": 7
    },
    {
      "arch_index": 14,
      "nas_quant_acc1": 85.5,
      "val_acc1": 88.56362951807229,
      "ema_acc1": 92.49497991967873,
      "best_val_acc1": 94.20290537148594,
      "best_ema_acc1": 92.49497991967873,
      "epochs_completed": 83,
      "nas_rank": 0,
      "val_rank": 9,
      "ema_rank": 0,
      "best_rank": 1
    }
  ],
  "timestamp": "2026-06-03T22:59:11.987560"
}