{
  "cycle": 103,
  "completed_arch_indices": [
    0,
    1,
    2,
    3,
    4,
    5,
    6,
    7,
    8,
    9,
    10,
    11,
    12,
    13,
    14
  ],
  "cycle_val_results": {
    "0": [
      88.20940010040161,
      90.07090863453816,
      95.52616716867469,
      92.39081325301206
    ],
    "1": [
      87.89203689759036,
      90.84509914658635,
      92.05007530120481,
      90.84509914658635
    ],
    "2": [
      88.74325426706828,
      91.36593247991968,
      92.37669427710844,
      91.36593247991968
    ],
    "3": [
      89.27553965863453,
      92.61216741967873,
      93.49272088353413,
      92.61812876506023
    ],
    "4": [
      87.61201054216868,
      92.14937876506023,
      92.96969126506023,
      92.14937876506023
    ],
    "5": [
      90.21570657630521,
      93.08201556224898,
      93.8703250502008,
      93.08201556224898
    ],
    "6": [
      87.78018323293172,
      93.01581325301206,
      93.9175451807229,
      93.01581325301206
    ],
    "7": [
      89.77629267068274,
      92.98977158634538,
      93.83502761044177,
      92.98977158634538
    ],
    "8": [
      88.61194779116467,
      92.73421812248995,
      93.56159011044177,
      92.77328062248995
    ],
    "9": [
      89.53752510040161,
      92.68699799196787,
      94.04665537148594,
      92.68699799196787
    ],
    "10": [
      89.79417670682732,
      92.55302459839358,
      93.58982806224898,
      92.55302459839358
    ],
    "11": [
      86.61270080321286,
      93.11401857429719,
      93.72709588353413,
      93.11401857429719
    ],
    "12": [
      88.31842996987953,
      92.89862575301206,
      93.70481927710844,
      92.89862575301206
    ],
    "13": [
      89.30315010040161,
      93.04891440763052,
      93.96256902610442,
      93.04891440763052
    ],
    "14": [
      89.87716490963855,
      93.39341741967873,
      94.23600652610442,
      93.39341741967873
    ]
  }
}