{
  "cycle": 92,
  "completed_arch_indices": [
    0,
    1,
    2,
    3,
    4,
    5,
    6,
    7,
    8,
    9,
    10,
    11,
    12,
    13,
    14
  ],
  "cycle_val_results": {
    "0": [
      90.91020331325302,
      89.35852786144578,
      95.42419678714859,
      92.39081325301206
    ],
    "1": [
      87.179656124498,
      90.40239081325302,
      91.75169427710844,
      90.40239081325302
    ],
    "2": [
      86.52422188755021,
      90.96118850401606,
      92.37669427710844,
      90.96118850401606
    ],
    "3": [
      88.37647464859438,
      92.2535454317269,
      93.33537274096385,
      92.26656626506023
    ],
    "4": [
      87.45795682730925,
      91.8238579317269,
      92.96969126506023,
      91.82495607429719
    ],
    "5": [
      87.63805220883533,
      92.45591741967873,
      93.79110190763052,
      92.46893825301206
    ],
    "6": [
      87.81877510040161,
      92.5980484437751,
      93.76019703815261,
      92.5980484437751
    ],
    "7": [
      87.97502510040161,
      92.46187876506023,
      93.83502761044177,
      92.46187876506023
    ],
    "8": [
      89.64655496987953,
      92.48682228915662,
      93.56159011044177,
      92.53890562248995
    ],
    "9": [
      87.69452811244979,
      91.81946536144578,
      94.00649472891565,
      91.81946536144578
    ],
    "10": [
      89.21796561244979,
      92.27958709839358,
      93.58982806224898,
      92.27958709839358
    ],
    "11": [
      88.19198669678714,
      92.6832329317269,
      93.72709588353413,
      92.6832329317269
    ],
    "12": [
      90.02259036144578,
      92.54110190763052,
      93.48456325301206,
      92.56118222891565
    ],
    "13": [
      89.35413529116467,
      92.53890562248995,
      93.64787274096385,
      92.53890562248995
    ],
    "14": [
      86.570343875502,
      92.91164658634538,
      94.20290537148594,
      92.91164658634538
    ]
  }
}