{
  "cycle": 24,
  "completed_arch_indices": [
    0,
    1,
    2,
    3,
    4,
    5,
    6,
    7,
    8,
    9,
    10,
    11,
    12,
    13,
    14
  ],
  "cycle_val_results": {
    "0": [
      90.94001004016064,
      88.41616465863453,
      94.26800953815261,
      88.41616465863453
    ],
    "1": [
      86.61866214859438,
      80.4281187248996,
      89.53376004016064,
      80.4281187248996
    ],
    "2": [
      86.257843875502,
      82.07156752008032,
      89.44261420682732,
      82.07156752008032
    ],
    "3": [
      88.72427208835342,
      84.54019201807229,
      90.76587600401606,
      84.54019201807229
    ],
    "4": [
      89.15772464859438,
      84.97364457831326,
      91.03445030120481,
      84.97364457831326
    ],
    "5": [
      89.83104292168674,
      86.60673945783132,
      92.13525978915662,
      86.60673945783132
    ],
    "6": [
      89.89238202811245,
      86.0316265060241,
      91.99909011044177,
      86.0316265060241
    ],
    "7": [
      89.03457580321286,
      86.02456701807229,
      91.94967369477912,
      86.02456701807229
    ],
    "8": [
      86.97995105421687,
      85.19609688755021,
      91.49614081325302,
      85.19609688755021
    ],
    "9": [
      89.08289407630521,
      59.47665662650603,
      92.41795306224898,
      59.47665662650603
    ],
    "10": [
      89.34331074297188,
      85.75709086345381,
      91.99203062248995,
      85.75709086345381
    ],
    "11": [
      89.29718875502007,
      85.99695657630521,
      92.2074234437751,
      85.99695657630521
    ],
    "12": [
      90.1386797188755,
      85.73920682730925,
      91.60846511044177,
      85.73920682730925
    ],
    "13": [
      89.5608998493976,
      85.31704944779116,
      91.70886671686748,
      85.31704944779116
    ],
    "14": [
      88.60708458835342,
      87.3804593373494,
      92.12553338353413,
      87.3804593373494
    ]
  }
}