{
  "cycle": 78,
  "completed_arch_indices": [
    0,
    1,
    2,
    3,
    4,
    5,
    6,
    7,
    8,
    9,
    10,
    11,
    12,
    13,
    14
  ],
  "cycle_val_results": {
    "0": [
      94.28808985943776,
      89.67102786144578,
      95.23484563253012,
      92.39081325301206
    ],
    "1": [
      90.52553965863453,
      89.71118850401606,
      91.75169427710844,
      89.76436997991968
    ],
    "2": [
      91.24168549196787,
      90.26292670682732,
      92.13416164658635,
      90.31501004016064
    ],
    "3": [
      92.38971511044177,
      91.75765562248995,
      92.80528363453816,
      91.75765562248995
    ],
    "4": [
      91.81083709839358,
      91.61442645582329,
      92.63491465863453,
      91.61442645582329
    ],
    "5": [
      92.87964357429719,
      92.26656626506023,
      93.6750125502008,
      92.26656626506023
    ],
    "6": [
      93.36141440763052,
      92.01807228915662,
      93.66089357429719,
      92.08913780120481
    ],
    "7": [
      92.87744728915662,
      92.19926581325302,
      93.70042670682732,
      92.19926581325302
    ],
    "8": [
      92.72935491967873,
      92.30453062248995,
      93.18288780120481,
      92.37669427710844
    ],
    "9": [
      93.22524472891565,
      91.05123619477912,
      93.61696787148594,
      91.05123619477912
    ],
    "10": [
      93.00655747991968,
      91.88080446787149,
      93.3863579317269,
      91.88080446787149
    ],
    "11": [
      93.10099774096385,
      92.25840863453816,
      93.62998870481927,
      92.25840863453816
    ],
    "12": [
      92.96263177710844,
      92.03815261044177,
      93.32125376506023,
      92.05713478915662
    ],
    "13": [
      92.78630145582329,
      92.31268825301206,
      93.55186370481927,
      92.31268825301206
    ],
    "14": [
      93.4015750502008,
      92.41685491967873,
      94.20290537148594,
      92.49497991967873
    ]
  }
}