{
  "cycle": 78,
  "n_archs": 15,
  "spearman_r": 0.38214285714285706,
  "spearman_p": 0.1598236299869673,
  "pearson_r": -0.21729910212166503,
  "pearson_p": 0.43659879758438086,
  "kendall_tau": 0.3142857142857143,
  "kendall_p": 0.11424717239544455,
  "bootstrap_ci_spearman": [
    -0.2823384414350202,
    0.9049446725473939
  ],
  "spearman_r_ema": 0.7678571428571428,
  "spearman_p_ema": 0.0008293296291369939,
  "pearson_r_ema": 0.7370750271108736,
  "pearson_p_ema": 0.0017176691768770666,
  "kendall_tau_ema": 0.6380952380952382,
  "kendall_p_ema": 0.0005320215605847219,
  "bootstrap_ci_spearman_ema": [
    0.32602700684016045,
    0.9709104108232967
  ],
  "spearman_r_best": 0.2821428571428571,
  "spearman_p_best": 0.30828445682005556,
  "pearson_r_best": -0.37895019574116606,
  "pearson_p_best": 0.16363473377136978,
  "kendall_tau_best": 0.23809523809523814,
  "kendall_p_best": 0.23945881568583288,
  "bootstrap_ci_spearman_best": [
    -0.3748284232924747,
    0.8587020402547372
  ],
  "mean_val_acc1": 92.70580237617135,
  "std_val_acc1": 0.9205879517127349,
  "mean_ema_acc1": 91.58425368139224,
  "mean_best_val_acc1": 93.36596385542167,
  "per_arch": [
    {
      "arch_index": 0,
      "nas_quant_acc1": 10.0,
      "val_acc1": 94.28808985943776,
      "ema_acc1": 89.67102786144578,
      "best_val_acc1": 95.23484563253012,
      "best_ema_acc1": 92.39081325301206,
      "epochs_completed": 79,
      "nas_rank": 14,
      "val_rank": 0,
      "ema_rank": 14,
      "best_rank": 0
    },
    {
      "arch_index": 1,
      "nas_quant_acc1": 63.5,
      "val_acc1": 90.52553965863453,
      "ema_acc1": 89.71118850401606,
      "best_val_acc1": 91.75169427710844,
      "best_ema_acc1": 89.76436997991968,
      "epochs_completed": 79,
      "nas_rank": 13,
      "val_rank": 14,
      "ema_rank": 13,
      "best_rank": 14
    },
    {
      "arch_index": 2,
      "nas_quant_acc1": 68.25,
      "val_acc1": 91.24168549196787,
      "ema_acc1": 90.26292670682732,
      "best_val_acc1": 92.13416164658635,
      "best_ema_acc1": 90.31501004016064,
      "epochs_completed": 79,
      "nas_rank": 12,
      "val_rank": 13,
      "ema_rank": 12,
      "best_rank": 13
    },
    {
      "arch_index": 3,
      "nas_quant_acc1": 71.5,
      "val_acc1": 92.38971511044177,
      "ema_acc1": 91.75765562248995,
      "best_val_acc1": 92.80528363453816,
      "best_ema_acc1": 91.75765562248995,
      "epochs_completed": 79,
      "nas_rank": 11,
      "val_rank": 11,
      "ema_rank": 9,
      "best_rank": 11
    },
    {
      "arch_index": 4,
      "nas_quant_acc1": 74.0,
      "val_acc1": 91.81083709839358,
      "ema_acc1": 91.61442645582329,
      "best_val_acc1": 92.63491465863453,
      "best_ema_acc1": 91.61442645582329,
      "epochs_completed": 79,
      "nas_rank": 10,
      "val_rank": 12,
      "ema_rank": 10,
      "best_rank": 12
    },
    {
      "arch_index": 5,
      "nas_quant_acc1": 75.5,
      "val_acc1": 92.87964357429719,
      "ema_acc1": 92.26656626506023,
      "best_val_acc1": 93.6750125502008,
      "best_ema_acc1": 92.26656626506023,
      "epochs_completed": 79,
      "nas_rank": 9,
      "val_rank": 7,
      "ema_rank": 3,
      "best_rank": 3
    },
    {
      "arch_index": 6,
      "nas_quant_acc1": 76.5,
      "val_acc1": 93.36141440763052,
      "ema_acc1": 92.01807228915662,
      "best_val_acc1": 93.66089357429719,
      "best_ema_acc1": 92.08913780120481,
      "epochs_completed": 79,
      "nas_rank": 8,
      "val_rank": 2,
      "ema_rank": 7,
      "best_rank": 4
    },
    {
      "arch_index": 7,
      "nas_quant_acc1": 77.25,
      "val_acc1": 92.87744728915662,
      "ema_acc1": 92.19926581325302,
      "best_val_acc1": 93.70042670682732,
      "best_ema_acc1": 92.19926581325302,
      "epochs_completed": 79,
      "nas_rank": 7,
      "val_rank": 8,
      "ema_rank": 5,
      "best_rank": 2
    },
    {
      "arch_index": 8,
      "nas_quant_acc1": 78.0,
      "val_acc1": 92.72935491967873,
      "ema_acc1": 92.30453062248995,
      "best_val_acc1": 93.18288780120481,
      "best_ema_acc1": 92.37669427710844,
      "epochs_completed": 79,
      "nas_rank": 6,
      "val_rank": 10,
      "ema_rank": 2,
      "best_rank": 10
    },
    {
      "arch_index": 9,
      "nas_quant_acc1": 78.5,
      "val_acc1": 93.22524472891565,
      "ema_acc1": 91.05123619477912,
      "best_val_acc1": 93.61696787148594,
      "best_ema_acc1": 91.05123619477912,
      "epochs_completed": 79,
      "nas_rank": 5,
      "val_rank": 3,
      "ema_rank": 11,
      "best_rank": 6
    },
    {
      "arch_index": 10,
      "nas_quant_acc1": 79.0,
      "val_acc1": 93.00655747991968,
      "ema_acc1": 91.88080446787149,
      "best_val_acc1": 93.3863579317269,
      "best_ema_acc1": 91.88080446787149,
      "epochs_completed": 79,
      "nas_rank": 4,
      "val_rank": 5,
      "ema_rank": 8,
      "best_rank": 8
    },
    {
      "arch_index": 11,
      "nas_quant_acc1": 79.75,
      "val_acc1": 93.10099774096385,
      "ema_acc1": 92.25840863453816,
      "best_val_acc1": 93.62998870481927,
      "best_ema_acc1": 92.25840863453816,
      "epochs_completed": 79,
      "nas_rank": 3,
      "val_rank": 4,
      "ema_rank": 4,
      "best_rank": 5
    },
    {
      "arch_index": 12,
      "nas_quant_acc1": 80.25,
      "val_acc1": 92.96263177710844,
      "ema_acc1": 92.03815261044177,
      "best_val_acc1": 93.32125376506023,
      "best_ema_acc1": 92.05713478915662,
      "epochs_completed": 79,
      "nas_rank": 2,
      "val_rank": 6,
      "ema_rank": 6,
      "best_rank": 9
    },
    {
      "arch_index": 13,
      "nas_quant_acc1": 81.25,
      "val_acc1": 92.78630145582329,
      "ema_acc1": 92.31268825301206,
      "best_val_acc1": 93.55186370481927,
      "best_ema_acc1": 92.31268825301206,
      "epochs_completed": 79,
      "nas_rank": 1,
      "val_rank": 9,
      "ema_rank": 1,
      "best_rank": 7
    },
    {
      "arch_index": 14,
      "nas_quant_acc1": 85.5,
      "val_acc1": 93.4015750502008,
      "ema_acc1": 92.41685491967873,
      "best_val_acc1": 94.20290537148594,
      "best_ema_acc1": 92.49497991967873,
      "epochs_completed": 79,
      "nas_rank": 0,
      "val_rank": 1,
      "ema_rank": 0,
      "best_rank": 1
    }
  ],
  "timestamp": "2026-06-03T22:39:01.386169"
}