{
  "cycle": 5,
  "completed_arch_indices": [
    0,
    1,
    2,
    3,
    4,
    5,
    6,
    7,
    8,
    9,
    10,
    11,
    12,
    13,
    14
  ],
  "cycle_val_results": {
    "0": [
      89.63573042168674,
      37.45356425702811,
      89.63573042168674,
      37.45356425702811
    ],
    "1": [
      83.32376380522088,
      27.144044929718874,
      83.32376380522088,
      27.144044929718874
    ],
    "2": [
      83.59343624497993,
      27.104511797188756,
      83.59343624497993,
      27.104511797188756
    ],
    "3": [
      86.16559989959839,
      28.952999497991968,
      86.16559989959839,
      28.952999497991968
    ],
    "4": [
      85.32144201807229,
      33.28579944779116,
      85.32144201807229,
      33.28579944779116
    ],
    "5": [
      87.61530496987953,
      31.84425200803213,
      87.61530496987953,
      31.84425200803213
    ],
    "6": [
      87.18938253012047,
      28.980139307228914,
      87.18938253012047,
      28.980139307228914
    ],
    "7": [
      86.77867720883533,
      31.125909889558233,
      86.77867720883533,
      31.125909889558233
    ],
    "8": [
      86.63984061244979,
      31.930534638554217,
      86.63984061244979,
      31.930534638554217
    ],
    "9": [
      87.44007279116467,
      19.350370230923698,
      87.44007279116467,
      19.350370230923698
    ],
    "10": [
      85.95946285140562,
      31.49488579317269,
      85.95946285140562,
      31.49488579317269
    ],
    "11": [
      86.37612951807229,
      32.05478162650602,
      86.37612951807229,
      32.05478162650602
    ],
    "12": [
      85.43643323293172,
      32.0503890562249,
      85.43643323293172,
      32.0503890562249
    ],
    "13": [
      86.98810868473896,
      31.36624623493976,
      86.98810868473896,
      31.36624623493976
    ],
    "14": [
      87.71790286144578,
      30.014746485943775,
      87.71790286144578,
      30.014746485943775
    ]
  }
}