{
  "cycle": 5,
  "n_archs": 15,
  "spearman_r": 0.22142857142857136,
  "spearman_p": 0.42771371901637,
  "pearson_r": -0.33895323563648344,
  "pearson_p": 0.21650812269098893,
  "kendall_tau": 0.1619047619047619,
  "kendall_p": 0.43511891093211363,
  "bootstrap_ci_spearman": [
    -0.46909260832625327,
    0.8232098949778508
  ],
  "spearman_r_ema": 0.09285714285714285,
  "spearman_p_ema": 0.742045009907367,
  "pearson_r_ema": -0.4162247380982048,
  "pearson_p_ema": 0.12278321511707097,
  "kendall_tau_ema": 0.06666666666666668,
  "kendall_p_ema": 0.770495669755301,
  "bootstrap_ci_spearman_ema": [
    -0.5227728480473254,
    0.6957241048593342
  ],
  "spearman_r_best": 0.22142857142857136,
  "spearman_p_best": 0.42771371901637,
  "pearson_r_best": -0.33895323563648344,
  "pearson_p_best": 0.21650812269098893,
  "kendall_tau_best": 0.1619047619047619,
  "kendall_p_best": 0.43511891093211363,
  "bootstrap_ci_spearman_best": [
    -0.4423852763727224,
    0.8161774642289349
  ],
  "mean_val_acc1": 86.41208584337349,
  "std_val_acc1": 1.594961398787802,
  "mean_ema_acc1": 30.276878346720213,
  "mean_best_val_acc1": 86.41208584337349,
  "per_arch": [
    {
      "arch_index": 0,
      "nas_quant_acc1": 10.0,
      "val_acc1": 89.63573042168674,
      "ema_acc1": 37.45356425702811,
      "best_val_acc1": 89.63573042168674,
      "best_ema_acc1": 37.45356425702811,
      "epochs_completed": 6,
      "nas_rank": 14,
      "val_rank": 0,
      "ema_rank": 0,
      "best_rank": 0
    },
    {
      "arch_index": 1,
      "nas_quant_acc1": 63.5,
      "val_acc1": 83.32376380522088,
      "ema_acc1": 27.144044929718874,
      "best_val_acc1": 83.32376380522088,
      "best_ema_acc1": 27.144044929718874,
      "epochs_completed": 6,
      "nas_rank": 13,
      "val_rank": 14,
      "ema_rank": 12,
      "best_rank": 14
    },
    {
      "arch_index": 2,
      "nas_quant_acc1": 68.25,
      "val_acc1": 83.59343624497993,
      "ema_acc1": 27.104511797188756,
      "best_val_acc1": 83.59343624497993,
      "best_ema_acc1": 27.104511797188756,
      "epochs_completed": 6,
      "nas_rank": 12,
      "val_rank": 13,
      "ema_rank": 13,
      "best_rank": 13
    },
    {
      "arch_index": 3,
      "nas_quant_acc1": 71.5,
      "val_acc1": 86.16559989959839,
      "ema_acc1": 28.952999497991968,
      "best_val_acc1": 86.16559989959839,
      "best_ema_acc1": 28.952999497991968,
      "epochs_completed": 6,
      "nas_rank": 11,
      "val_rank": 9,
      "ema_rank": 11,
      "best_rank": 9
    },
    {
      "arch_index": 4,
      "nas_quant_acc1": 74.0,
      "val_acc1": 85.32144201807229,
      "ema_acc1": 33.28579944779116,
      "best_val_acc1": 85.32144201807229,
      "best_ema_acc1": 33.28579944779116,
      "epochs_completed": 6,
      "nas_rank": 10,
      "val_rank": 12,
      "ema_rank": 1,
      "best_rank": 12
    },
    {
      "arch_index": 5,
      "nas_quant_acc1": 75.5,
      "val_acc1": 87.61530496987953,
      "ema_acc1": 31.84425200803213,
      "best_val_acc1": 87.61530496987953,
      "best_ema_acc1": 31.84425200803213,
      "epochs_completed": 6,
      "nas_rank": 9,
      "val_rank": 2,
      "ema_rank": 5,
      "best_rank": 2
    },
    {
      "arch_index": 6,
      "nas_quant_acc1": 76.5,
      "val_acc1": 87.18938253012047,
      "ema_acc1": 28.980139307228914,
      "best_val_acc1": 87.18938253012047,
      "best_ema_acc1": 28.980139307228914,
      "epochs_completed": 6,
      "nas_rank": 8,
      "val_rank": 4,
      "ema_rank": 10,
      "best_rank": 4
    },
    {
      "arch_index": 7,
      "nas_quant_acc1": 77.25,
      "val_acc1": 86.77867720883533,
      "ema_acc1": 31.125909889558233,
      "best_val_acc1": 86.77867720883533,
      "best_ema_acc1": 31.125909889558233,
      "epochs_completed": 6,
      "nas_rank": 7,
      "val_rank": 6,
      "ema_rank": 8,
      "best_rank": 6
    },
    {
      "arch_index": 8,
      "nas_quant_acc1": 78.0,
      "val_acc1": 86.63984061244979,
      "ema_acc1": 31.930534638554217,
      "best_val_acc1": 86.63984061244979,
      "best_ema_acc1": 31.930534638554217,
      "epochs_completed": 6,
      "nas_rank": 6,
      "val_rank": 7,
      "ema_rank": 4,
      "best_rank": 7
    },
    {
      "arch_index": 9,
      "nas_quant_acc1": 78.5,
      "val_acc1": 87.44007279116467,
      "ema_acc1": 19.350370230923698,
      "best_val_acc1": 87.44007279116467,
      "best_ema_acc1": 19.350370230923698,
      "epochs_completed": 6,
      "nas_rank": 5,
      "val_rank": 3,
      "ema_rank": 14,
      "best_rank": 3
    },
    {
      "arch_index": 10,
      "nas_quant_acc1": 79.0,
      "val_acc1": 85.95946285140562,
      "ema_acc1": 31.49488579317269,
      "best_val_acc1": 85.95946285140562,
      "best_ema_acc1": 31.49488579317269,
      "epochs_completed": 6,
      "nas_rank": 4,
      "val_rank": 10,
      "ema_rank": 6,
      "best_rank": 10
    },
    {
      "arch_index": 11,
      "nas_quant_acc1": 79.75,
      "val_acc1": 86.37612951807229,
      "ema_acc1": 32.05478162650602,
      "best_val_acc1": 86.37612951807229,
      "best_ema_acc1": 32.05478162650602,
      "epochs_completed": 6,
      "nas_rank": 3,
      "val_rank": 8,
      "ema_rank": 2,
      "best_rank": 8
    },
    {
      "arch_index": 12,
      "nas_quant_acc1": 80.25,
      "val_acc1": 85.43643323293172,
      "ema_acc1": 32.0503890562249,
      "best_val_acc1": 85.43643323293172,
      "best_ema_acc1": 32.0503890562249,
      "epochs_completed": 6,
      "nas_rank": 2,
      "val_rank": 11,
      "ema_rank": 3,
      "best_rank": 11
    },
    {
      "arch_index": 13,
      "nas_quant_acc1": 81.25,
      "val_acc1": 86.98810868473896,
      "ema_acc1": 31.36624623493976,
      "best_val_acc1": 86.98810868473896,
      "best_ema_acc1": 31.36624623493976,
      "epochs_completed": 6,
      "nas_rank": 1,
      "val_rank": 5,
      "ema_rank": 7,
      "best_rank": 5
    },
    {
      "arch_index": 14,
      "nas_quant_acc1": 85.5,
      "val_acc1": 87.71790286144578,
      "ema_acc1": 30.014746485943775,
      "best_val_acc1": 87.71790286144578,
      "best_ema_acc1": 30.014746485943775,
      "epochs_completed": 6,
      "nas_rank": 0,
      "val_rank": 1,
      "ema_rank": 9,
      "best_rank": 1
    }
  ],
  "timestamp": "2026-06-03T13:24:07.191824"
}