{
  "cycle": 27,
  "completed_arch_indices": [
    0,
    1,
    2,
    3,
    4,
    5,
    6,
    7,
    8,
    9,
    10,
    11,
    12,
    13,
    14
  ],
  "cycle_val_results": {
    "0": [
      93.47860190763052,
      89.6683609437751,
      94.26800953815261,
      89.6683609437751
    ],
    "1": [
      88.82467369477912,
      82.68511546184739,
      89.53376004016064,
      82.68511546184739
    ],
    "2": [
      90.03561119477912,
      83.80553463855422,
      90.03561119477912,
      83.80553463855422
    ],
    "3": [
      90.94377510040161,
      86.18411144578313,
      90.94377510040161,
      86.18411144578313
    ],
    "4": [
      90.3953313253012,
      86.10379016064257,
      91.03445030120481,
      86.10379016064257
    ],
    "5": [
      92.13745607429719,
      87.97722138554217,
      92.13745607429719,
      87.97722138554217
    ],
    "6": [
      91.4890813253012,
      87.36084964859438,
      91.99909011044177,
      87.36084964859438
    ],
    "7": [
      91.0203313253012,
      87.14765311244979,
      91.94967369477912,
      87.14765311244979
    ],
    "8": [
      90.52444151606427,
      86.92739708835342,
      91.49614081325302,
      86.92739708835342
    ],
    "9": [
      91.67247113453816,
      67.44509287148594,
      92.41795306224898,
      67.44509287148594
    ],
    "10": [
      91.25690261044177,
      87.09447163654619,
      91.99203062248995,
      87.09447163654619
    ],
    "11": [
      91.99909011044177,
      87.66581952811245,
      92.2074234437751,
      87.66581952811245
    ],
    "12": [
      90.94330446787149,
      87.54643574297188,
      91.60846511044177,
      87.54643574297188
    ],
    "13": [
      90.30795055220884,
      86.92033760040161,
      91.70886671686748,
      86.92033760040161
    ],
    "14": [
      92.27958709839358,
      88.52252761044177,
      92.27958709839358,
      88.52252761044177
    ]
  }
}