{
  "cycle": 27,
  "n_archs": 15,
  "spearman_r": 0.18214285714285713,
  "spearman_p": 0.5158816817070392,
  "pearson_r": -0.3758075309652375,
  "pearson_p": 0.1674444471167973,
  "kendall_tau": 0.1619047619047619,
  "kendall_p": 0.43511891093211363,
  "bootstrap_ci_spearman": [
    -0.4764346539536413,
    0.8155598605571186
  ],
  "spearman_r_ema": 0.25,
  "spearman_p_ema": 0.36884629178393047,
  "pearson_r_ema": -0.1590080740266026,
  "pearson_p_ema": 0.5713727423546244,
  "kendall_tau_ema": 0.20000000000000004,
  "kendall_p_ema": 0.3282335876694342,
  "bootstrap_ci_spearman_ema": [
    -0.4113782911035555,
    0.8300180831826401
  ],
  "spearman_r_best": 0.33571428571428563,
  "spearman_p_best": 0.22121153763932594,
  "pearson_r_best": -0.4182716828323297,
  "pearson_p_best": 0.12076583584114015,
  "kendall_tau_best": 0.29523809523809524,
  "kendall_p_best": 0.13946285911906778,
  "bootstrap_ci_spearman_best": [
    -0.3125604281767956,
    0.891314157902998
  ],
  "mean_val_acc1": 91.15390729585008,
  "std_val_acc1": 1.108876355885392,
  "mean_ema_acc1": 85.5369812583668,
  "mean_best_val_acc1": 91.70748619477914,
  "per_arch": [
    {
      "arch_index": 0,
      "nas_quant_acc1": 10.0,
      "val_acc1": 93.47860190763052,
      "ema_acc1": 89.6683609437751,
      "best_val_acc1": 94.26800953815261,
      "best_ema_acc1": 89.6683609437751,
      "epochs_completed": 28,
      "nas_rank": 14,
      "val_rank": 0,
      "ema_rank": 0,
      "best_rank": 0
    },
    {
      "arch_index": 1,
      "nas_quant_acc1": 63.5,
      "val_acc1": 88.82467369477912,
      "ema_acc1": 82.68511546184739,
      "best_val_acc1": 89.53376004016064,
      "best_ema_acc1": 82.68511546184739,
      "epochs_completed": 28,
      "nas_rank": 13,
      "val_rank": 14,
      "ema_rank": 13,
      "best_rank": 14
    },
    {
      "arch_index": 2,
      "nas_quant_acc1": 68.25,
      "val_acc1": 90.03561119477912,
      "ema_acc1": 83.80553463855422,
      "best_val_acc1": 90.03561119477912,
      "best_ema_acc1": 83.80553463855422,
      "epochs_completed": 28,
      "nas_rank": 12,
      "val_rank": 13,
      "ema_rank": 12,
      "best_rank": 13
    },
    {
      "arch_index": 3,
      "nas_quant_acc1": 71.5,
      "val_acc1": 90.94377510040161,
      "ema_acc1": 86.18411144578313,
      "best_val_acc1": 90.94377510040161,
      "best_ema_acc1": 86.18411144578313,
      "epochs_completed": 28,
      "nas_rank": 11,
      "val_rank": 8,
      "ema_rank": 10,
      "best_rank": 12
    },
    {
      "arch_index": 4,
      "nas_quant_acc1": 74.0,
      "val_acc1": 90.3953313253012,
      "ema_acc1": 86.10379016064257,
      "best_val_acc1": 91.03445030120481,
      "best_ema_acc1": 86.10379016064257,
      "epochs_completed": 28,
      "nas_rank": 10,
      "val_rank": 11,
      "ema_rank": 11,
      "best_rank": 11
    },
    {
      "arch_index": 5,
      "nas_quant_acc1": 75.5,
      "val_acc1": 92.13745607429719,
      "ema_acc1": 87.97722138554217,
      "best_val_acc1": 92.13745607429719,
      "best_ema_acc1": 87.97722138554217,
      "epochs_completed": 28,
      "nas_rank": 9,
      "val_rank": 2,
      "ema_rank": 2,
      "best_rank": 4
    },
    {
      "arch_index": 6,
      "nas_quant_acc1": 76.5,
      "val_acc1": 91.4890813253012,
      "ema_acc1": 87.36084964859438,
      "best_val_acc1": 91.99909011044177,
      "best_ema_acc1": 87.36084964859438,
      "epochs_completed": 28,
      "nas_rank": 8,
      "val_rank": 5,
      "ema_rank": 5,
      "best_rank": 5
    },
    {
      "arch_index": 7,
      "nas_quant_acc1": 77.25,
      "val_acc1": 91.0203313253012,
      "ema_acc1": 87.14765311244979,
      "best_val_acc1": 91.94967369477912,
      "best_ema_acc1": 87.14765311244979,
      "epochs_completed": 28,
      "nas_rank": 7,
      "val_rank": 7,
      "ema_rank": 6,
      "best_rank": 7
    },
    {
      "arch_index": 8,
      "nas_quant_acc1": 78.0,
      "val_acc1": 90.52444151606427,
      "ema_acc1": 86.92739708835342,
      "best_val_acc1": 91.49614081325302,
      "best_ema_acc1": 86.92739708835342,
      "epochs_completed": 28,
      "nas_rank": 6,
      "val_rank": 10,
      "ema_rank": 8,
      "best_rank": 10
    },
    {
      "arch_index": 9,
      "nas_quant_acc1": 78.5,
      "val_acc1": 91.67247113453816,
      "ema_acc1": 67.44509287148594,
      "best_val_acc1": 92.41795306224898,
      "best_ema_acc1": 67.44509287148594,
      "epochs_completed": 28,
      "nas_rank": 5,
      "val_rank": 4,
      "ema_rank": 14,
      "best_rank": 1
    },
    {
      "arch_index": 10,
      "nas_quant_acc1": 79.0,
      "val_acc1": 91.25690261044177,
      "ema_acc1": 87.09447163654619,
      "best_val_acc1": 91.99203062248995,
      "best_ema_acc1": 87.09447163654619,
      "epochs_completed": 28,
      "nas_rank": 4,
      "val_rank": 6,
      "ema_rank": 7,
      "best_rank": 6
    },
    {
      "arch_index": 11,
      "nas_quant_acc1": 79.75,
      "val_acc1": 91.99909011044177,
      "ema_acc1": 87.66581952811245,
      "best_val_acc1": 92.2074234437751,
      "best_ema_acc1": 87.66581952811245,
      "epochs_completed": 28,
      "nas_rank": 3,
      "val_rank": 3,
      "ema_rank": 3,
      "best_rank": 3
    },
    {
      "arch_index": 12,
      "nas_quant_acc1": 80.25,
      "val_acc1": 90.94330446787149,
      "ema_acc1": 87.54643574297188,
      "best_val_acc1": 91.60846511044177,
      "best_ema_acc1": 87.54643574297188,
      "epochs_completed": 28,
      "nas_rank": 2,
      "val_rank": 9,
      "ema_rank": 4,
      "best_rank": 9
    },
    {
      "arch_index": 13,
      "nas_quant_acc1": 81.25,
      "val_acc1": 90.30795055220884,
      "ema_acc1": 86.92033760040161,
      "best_val_acc1": 91.70886671686748,
      "best_ema_acc1": 86.92033760040161,
      "epochs_completed": 28,
      "nas_rank": 1,
      "val_rank": 12,
      "ema_rank": 9,
      "best_rank": 8
    },
    {
      "arch_index": 14,
      "nas_quant_acc1": 85.5,
      "val_acc1": 92.27958709839358,
      "ema_acc1": 88.52252761044177,
      "best_val_acc1": 92.27958709839358,
      "best_ema_acc1": 88.52252761044177,
      "epochs_completed": 28,
      "nas_rank": 0,
      "val_rank": 1,
      "ema_rank": 1,
      "best_rank": 2
    }
  ],
  "timestamp": "2026-06-03T15:06:42.154324"
}