{
  "cycle": 26,
  "completed_arch_indices": [
    0,
    1,
    2,
    3,
    4,
    5,
    6,
    7,
    8,
    9,
    10,
    11,
    12,
    13,
    14
  ],
  "cycle_val_results": {
    "0": [
      90.79834964859438,
      89.27663780120481,
      94.26800953815261,
      89.27663780120481
    ],
    "1": [
      88.29458458835342,
      82.00097264056224,
      89.53376004016064,
      82.00097264056224
    ],
    "2": [
      88.02601029116467,
      83.19951681726907,
      89.44261420682732,
      83.19951681726907
    ],
    "3": [
      89.81802208835342,
      85.70830195783132,
      90.76587600401606,
      85.70830195783132
    ],
    "4": [
      90.33022715863453,
      85.63880522088354,
      91.03445030120481,
      85.63880522088354
    ],
    "5": [
      91.3480484437751,
      87.53937625502007,
      92.13525978915662,
      87.53937625502007
    ],
    "6": [
      91.11147715863453,
      86.95014432730925,
      91.99909011044177,
      86.95014432730925
    ],
    "7": [
      91.09516189759036,
      86.77491214859438,
      91.94967369477912,
      86.77491214859438
    ],
    "8": [
      90.58954568273093,
      86.56657881526104,
      91.49614081325302,
      86.56657881526104
    ],
    "9": [
      90.4121172188755,
      64.8972452309237,
      92.41795306224898,
      64.8972452309237
    ],
    "10": [
      90.9351468373494,
      86.78683483935743,
      91.99203062248995,
      86.78683483935743
    ],
    "11": [
      90.78109312248995,
      87.24915286144578,
      92.2074234437751,
      87.24915286144578
    ],
    "12": [
      90.80384036144578,
      86.93445657630521,
      91.60846511044177,
      86.93445657630521
    ],
    "13": [
      90.23798318273093,
      86.37722766064257,
      91.70886671686748,
      86.37722766064257
    ],
    "14": [
      91.71263177710844,
      88.2230484437751,
      92.12553338353413,
      88.2230484437751
    ]
  }
}