{
  "cycle": 26,
  "n_archs": 15,
  "spearman_r": 0.4107142857142856,
  "spearman_p": 0.12832864601574887,
  "pearson_r": 0.15419152811649495,
  "pearson_p": 0.5832302280460404,
  "kendall_tau": 0.2571428571428572,
  "kendall_p": 0.20184282422518202,
  "bootstrap_ci_spearman": [
    -0.21164426632781058,
    0.8191958517058094
  ],
  "spearman_r_ema": 0.23928571428571427,
  "spearman_p_ema": 0.39037931192023567,
  "pearson_r_ema": -0.1529429406470187,
  "pearson_p_ema": 0.5863203911696547,
  "kendall_tau_ema": 0.20000000000000004,
  "kendall_p_ema": 0.3282335876694342,
  "bootstrap_ci_spearman_ema": [
    -0.41240875912408753,
    0.819185292788001
  ],
  "spearman_r_best": 0.28928571428571426,
  "spearman_p_best": 0.29566536100437785,
  "pearson_r_best": -0.3902783262774281,
  "pearson_p_best": 0.15038026094527018,
  "kendall_tau_best": 0.23809523809523814,
  "kendall_p_best": 0.23945881568583288,
  "bootstrap_ci_spearman_best": [
    -0.3503350836888743,
    0.8469945355191257
  ],
  "mean_val_acc1": 90.41961596385542,
  "std_val_acc1": 1.029332349992556,
  "mean_ema_acc1": 84.94154743975902,
  "mean_best_val_acc1": 91.6456764558233,
  "per_arch": [
    {
      "arch_index": 0,
      "nas_quant_acc1": 10.0,
      "val_acc1": 90.79834964859438,
      "ema_acc1": 89.27663780120481,
      "best_val_acc1": 94.26800953815261,
      "best_ema_acc1": 89.27663780120481,
      "epochs_completed": 27,
      "nas_rank": 14,
      "val_rank": 6,
      "ema_rank": 0,
      "best_rank": 0
    },
    {
      "arch_index": 1,
      "nas_quant_acc1": 63.5,
      "val_acc1": 88.29458458835342,
      "ema_acc1": 82.00097264056224,
      "best_val_acc1": 89.53376004016064,
      "best_ema_acc1": 82.00097264056224,
      "epochs_completed": 27,
      "nas_rank": 13,
      "val_rank": 13,
      "ema_rank": 13,
      "best_rank": 13
    },
    {
      "arch_index": 2,
      "nas_quant_acc1": 68.25,
      "val_acc1": 88.02601029116467,
      "ema_acc1": 83.19951681726907,
      "best_val_acc1": 89.44261420682732,
      "best_ema_acc1": 83.19951681726907,
      "epochs_completed": 27,
      "nas_rank": 12,
      "val_rank": 14,
      "ema_rank": 12,
      "best_rank": 14
    },
    {
      "arch_index": 3,
      "nas_quant_acc1": 71.5,
      "val_acc1": 89.81802208835342,
      "ema_acc1": 85.70830195783132,
      "best_val_acc1": 90.76587600401606,
      "best_ema_acc1": 85.70830195783132,
      "epochs_completed": 27,
      "nas_rank": 11,
      "val_rank": 12,
      "ema_rank": 10,
      "best_rank": 12
    },
    {
      "arch_index": 4,
      "nas_quant_acc1": 74.0,
      "val_acc1": 90.33022715863453,
      "ema_acc1": 85.63880522088354,
      "best_val_acc1": 91.03445030120481,
      "best_ema_acc1": 85.63880522088354,
      "epochs_completed": 27,
      "nas_rank": 10,
      "val_rank": 10,
      "ema_rank": 11,
      "best_rank": 11
    },
    {
      "arch_index": 5,
      "nas_quant_acc1": 75.5,
      "val_acc1": 91.3480484437751,
      "ema_acc1": 87.53937625502007,
      "best_val_acc1": 92.13525978915662,
      "best_ema_acc1": 87.53937625502007,
      "epochs_completed": 27,
      "nas_rank": 9,
      "val_rank": 1,
      "ema_rank": 2,
      "best_rank": 3
    },
    {
      "arch_index": 6,
      "nas_quant_acc1": 76.5,
      "val_acc1": 91.11147715863453,
      "ema_acc1": 86.95014432730925,
      "best_val_acc1": 91.99909011044177,
      "best_ema_acc1": 86.95014432730925,
      "epochs_completed": 27,
      "nas_rank": 8,
      "val_rank": 2,
      "ema_rank": 4,
      "best_rank": 5
    },
    {
      "arch_index": 7,
      "nas_quant_acc1": 77.25,
      "val_acc1": 91.09516189759036,
      "ema_acc1": 86.77491214859438,
      "best_val_acc1": 91.94967369477912,
      "best_ema_acc1": 86.77491214859438,
      "epochs_completed": 27,
      "nas_rank": 7,
      "val_rank": 3,
      "ema_rank": 7,
      "best_rank": 7
    },
    {
      "arch_index": 8,
      "nas_quant_acc1": 78.0,
      "val_acc1": 90.58954568273093,
      "ema_acc1": 86.56657881526104,
      "best_val_acc1": 91.49614081325302,
      "best_ema_acc1": 86.56657881526104,
      "epochs_completed": 27,
      "nas_rank": 6,
      "val_rank": 8,
      "ema_rank": 8,
      "best_rank": 10
    },
    {
      "arch_index": 9,
      "nas_quant_acc1": 78.5,
      "val_acc1": 90.4121172188755,
      "ema_acc1": 64.8972452309237,
      "best_val_acc1": 92.41795306224898,
      "best_ema_acc1": 64.8972452309237,
      "epochs_completed": 27,
      "nas_rank": 5,
      "val_rank": 9,
      "ema_rank": 14,
      "best_rank": 1
    },
    {
      "arch_index": 10,
      "nas_quant_acc1": 79.0,
      "val_acc1": 90.9351468373494,
      "ema_acc1": 86.78683483935743,
      "best_val_acc1": 91.99203062248995,
      "best_ema_acc1": 86.78683483935743,
      "epochs_completed": 27,
      "nas_rank": 4,
      "val_rank": 4,
      "ema_rank": 6,
      "best_rank": 6
    },
    {
      "arch_index": 11,
      "nas_quant_acc1": 79.75,
      "val_acc1": 90.78109312248995,
      "ema_acc1": 87.24915286144578,
      "best_val_acc1": 92.2074234437751,
      "best_ema_acc1": 87.24915286144578,
      "epochs_completed": 27,
      "nas_rank": 3,
      "val_rank": 7,
      "ema_rank": 3,
      "best_rank": 2
    },
    {
      "arch_index": 12,
      "nas_quant_acc1": 80.25,
      "val_acc1": 90.80384036144578,
      "ema_acc1": 86.93445657630521,
      "best_val_acc1": 91.60846511044177,
      "best_ema_acc1": 86.93445657630521,
      "epochs_completed": 27,
      "nas_rank": 2,
      "val_rank": 5,
      "ema_rank": 5,
      "best_rank": 9
    },
    {
      "arch_index": 13,
      "nas_quant_acc1": 81.25,
      "val_acc1": 90.23798318273093,
      "ema_acc1": 86.37722766064257,
      "best_val_acc1": 91.70886671686748,
      "best_ema_acc1": 86.37722766064257,
      "epochs_completed": 27,
      "nas_rank": 1,
      "val_rank": 11,
      "ema_rank": 9,
      "best_rank": 8
    },
    {
      "arch_index": 14,
      "nas_quant_acc1": 85.5,
      "val_acc1": 91.71263177710844,
      "ema_acc1": 88.2230484437751,
      "best_val_acc1": 92.12553338353413,
      "best_ema_acc1": 88.2230484437751,
      "epochs_completed": 27,
      "nas_rank": 0,
      "val_rank": 0,
      "ema_rank": 1,
      "best_rank": 4
    }
  ],
  "timestamp": "2026-06-03T15:02:03.962815"
}