{
  "cycle": 7,
  "completed_arch_indices": [
    0,
    1,
    2,
    3,
    4,
    5,
    6,
    7,
    8,
    9,
    10,
    11,
    12,
    13,
    14
  ],
  "cycle_val_results": {
    "0": [
      90.80650727911646,
      53.12233308232932,
      90.80650727911646,
      53.12233308232932
    ],
    "1": [
      85.97248368473896,
      34.33719252008032,
      85.97248368473896,
      34.33719252008032
    ],
    "2": [
      85.36050451807229,
      35.79066265060241,
      85.36050451807229,
      35.79066265060241
    ],
    "3": [
      87.62016817269075,
      38.27826932730923,
      87.62016817269075,
      38.27826932730923
    ],
    "4": [
      87.37387048192771,
      43.28548569277108,
      87.37387048192771,
      43.28548569277108
    ],
    "5": [
      89.30424824297188,
      41.9117093373494,
      89.30424824297188,
      41.9117093373494
    ],
    "6": [
      88.22242093373494,
      38.0922126004016,
      88.22242093373494,
      38.0922126004016
    ],
    "7": [
      88.61084964859438,
      40.079536897590366,
      88.61084964859438,
      40.079536897590366
    ],
    "8": [
      88.22838227911646,
      40.00737324297189,
      88.22838227911646,
      40.00737324297189
    ],
    "9": [
      88.59516189759036,
      21.79561997991968,
      88.81651606425703,
      21.79561997991968
    ],
    "10": [
      88.92664407630521,
      40.23421812248996,
      88.92664407630521,
      40.23421812248996
    ],
    "11": [
      89.13011420682732,
      41.460372740963855,
      89.13011420682732,
      41.460372740963855
    ],
    "12": [
      88.57021837349399,
      41.20042670682731,
      88.57021837349399,
      41.20042670682731
    ],
    "13": [
      88.56096260040161,
      39.05795055220884,
      88.56096260040161,
      39.05795055220884
    ],
    "14": [
      89.45453689759036,
      39.40245356425703,
      89.45453689759036,
      39.40245356425703
    ]
  }
}