{
  "cycle": 7,
  "n_archs": 15,
  "spearman_r": 0.38214285714285706,
  "spearman_p": 0.1598236299869673,
  "pearson_r": -0.2619216799937518,
  "pearson_p": 0.3456702216531944,
  "kendall_tau": 0.33333333333333337,
  "kendall_p": 0.09264256691158146,
  "bootstrap_ci_spearman": [
    -0.2868683155080214,
    0.9089417879623314
  ],
  "spearman_r_ema": 0.014285714285714282,
  "spearman_p_ema": 0.9596997645989476,
  "pearson_r_ema": -0.5340892657009059,
  "pearson_p_ema": 0.04028537453610056,
  "kendall_tau_ema": 0.009523809523809525,
  "kendall_p_ema": 1.0,
  "bootstrap_ci_spearman_ema": [
    -0.6218524374176548,
    0.6503167597429885
  ],
  "spearman_r_best": 0.38928571428571423,
  "spearman_p_best": 0.15151193679039388,
  "pearson_r_best": -0.2567668636329921,
  "pearson_p_best": 0.3555891332936477,
  "kendall_tau_best": 0.3523809523809524,
  "kendall_p_best": 0.07433498084899375,
  "bootstrap_ci_spearman_best": [
    -0.266456762793666,
    0.9132007233273056
  ],
  "mean_val_acc1": 88.31580488621151,
  "std_val_acc1": 1.347376879909702,
  "mean_ema_acc1": 39.203721134538156,
  "mean_best_val_acc1": 88.33056183065595,
  "per_arch": [
    {
      "arch_index": 0,
      "nas_quant_acc1": 10.0,
      "val_acc1": 90.80650727911646,
      "ema_acc1": 53.12233308232932,
      "best_val_acc1": 90.80650727911646,
      "best_ema_acc1": 53.12233308232932,
      "epochs_completed": 8,
      "nas_rank": 14,
      "val_rank": 0,
      "ema_rank": 0,
      "best_rank": 0
    },
    {
      "arch_index": 1,
      "nas_quant_acc1": 63.5,
      "val_acc1": 85.97248368473896,
      "ema_acc1": 34.33719252008032,
      "best_val_acc1": 85.97248368473896,
      "best_ema_acc1": 34.33719252008032,
      "epochs_completed": 8,
      "nas_rank": 13,
      "val_rank": 13,
      "ema_rank": 13,
      "best_rank": 13
    },
    {
      "arch_index": 2,
      "nas_quant_acc1": 68.25,
      "val_acc1": 85.36050451807229,
      "ema_acc1": 35.79066265060241,
      "best_val_acc1": 85.36050451807229,
      "best_ema_acc1": 35.79066265060241,
      "epochs_completed": 8,
      "nas_rank": 12,
      "val_rank": 14,
      "ema_rank": 12,
      "best_rank": 14
    },
    {
      "arch_index": 3,
      "nas_quant_acc1": 71.5,
      "val_acc1": 87.62016817269075,
      "ema_acc1": 38.27826932730923,
      "best_val_acc1": 87.62016817269075,
      "best_ema_acc1": 38.27826932730923,
      "epochs_completed": 8,
      "nas_rank": 11,
      "val_rank": 11,
      "ema_rank": 10,
      "best_rank": 11
    },
    {
      "arch_index": 4,
      "nas_quant_acc1": 74.0,
      "val_acc1": 87.37387048192771,
      "ema_acc1": 43.28548569277108,
      "best_val_acc1": 87.37387048192771,
      "best_ema_acc1": 43.28548569277108,
      "epochs_completed": 8,
      "nas_rank": 10,
      "val_rank": 12,
      "ema_rank": 1,
      "best_rank": 12
    },
    {
      "arch_index": 5,
      "nas_quant_acc1": 75.5,
      "val_acc1": 89.30424824297188,
      "ema_acc1": 41.9117093373494,
      "best_val_acc1": 89.30424824297188,
      "best_ema_acc1": 41.9117093373494,
      "epochs_completed": 8,
      "nas_rank": 9,
      "val_rank": 2,
      "ema_rank": 2,
      "best_rank": 2
    },
    {
      "arch_index": 6,
      "nas_quant_acc1": 76.5,
      "val_acc1": 88.22242093373494,
      "ema_acc1": 38.0922126004016,
      "best_val_acc1": 88.22242093373494,
      "best_ema_acc1": 38.0922126004016,
      "epochs_completed": 8,
      "nas_rank": 8,
      "val_rank": 10,
      "ema_rank": 11,
      "best_rank": 10
    },
    {
      "arch_index": 7,
      "nas_quant_acc1": 77.25,
      "val_acc1": 88.61084964859438,
      "ema_acc1": 40.079536897590366,
      "best_val_acc1": 88.61084964859438,
      "best_ema_acc1": 40.079536897590366,
      "epochs_completed": 8,
      "nas_rank": 7,
      "val_rank": 5,
      "ema_rank": 6,
      "best_rank": 6
    },
    {
      "arch_index": 8,
      "nas_quant_acc1": 78.0,
      "val_acc1": 88.22838227911646,
      "ema_acc1": 40.00737324297189,
      "best_val_acc1": 88.22838227911646,
      "best_ema_acc1": 40.00737324297189,
      "epochs_completed": 8,
      "nas_rank": 6,
      "val_rank": 9,
      "ema_rank": 7,
      "best_rank": 9
    },
    {
      "arch_index": 9,
      "nas_quant_acc1": 78.5,
      "val_acc1": 88.59516189759036,
      "ema_acc1": 21.79561997991968,
      "best_val_acc1": 88.81651606425703,
      "best_ema_acc1": 21.79561997991968,
      "epochs_completed": 8,
      "nas_rank": 5,
      "val_rank": 6,
      "ema_rank": 14,
      "best_rank": 5
    },
    {
      "arch_index": 10,
      "nas_quant_acc1": 79.0,
      "val_acc1": 88.92664407630521,
      "ema_acc1": 40.23421812248996,
      "best_val_acc1": 88.92664407630521,
      "best_ema_acc1": 40.23421812248996,
      "epochs_completed": 8,
      "nas_rank": 4,
      "val_rank": 4,
      "ema_rank": 5,
      "best_rank": 4
    },
    {
      "arch_index": 11,
      "nas_quant_acc1": 79.75,
      "val_acc1": 89.13011420682732,
      "ema_acc1": 41.460372740963855,
      "best_val_acc1": 89.13011420682732,
      "best_ema_acc1": 41.460372740963855,
      "epochs_completed": 8,
      "nas_rank": 3,
      "val_rank": 3,
      "ema_rank": 3,
      "best_rank": 3
    },
    {
      "arch_index": 12,
      "nas_quant_acc1": 80.25,
      "val_acc1": 88.57021837349399,
      "ema_acc1": 41.20042670682731,
      "best_val_acc1": 88.57021837349399,
      "best_ema_acc1": 41.20042670682731,
      "epochs_completed": 8,
      "nas_rank": 2,
      "val_rank": 7,
      "ema_rank": 4,
      "best_rank": 7
    },
    {
      "arch_index": 13,
      "nas_quant_acc1": 81.25,
      "val_acc1": 88.56096260040161,
      "ema_acc1": 39.05795055220884,
      "best_val_acc1": 88.56096260040161,
      "best_ema_acc1": 39.05795055220884,
      "epochs_completed": 8,
      "nas_rank": 1,
      "val_rank": 8,
      "ema_rank": 9,
      "best_rank": 8
    },
    {
      "arch_index": 14,
      "nas_quant_acc1": 85.5,
      "val_acc1": 89.45453689759036,
      "ema_acc1": 39.40245356425703,
      "best_val_acc1": 89.45453689759036,
      "best_ema_acc1": 39.40245356425703,
      "epochs_completed": 8,
      "nas_rank": 0,
      "val_rank": 1,
      "ema_rank": 8,
      "best_rank": 1
    }
  ],
  "timestamp": "2026-06-03T13:33:26.875176"
}