{
  "cycle": 122,
  "completed_arch_indices": [
    0,
    1,
    2,
    3,
    4,
    5,
    6,
    7,
    8,
    9,
    10,
    11,
    12,
    13,
    14
  ],
  "cycle_val_results": {
    "0": [
      90.52114708835342,
      92.65232806224898,
      95.79583960843372,
      92.65232806224898
    ],
    "1": [
      86.77757906626506,
      91.69851280120481,
      92.26546812248995,
      91.69851280120481
    ],
    "2": [
      87.17636169678714,
      92.17432228915662,
      92.76998619477912,
      92.17432228915662
    ],
    "3": [
      89.93034638554217,
      93.16123870481927,
      93.49272088353413,
      93.20030120481927
    ],
    "4": [
      88.84632279116467,
      92.8785454317269,
      93.22414658634538,
      92.8785454317269
    ],
    "5": [
      87.53608182730925,
      93.83236069277109,
      94.22784889558233,
      93.83236069277109
    ],
    "6": [
      89.96344754016064,
      93.6359500502008,
      94.11772088353413,
      93.6359500502008
    ],
    "7": [
      89.0785015060241,
      93.5746109437751,
      93.95817645582329,
      93.66575677710844
    ],
    "8": [
      88.11276355421687,
      93.3472954317269,
      93.73901857429719,
      93.3863579317269
    ],
    "9": [
      89.8733998493976,
      93.82796812248995,
      94.33091741967873,
      93.82796812248995
    ],
    "10": [
      89.73064131526104,
      93.55672690763052,
      94.21263177710844,
      93.55672690763052
    ],
    "11": [
      89.26298945783132,
      93.81008408634538,
      94.0894829317269,
      93.82310491967873
    ],
    "12": [
      90.27971260040161,
      93.60990838353413,
      93.90828940763052,
      93.64897088353413
    ],
    "13": [
      89.95638805220884,
      93.60990838353413,
      93.96256902610442,
      93.60990838353413
    ],
    "14": [
      90.20378388554217,
      93.90828940763052,
      94.35209588353413,
      93.90828940763052
    ]
  }
}