{
  "cycle": 122,
  "n_archs": 15,
  "spearman_r": 0.38214285714285706,
  "spearman_p": 0.1598236299869673,
  "pearson_r": -0.08698091273105625,
  "pearson_p": 0.7579037599114463,
  "kendall_tau": 0.33333333333333337,
  "kendall_p": 0.09264256691158146,
  "bootstrap_ci_spearman": [
    -0.2768339483394834,
    0.8987387469725358
  ],
  "spearman_r_ema": 0.7238608788570413,
  "spearman_p_ema": 0.002280731283513896,
  "pearson_r_ema": 0.51332039662822,
  "pearson_p_ema": 0.050343996719735516,
  "kendall_tau_ema": 0.535891301645667,
  "kendall_p_ema": 0.005525588679138959,
  "bootstrap_ci_spearman_ema": [
    0.2135143057674433,
    0.928783050573095
  ],
  "spearman_r_best": 0.3428571428571428,
  "spearman_p_best": 0.21092379341475206,
  "pearson_r_best": -0.4288817563117705,
  "pearson_p_best": 0.11067363089830666,
  "kendall_tau_best": 0.2761904761904762,
  "kendall_p_best": 0.16857787367749338,
  "bootstrap_ci_spearman_best": [
    -0.3126198795997237,
    0.8866596498485435
  ],
  "mean_val_acc1": 89.14996444109774,
  "std_val_acc1": 1.2060095106961723,
  "mean_ema_acc1": 93.28520331325299,
  "mean_best_val_acc1": 93.89646084337349,
  "per_arch": [
    {
      "arch_index": 0,
      "nas_quant_acc1": 10.0,
      "val_acc1": 90.52114708835342,
      "ema_acc1": 92.65232806224898,
      "best_val_acc1": 95.79583960843372,
      "best_ema_acc1": 92.65232806224898,
      "epochs_completed": 123,
      "nas_rank": 14,
      "val_rank": 0,
      "ema_rank": 12,
      "best_rank": 0
    },
    {
      "arch_index": 1,
      "nas_quant_acc1": 63.5,
      "val_acc1": 86.77757906626506,
      "ema_acc1": 91.69851280120481,
      "best_val_acc1": 92.26546812248995,
      "best_ema_acc1": 91.69851280120481,
      "epochs_completed": 123,
      "nas_rank": 13,
      "val_rank": 14,
      "ema_rank": 14,
      "best_rank": 14
    },
    {
      "arch_index": 2,
      "nas_quant_acc1": 68.25,
      "val_acc1": 87.17636169678714,
      "ema_acc1": 92.17432228915662,
      "best_val_acc1": 92.76998619477912,
      "best_ema_acc1": 92.17432228915662,
      "epochs_completed": 123,
      "nas_rank": 12,
      "val_rank": 13,
      "ema_rank": 13,
      "best_rank": 13
    },
    {
      "arch_index": 3,
      "nas_quant_acc1": 71.5,
      "val_acc1": 89.93034638554217,
      "ema_acc1": 93.16123870481927,
      "best_val_acc1": 93.49272088353413,
      "best_ema_acc1": 93.20030120481927,
      "epochs_completed": 123,
      "nas_rank": 11,
      "val_rank": 5,
      "ema_rank": 10,
      "best_rank": 11
    },
    {
      "arch_index": 4,
      "nas_quant_acc1": 74.0,
      "val_acc1": 88.84632279116467,
      "ema_acc1": 92.8785454317269,
      "best_val_acc1": 93.22414658634538,
      "best_ema_acc1": 92.8785454317269,
      "epochs_completed": 123,
      "nas_rank": 10,
      "val_rank": 10,
      "ema_rank": 11,
      "best_rank": 12
    },
    {
      "arch_index": 5,
      "nas_quant_acc1": 75.5,
      "val_acc1": 87.53608182730925,
      "ema_acc1": 93.83236069277109,
      "best_val_acc1": 94.22784889558233,
      "best_ema_acc1": 93.83236069277109,
      "epochs_completed": 123,
      "nas_rank": 9,
      "val_rank": 12,
      "ema_rank": 1,
      "best_rank": 3
    },
    {
      "arch_index": 6,
      "nas_quant_acc1": 76.5,
      "val_acc1": 89.96344754016064,
      "ema_acc1": 93.6359500502008,
      "best_val_acc1": 94.11772088353413,
      "best_ema_acc1": 93.6359500502008,
      "epochs_completed": 123,
      "nas_rank": 8,
      "val_rank": 3,
      "ema_rank": 4,
      "best_rank": 5
    },
    {
      "arch_index": 7,
      "nas_quant_acc1": 77.25,
      "val_acc1": 89.0785015060241,
      "ema_acc1": 93.5746109437751,
      "best_val_acc1": 93.95817645582329,
      "best_ema_acc1": 93.66575677710844,
      "epochs_completed": 123,
      "nas_rank": 7,
      "val_rank": 9,
      "ema_rank": 7,
      "best_rank": 8
    },
    {
      "arch_index": 8,
      "nas_quant_acc1": 78.0,
      "val_acc1": 88.11276355421687,
      "ema_acc1": 93.3472954317269,
      "best_val_acc1": 93.73901857429719,
      "best_ema_acc1": 93.3863579317269,
      "epochs_completed": 123,
      "nas_rank": 6,
      "val_rank": 11,
      "ema_rank": 9,
      "best_rank": 10
    },
    {
      "arch_index": 9,
      "nas_quant_acc1": 78.5,
      "val_acc1": 89.8733998493976,
      "ema_acc1": 93.82796812248995,
      "best_val_acc1": 94.33091741967873,
      "best_ema_acc1": 93.82796812248995,
      "epochs_completed": 123,
      "nas_rank": 5,
      "val_rank": 6,
      "ema_rank": 2,
      "best_rank": 2
    },
    {
      "arch_index": 10,
      "nas_quant_acc1": 79.0,
      "val_acc1": 89.73064131526104,
      "ema_acc1": 93.55672690763052,
      "best_val_acc1": 94.21263177710844,
      "best_ema_acc1": 93.55672690763052,
      "epochs_completed": 123,
      "nas_rank": 4,
      "val_rank": 7,
      "ema_rank": 8,
      "best_rank": 4
    },
    {
      "arch_index": 11,
      "nas_quant_acc1": 79.75,
      "val_acc1": 89.26298945783132,
      "ema_acc1": 93.81008408634538,
      "best_val_acc1": 94.0894829317269,
      "best_ema_acc1": 93.82310491967873,
      "epochs_completed": 123,
      "nas_rank": 3,
      "val_rank": 8,
      "ema_rank": 3,
      "best_rank": 6
    },
    {
      "arch_index": 12,
      "nas_quant_acc1": 80.25,
      "val_acc1": 90.27971260040161,
      "ema_acc1": 93.60990838353413,
      "best_val_acc1": 93.90828940763052,
      "best_ema_acc1": 93.64897088353413,
      "epochs_completed": 123,
      "nas_rank": 2,
      "val_rank": 1,
      "ema_rank": 5,
      "best_rank": 9
    },
    {
      "arch_index": 13,
      "nas_quant_acc1": 81.25,
      "val_acc1": 89.95638805220884,
      "ema_acc1": 93.60990838353413,
      "best_val_acc1": 93.96256902610442,
      "best_ema_acc1": 93.60990838353413,
      "epochs_completed": 123,
      "nas_rank": 1,
      "val_rank": 4,
      "ema_rank": 6,
      "best_rank": 7
    },
    {
      "arch_index": 14,
      "nas_quant_acc1": 85.5,
      "val_acc1": 90.20378388554217,
      "ema_acc1": 93.90828940763052,
      "best_val_acc1": 94.35209588353413,
      "best_ema_acc1": 93.90828940763052,
      "epochs_completed": 123,
      "nas_rank": 0,
      "val_rank": 2,
      "ema_rank": 0,
      "best_rank": 1
    }
  ],
  "timestamp": "2026-06-04T07:06:54.842267"
}