{
  "cycle": 114,
  "completed_arch_indices": [
    0,
    1,
    2,
    3,
    4,
    5,
    6,
    7,
    8,
    9,
    10,
    11,
    12,
    13,
    14
  ],
  "cycle_val_results": {
    "0": [
      92.18357806224898,
      91.57050075301206,
      95.79583960843372,
      92.39081325301206
    ],
    "1": [
      88.18822163654619,
      91.27478664658635,
      92.26546812248995,
      91.27478664658635
    ],
    "2": [
      87.79869477911646,
      91.67247113453816,
      92.4585843373494,
      91.67247113453816
    ],
    "3": [
      89.91842369477912,
      92.7765750502008,
      93.49272088353413,
      92.7765750502008
    ],
    "4": [
      88.4980547188755,
      92.57200677710844,
      93.22414658634538,
      92.58502761044177
    ],
    "5": [
      90.01113830321286,
      93.39451556224898,
      93.8703250502008,
      93.39451556224898
    ],
    "6": [
      90.92589106425703,
      93.22524472891565,
      94.03363453815261,
      93.23826556224898
    ],
    "7": [
      91.58179593373494,
      93.30227158634538,
      93.83502761044177,
      93.30227158634538
    ],
    "8": [
      90.39799824297188,
      93.3082329317269,
      93.6207329317269,
      93.3082329317269
    ],
    "9": [
      90.82282254016064,
      93.31905747991968,
      94.33091741967873,
      93.31905747991968
    ],
    "10": [
      90.90094754016064,
      93.17802459839358,
      93.82420306224898,
      93.17802459839358
    ],
    "11": [
      90.40129267068274,
      93.45852158634538,
      94.0894829317269,
      93.45852158634538
    ],
    "12": [
      89.89395080321286,
      93.32831325301206,
      93.70481927710844,
      93.32831325301206
    ],
    "13": [
      90.43219754016064,
      93.25614959839358,
      93.96256902610442,
      93.30336972891565
    ],
    "14": [
      90.1793109939759,
      93.76506024096385,
      94.35209588353413,
      93.79110190763052
    ]
  }
}