{
  "cycle": 114,
  "n_archs": 15,
  "spearman_r": 0.1964285714285714,
  "spearman_p": 0.4828987562716336,
  "pearson_r": -0.2621803997632546,
  "pearson_p": 0.34517651889547585,
  "kendall_tau": 0.14285714285714288,
  "kendall_p": 0.4950508526248027,
  "bootstrap_ci_spearman": [
    -0.464535519125683,
    0.7866221013721943
  ],
  "spearman_r_ema": 0.782142857142857,
  "spearman_p_ema": 0.0005697096277734958,
  "pearson_r_ema": 0.6980840078856602,
  "pearson_p_ema": 0.003801237082313872,
  "kendall_tau_ema": 0.6380952380952382,
  "kendall_p_ema": 0.0005320215605847219,
  "bootstrap_ci_spearman_ema": [
    0.3356849298983114,
    0.9710144927536234
  ],
  "spearman_r_best": 0.4035714285714285,
  "spearman_p_best": 0.13576799650365623,
  "pearson_r_best": -0.4485026831751109,
  "pearson_p_best": 0.09358034801286662,
  "kendall_tau_best": 0.3523809523809524,
  "kendall_p_best": 0.07433498084899375,
  "bootstrap_ci_spearman_best": [
    -0.25,
    0.9130474093875307
  ],
  "mean_val_acc1": 90.14228790160641,
  "std_val_acc1": 1.2027634067120094,
  "mean_ema_acc1": 92.89344879518073,
  "mean_best_val_acc1": 93.79070448460509,
  "per_arch": [
    {
      "arch_index": 0,
      "nas_quant_acc1": 10.0,
      "val_acc1": 92.18357806224898,
      "ema_acc1": 91.57050075301206,
      "best_val_acc1": 95.79583960843372,
      "best_ema_acc1": 92.39081325301206,
      "epochs_completed": 115,
      "nas_rank": 14,
      "val_rank": 0,
      "ema_rank": 13,
      "best_rank": 0
    },
    {
      "arch_index": 1,
      "nas_quant_acc1": 63.5,
      "val_acc1": 88.18822163654619,
      "ema_acc1": 91.27478664658635,
      "best_val_acc1": 92.26546812248995,
      "best_ema_acc1": 91.27478664658635,
      "epochs_completed": 115,
      "nas_rank": 13,
      "val_rank": 13,
      "ema_rank": 14,
      "best_rank": 14
    },
    {
      "arch_index": 2,
      "nas_quant_acc1": 68.25,
      "val_acc1": 87.79869477911646,
      "ema_acc1": 91.67247113453816,
      "best_val_acc1": 92.4585843373494,
      "best_ema_acc1": 91.67247113453816,
      "epochs_completed": 115,
      "nas_rank": 12,
      "val_rank": 14,
      "ema_rank": 12,
      "best_rank": 13
    },
    {
      "arch_index": 3,
      "nas_quant_acc1": 71.5,
      "val_acc1": 89.91842369477912,
      "ema_acc1": 92.7765750502008,
      "best_val_acc1": 93.49272088353413,
      "best_ema_acc1": 92.7765750502008,
      "epochs_completed": 115,
      "nas_rank": 11,
      "val_rank": 10,
      "ema_rank": 10,
      "best_rank": 11
    },
    {
      "arch_index": 4,
      "nas_quant_acc1": 74.0,
      "val_acc1": 88.4980547188755,
      "ema_acc1": 92.57200677710844,
      "best_val_acc1": 93.22414658634538,
      "best_ema_acc1": 92.58502761044177,
      "epochs_completed": 115,
      "nas_rank": 10,
      "val_rank": 12,
      "ema_rank": 11,
      "best_rank": 12
    },
    {
      "arch_index": 5,
      "nas_quant_acc1": 75.5,
      "val_acc1": 90.01113830321286,
      "ema_acc1": 93.39451556224898,
      "best_val_acc1": 93.8703250502008,
      "best_ema_acc1": 93.39451556224898,
      "epochs_completed": 115,
      "nas_rank": 9,
      "val_rank": 9,
      "ema_rank": 2,
      "best_rank": 6
    },
    {
      "arch_index": 6,
      "nas_quant_acc1": 76.5,
      "val_acc1": 90.92589106425703,
      "ema_acc1": 93.22524472891565,
      "best_val_acc1": 94.03363453815261,
      "best_ema_acc1": 93.23826556224898,
      "epochs_completed": 115,
      "nas_rank": 8,
      "val_rank": 2,
      "ema_rank": 8,
      "best_rank": 4
    },
    {
      "arch_index": 7,
      "nas_quant_acc1": 77.25,
      "val_acc1": 91.58179593373494,
      "ema_acc1": 93.30227158634538,
      "best_val_acc1": 93.83502761044177,
      "best_ema_acc1": 93.30227158634538,
      "epochs_completed": 115,
      "nas_rank": 7,
      "val_rank": 1,
      "ema_rank": 6,
      "best_rank": 7
    },
    {
      "arch_index": 8,
      "nas_quant_acc1": 78.0,
      "val_acc1": 90.39799824297188,
      "ema_acc1": 93.3082329317269,
      "best_val_acc1": 93.6207329317269,
      "best_ema_acc1": 93.3082329317269,
      "epochs_completed": 115,
      "nas_rank": 6,
      "val_rank": 7,
      "ema_rank": 5,
      "best_rank": 10
    },
    {
      "arch_index": 9,
      "nas_quant_acc1": 78.5,
      "val_acc1": 90.82282254016064,
      "ema_acc1": 93.31905747991968,
      "best_val_acc1": 94.33091741967873,
      "best_ema_acc1": 93.31905747991968,
      "epochs_completed": 115,
      "nas_rank": 5,
      "val_rank": 4,
      "ema_rank": 4,
      "best_rank": 2
    },
    {
      "arch_index": 10,
      "nas_quant_acc1": 79.0,
      "val_acc1": 90.90094754016064,
      "ema_acc1": 93.17802459839358,
      "best_val_acc1": 93.82420306224898,
      "best_ema_acc1": 93.17802459839358,
      "epochs_completed": 115,
      "nas_rank": 4,
      "val_rank": 3,
      "ema_rank": 9,
      "best_rank": 8
    },
    {
      "arch_index": 11,
      "nas_quant_acc1": 79.75,
      "val_acc1": 90.40129267068274,
      "ema_acc1": 93.45852158634538,
      "best_val_acc1": 94.0894829317269,
      "best_ema_acc1": 93.45852158634538,
      "epochs_completed": 115,
      "nas_rank": 3,
      "val_rank": 6,
      "ema_rank": 1,
      "best_rank": 3
    },
    {
      "arch_index": 12,
      "nas_quant_acc1": 80.25,
      "val_acc1": 89.89395080321286,
      "ema_acc1": 93.32831325301206,
      "best_val_acc1": 93.70481927710844,
      "best_ema_acc1": 93.32831325301206,
      "epochs_completed": 115,
      "nas_rank": 2,
      "val_rank": 11,
      "ema_rank": 3,
      "best_rank": 9
    },
    {
      "arch_index": 13,
      "nas_quant_acc1": 81.25,
      "val_acc1": 90.43219754016064,
      "ema_acc1": 93.25614959839358,
      "best_val_acc1": 93.96256902610442,
      "best_ema_acc1": 93.30336972891565,
      "epochs_completed": 115,
      "nas_rank": 1,
      "val_rank": 5,
      "ema_rank": 7,
      "best_rank": 5
    },
    {
      "arch_index": 14,
      "nas_quant_acc1": 85.5,
      "val_acc1": 90.1793109939759,
      "ema_acc1": 93.76506024096385,
      "best_val_acc1": 94.35209588353413,
      "best_ema_acc1": 93.79110190763052,
      "epochs_completed": 115,
      "nas_rank": 0,
      "val_rank": 8,
      "ema_rank": 0,
      "best_rank": 1
    }
  ],
  "timestamp": "2026-06-04T01:39:03.135947"
}