{
  "cycle": 19,
  "completed_arch_indices": [
    0,
    1,
    2,
    3,
    4,
    5,
    6,
    7,
    8,
    9,
    10,
    11,
    12,
    13,
    14
  ],
  "cycle_val_results": {
    "0": [
      93.38855421686748,
      85.539031124498,
      93.48566139558233,
      85.539031124498
    ],
    "1": [
      89.46865587349399,
      73.83345883534136,
      89.46865587349399,
      73.83345883534136
    ],
    "2": [
      89.43069151606427,
      77.15988955823293,
      89.43069151606427,
      77.15988955823293
    ],
    "3": [
      90.76587600401606,
      80.72336219879519,
      90.76587600401606,
      80.72336219879519
    ],
    "4": [
      90.86517946787149,
      80.89859437751005,
      90.86517946787149,
      80.89859437751005
    ],
    "5": [
      92.13525978915662,
      83.0715047690763,
      92.13525978915662,
      83.0715047690763
    ],
    "6": [
      91.59105170682732,
      81.94355547188755,
      91.59105170682732,
      81.94355547188755
    ],
    "7": [
      91.81350401606427,
      81.51763303212851,
      91.81350401606427,
      81.51763303212851
    ],
    "8": [
      91.31494728915662,
      80.67990712851406,
      91.31494728915662,
      80.67990712851406
    ],
    "9": [
      92.13039658634538,
      44.714482931726906,
      92.13039658634538,
      44.714482931726906
    ],
    "10": [
      91.83578062248995,
      82.16161521084338,
      91.83578062248995,
      82.16161521084338
    ],
    "11": [
      91.9019829317269,
      82.6331890060241,
      91.9019829317269,
      82.6331890060241
    ],
    "12": [
      91.43213478915662,
      81.60501380522088,
      91.43213478915662,
      81.60501380522088
    ],
    "13": [
      91.49943524096385,
      80.86925828313252,
      91.49943524096385,
      80.86925828313252
    ],
    "14": [
      92.04631024096385,
      83.55813880522088,
      92.04631024096385,
      83.55813880522088
    ]
  }
}