{
  "cycle": 19,
  "n_archs": 15,
  "spearman_r": 0.2821428571428571,
  "spearman_p": 0.30828445682005556,
  "pearson_r": -0.28831535010242626,
  "pearson_p": 0.29736156090831045,
  "kendall_tau": 0.2571428571428572,
  "kendall_p": 0.20184282422518202,
  "bootstrap_ci_spearman": [
    -0.38213310585992755,
    0.8515398550724627
  ],
  "spearman_r_ema": 0.20357142857142854,
  "spearman_p_ema": 0.46679507248911234,
  "pearson_r_ema": -0.15165048234242018,
  "pearson_p_ema": 0.5895261394696165,
  "kendall_tau_ema": 0.18095238095238098,
  "kendall_p_ema": 0.3794503959627968,
  "bootstrap_ci_spearman_ema": [
    -0.4244321425658592,
    0.7866513383869267
  ],
  "spearman_r_best": 0.2821428571428571,
  "spearman_p_best": 0.30828445682005556,
  "pearson_r_best": -0.30778855381729153,
  "pearson_p_best": 0.26441735058345434,
  "kendall_tau_best": 0.2571428571428572,
  "kendall_p_best": 0.20184282422518202,
  "bootstrap_ci_spearman_best": [
    -0.3587319171766951,
    0.8628220639411973
  ],
  "mean_val_acc1": 91.4413173527443,
  "std_val_acc1": 1.013638716886258,
  "mean_ema_acc1": 78.7272423025435,
  "mean_best_val_acc1": 91.44779116465863,
  "per_arch": [
    {
      "arch_index": 0,
      "nas_quant_acc1": 10.0,
      "val_acc1": 93.38855421686748,
      "ema_acc1": 85.539031124498,
      "best_val_acc1": 93.48566139558233,
      "best_ema_acc1": 85.539031124498,
      "epochs_completed": 20,
      "nas_rank": 14,
      "val_rank": 0,
      "ema_rank": 0,
      "best_rank": 0
    },
    {
      "arch_index": 1,
      "nas_quant_acc1": 63.5,
      "val_acc1": 89.46865587349399,
      "ema_acc1": 73.83345883534136,
      "best_val_acc1": 89.46865587349399,
      "best_ema_acc1": 73.83345883534136,
      "epochs_completed": 20,
      "nas_rank": 13,
      "val_rank": 13,
      "ema_rank": 13,
      "best_rank": 13
    },
    {
      "arch_index": 2,
      "nas_quant_acc1": 68.25,
      "val_acc1": 89.43069151606427,
      "ema_acc1": 77.15988955823293,
      "best_val_acc1": 89.43069151606427,
      "best_ema_acc1": 77.15988955823293,
      "epochs_completed": 20,
      "nas_rank": 12,
      "val_rank": 14,
      "ema_rank": 12,
      "best_rank": 14
    },
    {
      "arch_index": 3,
      "nas_quant_acc1": 71.5,
      "val_acc1": 90.76587600401606,
      "ema_acc1": 80.72336219879519,
      "best_val_acc1": 90.76587600401606,
      "best_ema_acc1": 80.72336219879519,
      "epochs_completed": 20,
      "nas_rank": 11,
      "val_rank": 12,
      "ema_rank": 10,
      "best_rank": 12
    },
    {
      "arch_index": 4,
      "nas_quant_acc1": 74.0,
      "val_acc1": 90.86517946787149,
      "ema_acc1": 80.89859437751005,
      "best_val_acc1": 90.86517946787149,
      "best_ema_acc1": 80.89859437751005,
      "epochs_completed": 20,
      "nas_rank": 10,
      "val_rank": 11,
      "ema_rank": 8,
      "best_rank": 11
    },
    {
      "arch_index": 5,
      "nas_quant_acc1": 75.5,
      "val_acc1": 92.13525978915662,
      "ema_acc1": 83.0715047690763,
      "best_val_acc1": 92.13525978915662,
      "best_ema_acc1": 83.0715047690763,
      "epochs_completed": 20,
      "nas_rank": 9,
      "val_rank": 1,
      "ema_rank": 2,
      "best_rank": 1
    },
    {
      "arch_index": 6,
      "nas_quant_acc1": 76.5,
      "val_acc1": 91.59105170682732,
      "ema_acc1": 81.94355547188755,
      "best_val_acc1": 91.59105170682732,
      "best_ema_acc1": 81.94355547188755,
      "epochs_completed": 20,
      "nas_rank": 8,
      "val_rank": 7,
      "ema_rank": 5,
      "best_rank": 7
    },
    {
      "arch_index": 7,
      "nas_quant_acc1": 77.25,
      "val_acc1": 91.81350401606427,
      "ema_acc1": 81.51763303212851,
      "best_val_acc1": 91.81350401606427,
      "best_ema_acc1": 81.51763303212851,
      "epochs_completed": 20,
      "nas_rank": 7,
      "val_rank": 6,
      "ema_rank": 7,
      "best_rank": 6
    },
    {
      "arch_index": 8,
      "nas_quant_acc1": 78.0,
      "val_acc1": 91.31494728915662,
      "ema_acc1": 80.67990712851406,
      "best_val_acc1": 91.31494728915662,
      "best_ema_acc1": 80.67990712851406,
      "epochs_completed": 20,
      "nas_rank": 6,
      "val_rank": 10,
      "ema_rank": 11,
      "best_rank": 10
    },
    {
      "arch_index": 9,
      "nas_quant_acc1": 78.5,
      "val_acc1": 92.13039658634538,
      "ema_acc1": 44.714482931726906,
      "best_val_acc1": 92.13039658634538,
      "best_ema_acc1": 44.714482931726906,
      "epochs_completed": 20,
      "nas_rank": 5,
      "val_rank": 2,
      "ema_rank": 14,
      "best_rank": 2
    },
    {
      "arch_index": 10,
      "nas_quant_acc1": 79.0,
      "val_acc1": 91.83578062248995,
      "ema_acc1": 82.16161521084338,
      "best_val_acc1": 91.83578062248995,
      "best_ema_acc1": 82.16161521084338,
      "epochs_completed": 20,
      "nas_rank": 4,
      "val_rank": 5,
      "ema_rank": 4,
      "best_rank": 5
    },
    {
      "arch_index": 11,
      "nas_quant_acc1": 79.75,
      "val_acc1": 91.9019829317269,
      "ema_acc1": 82.6331890060241,
      "best_val_acc1": 91.9019829317269,
      "best_ema_acc1": 82.6331890060241,
      "epochs_completed": 20,
      "nas_rank": 3,
      "val_rank": 4,
      "ema_rank": 3,
      "best_rank": 4
    },
    {
      "arch_index": 12,
      "nas_quant_acc1": 80.25,
      "val_acc1": 91.43213478915662,
      "ema_acc1": 81.60501380522088,
      "best_val_acc1": 91.43213478915662,
      "best_ema_acc1": 81.60501380522088,
      "epochs_completed": 20,
      "nas_rank": 2,
      "val_rank": 9,
      "ema_rank": 6,
      "best_rank": 9
    },
    {
      "arch_index": 13,
      "nas_quant_acc1": 81.25,
      "val_acc1": 91.49943524096385,
      "ema_acc1": 80.86925828313252,
      "best_val_acc1": 91.49943524096385,
      "best_ema_acc1": 80.86925828313252,
      "epochs_completed": 20,
      "nas_rank": 1,
      "val_rank": 8,
      "ema_rank": 9,
      "best_rank": 8
    },
    {
      "arch_index": 14,
      "nas_quant_acc1": 85.5,
      "val_acc1": 92.04631024096385,
      "ema_acc1": 83.55813880522088,
      "best_val_acc1": 92.04631024096385,
      "best_ema_acc1": 83.55813880522088,
      "epochs_completed": 20,
      "nas_rank": 0,
      "val_rank": 3,
      "ema_rank": 1,
      "best_rank": 3
    }
  ],
  "timestamp": "2026-06-03T14:29:28.660669"
}