{
  "cycle": 107,
  "completed_arch_indices": [
    0,
    1,
    2,
    3,
    4,
    5,
    6,
    7,
    8,
    9,
    10,
    11,
    12,
    13,
    14
  ],
  "cycle_val_results": {
    "0": [
      94.39931601405623,
      90.51361696787149,
      95.52616716867469,
      92.39081325301206
    ],
    "1": [
      90.4663968373494,
      91.01436997991968,
      92.05007530120481,
      91.01436997991968
    ],
    "2": [
      91.23023343373494,
      91.52328062248995,
      92.37669427710844,
      91.52328062248995
    ],
    "3": [
      92.15753639558233,
      92.58016440763052,
      93.49272088353413,
      92.61812876506023
    ],
    "4": [
      92.04897715863453,
      92.34469126506023,
      92.96969126506023,
      92.34469126506023
    ],
    "5": [
      91.92802459839358,
      93.18618222891565,
      93.8703250502008,
      93.18618222891565
    ],
    "6": [
      92.81234312248995,
      93.04185491967873,
      93.9175451807229,
      93.05487575301206
    ],
    "7": [
      92.31049196787149,
      93.11401857429719,
      93.83502761044177,
      93.11401857429719
    ],
    "8": [
      92.40163780120481,
      92.89046812248995,
      93.56159011044177,
      92.90348895582329
    ],
    "9": [
      92.82097138554217,
      92.84324799196787,
      94.04665537148594,
      92.84324799196787
    ],
    "10": [
      92.18624497991968,
      92.82050075301206,
      93.58982806224898,
      92.82050075301206
    ],
    "11": [
      92.88340863453816,
      93.21818524096385,
      93.72709588353413,
      93.21818524096385
    ],
    "12": [
      92.08584337349399,
      93.08687876506023,
      93.70481927710844,
      93.08687876506023
    ],
    "13": [
      92.83132530120481,
      93.10695908634538,
      93.96256902610442,
      93.16610190763052
    ],
    "14": [
      92.9886734437751,
      93.52958709839358,
      94.23600652610442,
      93.52958709839358
    ]
  }
}