{
  "cycle": 107,
  "n_archs": 15,
  "spearman_r": 0.44999999999999996,
  "spearman_p": 0.09235737494812256,
  "pearson_r": -0.40671372472589823,
  "pearson_p": 0.13246011417252038,
  "kendall_tau": 0.40952380952380957,
  "kendall_p": 0.03589723736788882,
  "bootstrap_ci_spearman": [
    -0.20663142292490116,
    0.9412870921127799
  ],
  "spearman_r_ema": 0.7714285714285712,
  "spearman_p_ema": 0.0007568751073803471,
  "pearson_r_ema": 0.8320609364518651,
  "pearson_p_ema": 0.00011938137652702286,
  "kendall_tau_ema": 0.6000000000000001,
  "kendall_p_ema": 0.0012858607977242237,
  "bootstrap_ci_spearman_ema": [
    0.29103556713689327,
    0.9665427509293681
  ],
  "spearman_r_best": 0.38928571428571423,
  "spearman_p_best": 0.15151193679039388,
  "pearson_r_best": -0.41150021504331435,
  "pearson_p_best": 0.127527464377873,
  "kendall_tau_best": 0.3523809523809524,
  "kendall_p_best": 0.07433498084899375,
  "bootstrap_ci_spearman_best": [
    -0.2614301994688519,
    0.9127351778656128
  ],
  "mean_val_acc1": 92.37009496318609,
  "std_val_acc1": 0.8767511802871646,
  "mean_ema_acc1": 92.58760040160641,
  "mean_best_val_acc1": 93.65778739959838,
  "per_arch": [
    {
      "arch_index": 0,
      "nas_quant_acc1": 10.0,
      "val_acc1": 94.39931601405623,
      "ema_acc1": 90.51361696787149,
      "best_val_acc1": 95.52616716867469,
      "best_ema_acc1": 92.39081325301206,
      "epochs_completed": 108,
      "nas_rank": 14,
      "val_rank": 0,
      "ema_rank": 14,
      "best_rank": 0
    },
    {
      "arch_index": 1,
      "nas_quant_acc1": 63.5,
      "val_acc1": 90.4663968373494,
      "ema_acc1": 91.01436997991968,
      "best_val_acc1": 92.05007530120481,
      "best_ema_acc1": 91.01436997991968,
      "epochs_completed": 108,
      "nas_rank": 13,
      "val_rank": 14,
      "ema_rank": 13,
      "best_rank": 14
    },
    {
      "arch_index": 2,
      "nas_quant_acc1": 68.25,
      "val_acc1": 91.23023343373494,
      "ema_acc1": 91.52328062248995,
      "best_val_acc1": 92.37669427710844,
      "best_ema_acc1": 91.52328062248995,
      "epochs_completed": 108,
      "nas_rank": 12,
      "val_rank": 13,
      "ema_rank": 12,
      "best_rank": 13
    },
    {
      "arch_index": 3,
      "nas_quant_acc1": 71.5,
      "val_acc1": 92.15753639558233,
      "ema_acc1": 92.58016440763052,
      "best_val_acc1": 93.49272088353413,
      "best_ema_acc1": 92.61812876506023,
      "epochs_completed": 108,
      "nas_rank": 11,
      "val_rank": 9,
      "ema_rank": 10,
      "best_rank": 11
    },
    {
      "arch_index": 4,
      "nas_quant_acc1": 74.0,
      "val_acc1": 92.04897715863453,
      "ema_acc1": 92.34469126506023,
      "best_val_acc1": 92.96969126506023,
      "best_ema_acc1": 92.34469126506023,
      "epochs_completed": 108,
      "nas_rank": 10,
      "val_rank": 11,
      "ema_rank": 11,
      "best_rank": 12
    },
    {
      "arch_index": 5,
      "nas_quant_acc1": 75.5,
      "val_acc1": 91.92802459839358,
      "ema_acc1": 93.18618222891565,
      "best_val_acc1": 93.8703250502008,
      "best_ema_acc1": 93.18618222891565,
      "epochs_completed": 108,
      "nas_rank": 9,
      "val_rank": 12,
      "ema_rank": 2,
      "best_rank": 5
    },
    {
      "arch_index": 6,
      "nas_quant_acc1": 76.5,
      "val_acc1": 92.81234312248995,
      "ema_acc1": 93.04185491967873,
      "best_val_acc1": 93.9175451807229,
      "best_ema_acc1": 93.05487575301206,
      "epochs_completed": 108,
      "nas_rank": 8,
      "val_rank": 5,
      "ema_rank": 6,
      "best_rank": 4
    },
    {
      "arch_index": 7,
      "nas_quant_acc1": 77.25,
      "val_acc1": 92.31049196787149,
      "ema_acc1": 93.11401857429719,
      "best_val_acc1": 93.83502761044177,
      "best_ema_acc1": 93.11401857429719,
      "epochs_completed": 108,
      "nas_rank": 7,
      "val_rank": 7,
      "ema_rank": 3,
      "best_rank": 6
    },
    {
      "arch_index": 8,
      "nas_quant_acc1": 78.0,
      "val_acc1": 92.40163780120481,
      "ema_acc1": 92.89046812248995,
      "best_val_acc1": 93.56159011044177,
      "best_ema_acc1": 92.90348895582329,
      "epochs_completed": 108,
      "nas_rank": 6,
      "val_rank": 6,
      "ema_rank": 7,
      "best_rank": 10
    },
    {
      "arch_index": 9,
      "nas_quant_acc1": 78.5,
      "val_acc1": 92.82097138554217,
      "ema_acc1": 92.84324799196787,
      "best_val_acc1": 94.04665537148594,
      "best_ema_acc1": 92.84324799196787,
      "epochs_completed": 108,
      "nas_rank": 5,
      "val_rank": 4,
      "ema_rank": 8,
      "best_rank": 2
    },
    {
      "arch_index": 10,
      "nas_quant_acc1": 79.0,
      "val_acc1": 92.18624497991968,
      "ema_acc1": 92.82050075301206,
      "best_val_acc1": 93.58982806224898,
      "best_ema_acc1": 92.82050075301206,
      "epochs_completed": 108,
      "nas_rank": 4,
      "val_rank": 8,
      "ema_rank": 9,
      "best_rank": 9
    },
    {
      "arch_index": 11,
      "nas_quant_acc1": 79.75,
      "val_acc1": 92.88340863453816,
      "ema_acc1": 93.21818524096385,
      "best_val_acc1": 93.72709588353413,
      "best_ema_acc1": 93.21818524096385,
      "epochs_completed": 108,
      "nas_rank": 3,
      "val_rank": 2,
      "ema_rank": 1,
      "best_rank": 7
    },
    {
      "arch_index": 12,
      "nas_quant_acc1": 80.25,
      "val_acc1": 92.08584337349399,
      "ema_acc1": 93.08687876506023,
      "best_val_acc1": 93.70481927710844,
      "best_ema_acc1": 93.08687876506023,
      "epochs_completed": 108,
      "nas_rank": 2,
      "val_rank": 10,
      "ema_rank": 5,
      "best_rank": 8
    },
    {
      "arch_index": 13,
      "nas_quant_acc1": 81.25,
      "val_acc1": 92.83132530120481,
      "ema_acc1": 93.10695908634538,
      "best_val_acc1": 93.96256902610442,
      "best_ema_acc1": 93.16610190763052,
      "epochs_completed": 108,
      "nas_rank": 1,
      "val_rank": 3,
      "ema_rank": 4,
      "best_rank": 3
    },
    {
      "arch_index": 14,
      "nas_quant_acc1": 85.5,
      "val_acc1": 92.9886734437751,
      "ema_acc1": 93.52958709839358,
      "best_val_acc1": 94.23600652610442,
      "best_ema_acc1": 93.52958709839358,
      "epochs_completed": 108,
      "nas_rank": 0,
      "val_rank": 1,
      "ema_rank": 0,
      "best_rank": 1
    }
  ],
  "timestamp": "2026-06-04T01:04:09.803030"
}