{
  "cycle": 41,
  "completed_arch_indices": [
    0,
    1,
    2,
    3,
    4,
    5,
    6,
    7,
    8,
    9,
    10,
    11,
    12,
    13,
    14
  ],
  "cycle_val_results": {
    "0": [
      87.98694779116467,
      92.08427459839358,
      94.50944402610442,
      92.08427459839358
    ],
    "1": [
      86.50633785140562,
      87.06027233935743,
      90.93844126506023,
      87.06027233935743
    ],
    "2": [
      87.47207580321286,
      87.648406124498,
      91.3328313253012,
      87.648406124498
    ],
    "3": [
      87.51004016064257,
      89.8652422188755,
      92.32241465863453,
      89.8652422188755
    ],
    "4": [
      86.8519390060241,
      89.5288968373494,
      91.95296812248995,
      89.5288968373494
    ],
    "5": [
      88.48879894578313,
      91.06645331325302,
      93.44550075301206,
      91.06645331325302
    ],
    "6": [
      89.5066202309237,
      90.56350401606427,
      93.1058609437751,
      90.56350401606427
    ],
    "7": [
      87.69939131526104,
      90.5445218373494,
      92.99134036144578,
      90.5445218373494
    ],
    "8": [
      88.89730798192771,
      90.15279869477912,
      92.60071536144578,
      90.15279869477912
    ],
    "9": [
      88.67218875502007,
      85.03608182730925,
      93.18618222891565,
      85.03608182730925
    ],
    "10": [
      88.4144390060241,
      90.38936997991968,
      93.14602158634538,
      90.38936997991968
    ],
    "11": [
      87.57734061244979,
      90.50169427710844,
      93.08797690763052,
      90.50169427710844
    ],
    "12": [
      89.86304593373494,
      90.54561997991968,
      93.01691139558233,
      90.54561997991968
    ],
    "13": [
      88.67705195783132,
      90.37525100401606,
      93.02993222891565,
      90.37525100401606
    ],
    "14": [
      88.60598644578313,
      91.50053338353413,
      93.56974774096385,
      91.50053338353413
    ]
  }
}