{
  "cycle": 41,
  "n_archs": 15,
  "spearman_r": 0.6142857142857142,
  "spearman_p": 0.014833955405976968,
  "pearson_r": 0.25589450710728,
  "pearson_p": 0.35728317116728336,
  "kendall_tau": 0.40952380952380957,
  "kendall_p": 0.03589723736788882,
  "bootstrap_ci_spearman": [
    0.13718230056956554,
    0.8472727272727274
  ],
  "spearman_r_ema": 0.2178571428571428,
  "spearman_p_ema": 0.43539267351553756,
  "pearson_r_ema": -0.1809804569671916,
  "pearson_p_ema": 0.5186097581485988,
  "kendall_tau_ema": 0.18095238095238098,
  "kendall_p_ema": 0.3794503959627968,
  "bootstrap_ci_spearman_ema": [
    -0.4363777630048198,
    0.8152413682864449
  ],
  "spearman_r_best": 0.34642857142857136,
  "spearman_p_best": 0.2058959920935512,
  "pearson_r_best": -0.2730451268996723,
  "pearson_p_best": 0.32480235835810267,
  "kendall_tau_best": 0.2761904761904762,
  "kendall_p_best": 0.16857787367749338,
  "bootstrap_ci_spearman_best": [
    -0.31648441269039035,
    0.8907153502235468
  ],
  "mean_val_acc1": 88.18196745314592,
  "std_val_acc1": 0.9286886639817027,
  "mean_ema_acc1": 89.79086136211511,
  "mean_best_val_acc1": 92.81575259370815,
  "per_arch": [
    {
      "arch_index": 0,
      "nas_quant_acc1": 10.0,
      "val_acc1": 87.98694779116467,
      "ema_acc1": 92.08427459839358,
      "best_val_acc1": 94.50944402610442,
      "best_ema_acc1": 92.08427459839358,
      "epochs_completed": 42,
      "nas_rank": 14,
      "val_rank": 8,
      "ema_rank": 0,
      "best_rank": 0
    },
    {
      "arch_index": 1,
      "nas_quant_acc1": 63.5,
      "val_acc1": 86.50633785140562,
      "ema_acc1": 87.06027233935743,
      "best_val_acc1": 90.93844126506023,
      "best_ema_acc1": 87.06027233935743,
      "epochs_completed": 42,
      "nas_rank": 13,
      "val_rank": 14,
      "ema_rank": 13,
      "best_rank": 14
    },
    {
      "arch_index": 2,
      "nas_quant_acc1": 68.25,
      "val_acc1": 87.47207580321286,
      "ema_acc1": 87.648406124498,
      "best_val_acc1": 91.3328313253012,
      "best_ema_acc1": 87.648406124498,
      "epochs_completed": 42,
      "nas_rank": 12,
      "val_rank": 12,
      "ema_rank": 12,
      "best_rank": 13
    },
    {
      "arch_index": 3,
      "nas_quant_acc1": 71.5,
      "val_acc1": 87.51004016064257,
      "ema_acc1": 89.8652422188755,
      "best_val_acc1": 92.32241465863453,
      "best_ema_acc1": 89.8652422188755,
      "epochs_completed": 42,
      "nas_rank": 11,
      "val_rank": 11,
      "ema_rank": 10,
      "best_rank": 11
    },
    {
      "arch_index": 4,
      "nas_quant_acc1": 74.0,
      "val_acc1": 86.8519390060241,
      "ema_acc1": 89.5288968373494,
      "best_val_acc1": 91.95296812248995,
      "best_ema_acc1": 89.5288968373494,
      "epochs_completed": 42,
      "nas_rank": 10,
      "val_rank": 13,
      "ema_rank": 11,
      "best_rank": 12
    },
    {
      "arch_index": 5,
      "nas_quant_acc1": 75.5,
      "val_acc1": 88.48879894578313,
      "ema_acc1": 91.06645331325302,
      "best_val_acc1": 93.44550075301206,
      "best_ema_acc1": 91.06645331325302,
      "epochs_completed": 42,
      "nas_rank": 9,
      "val_rank": 6,
      "ema_rank": 2,
      "best_rank": 2
    },
    {
      "arch_index": 6,
      "nas_quant_acc1": 76.5,
      "val_acc1": 89.5066202309237,
      "ema_acc1": 90.56350401606427,
      "best_val_acc1": 93.1058609437751,
      "best_ema_acc1": 90.56350401606427,
      "epochs_completed": 42,
      "nas_rank": 8,
      "val_rank": 1,
      "ema_rank": 3,
      "best_rank": 5
    },
    {
      "arch_index": 7,
      "nas_quant_acc1": 77.25,
      "val_acc1": 87.69939131526104,
      "ema_acc1": 90.5445218373494,
      "best_val_acc1": 92.99134036144578,
      "best_ema_acc1": 90.5445218373494,
      "epochs_completed": 42,
      "nas_rank": 7,
      "val_rank": 9,
      "ema_rank": 5,
      "best_rank": 9
    },
    {
      "arch_index": 8,
      "nas_quant_acc1": 78.0,
      "val_acc1": 88.89730798192771,
      "ema_acc1": 90.15279869477912,
      "best_val_acc1": 92.60071536144578,
      "best_ema_acc1": 90.15279869477912,
      "epochs_completed": 42,
      "nas_rank": 6,
      "val_rank": 2,
      "ema_rank": 9,
      "best_rank": 10
    },
    {
      "arch_index": 9,
      "nas_quant_acc1": 78.5,
      "val_acc1": 88.67218875502007,
      "ema_acc1": 85.03608182730925,
      "best_val_acc1": 93.18618222891565,
      "best_ema_acc1": 85.03608182730925,
      "epochs_completed": 42,
      "nas_rank": 5,
      "val_rank": 4,
      "ema_rank": 14,
      "best_rank": 3
    },
    {
      "arch_index": 10,
      "nas_quant_acc1": 79.0,
      "val_acc1": 88.4144390060241,
      "ema_acc1": 90.38936997991968,
      "best_val_acc1": 93.14602158634538,
      "best_ema_acc1": 90.38936997991968,
      "epochs_completed": 42,
      "nas_rank": 4,
      "val_rank": 7,
      "ema_rank": 7,
      "best_rank": 4
    },
    {
      "arch_index": 11,
      "nas_quant_acc1": 79.75,
      "val_acc1": 87.57734061244979,
      "ema_acc1": 90.50169427710844,
      "best_val_acc1": 93.08797690763052,
      "best_ema_acc1": 90.50169427710844,
      "epochs_completed": 42,
      "nas_rank": 3,
      "val_rank": 10,
      "ema_rank": 6,
      "best_rank": 6
    },
    {
      "arch_index": 12,
      "nas_quant_acc1": 80.25,
      "val_acc1": 89.86304593373494,
      "ema_acc1": 90.54561997991968,
      "best_val_acc1": 93.01691139558233,
      "best_ema_acc1": 90.54561997991968,
      "epochs_completed": 42,
      "nas_rank": 2,
      "val_rank": 0,
      "ema_rank": 4,
      "best_rank": 8
    },
    {
      "arch_index": 13,
      "nas_quant_acc1": 81.25,
      "val_acc1": 88.67705195783132,
      "ema_acc1": 90.37525100401606,
      "best_val_acc1": 93.02993222891565,
      "best_ema_acc1": 90.37525100401606,
      "epochs_completed": 42,
      "nas_rank": 1,
      "val_rank": 3,
      "ema_rank": 8,
      "best_rank": 7
    },
    {
      "arch_index": 14,
      "nas_quant_acc1": 85.5,
      "val_acc1": 88.60598644578313,
      "ema_acc1": 91.50053338353413,
      "best_val_acc1": 93.56974774096385,
      "best_ema_acc1": 91.50053338353413,
      "epochs_completed": 42,
      "nas_rank": 0,
      "val_rank": 5,
      "ema_rank": 1,
      "best_rank": 1
    }
  ],
  "timestamp": "2026-06-03T18:07:39.449040"
}