{
  "cycle": 23,
  "completed_arch_indices": [
    0,
    1,
    2,
    3,
    4,
    5,
    6,
    7,
    8,
    9,
    10,
    11,
    12,
    13,
    14
  ],
  "cycle_val_results": {
    "0": [
      86.3766001506024,
      88.02553965863453,
      94.26800953815261,
      88.02553965863453
    ],
    "1": [
      84.74742720883533,
      79.48952058232932,
      89.53376004016064,
      79.48952058232932
    ],
    "2": [
      85.92745983935743,
      81.45849021084338,
      89.44261420682732,
      81.45849021084338
    ],
    "3": [
      87.69672439759036,
      84.06924573293172,
      90.76587600401606,
      84.06924573293172
    ],
    "4": [
      88.67705195783132,
      84.45281124497993,
      91.03445030120481,
      84.45281124497993
    ],
    "5": [
      89.58364708835342,
      86.05170682730925,
      92.13525978915662,
      86.05170682730925
    ],
    "6": [
      88.85824548192771,
      85.40552836345381,
      91.99909011044177,
      85.40552836345381
    ],
    "7": [
      88.24626631526104,
      85.30026355421687,
      91.94967369477912,
      85.30026355421687
    ],
    "8": [
      88.351531124498,
      84.51791541164658,
      91.49614081325302,
      84.51791541164658
    ],
    "9": [
      88.01518574297188,
      56.59356174698795,
      92.41795306224898,
      56.59356174698795
    ],
    "10": [
      89.07473644578313,
      85.26716239959839,
      91.99203062248995,
      85.26716239959839
    ],
    "11": [
      89.10893574297188,
      85.41588227911646,
      92.2074234437751,
      85.41588227911646
    ],
    "12": [
      87.6722515060241,
      85.07404618473896,
      91.60846511044177,
      85.07404618473896
    ],
    "13": [
      87.68966490963855,
      84.76311495983936,
      91.70886671686748,
      84.76311495983936
    ],
    "14": [
      89.74915286144578,
      86.6941202309237,
      92.12553338353413,
      86.6941202309237
    ]
  }
}