{
  "cycle": 23,
  "n_archs": 15,
  "spearman_r": 0.48571428571428565,
  "spearman_p": 0.06642631232518958,
  "pearson_r": 0.5273014539141508,
  "pearson_p": 0.043391507530357094,
  "kendall_tau": 0.3523809523809524,
  "kendall_p": 0.07433498084899375,
  "bootstrap_ci_spearman": [
    -0.15849370396768825,
    0.8804347826086959
  ],
  "spearman_r_ema": 0.22499999999999998,
  "spearman_p_ema": 0.420104686907635,
  "pearson_r_ema": -0.15032640838276687,
  "pearson_p_ema": 0.5928176493839855,
  "kendall_tau_ema": 0.18095238095238098,
  "kendall_p_ema": 0.3794503959627968,
  "bootstrap_ci_spearman_ema": [
    -0.42750996713539147,
    0.8155650474943358
  ],
  "spearman_r_best": 0.28928571428571426,
  "spearman_p_best": 0.29566536100437785,
  "pearson_r_best": -0.3902783262774281,
  "pearson_p_best": 0.15038026094527018,
  "kendall_tau_best": 0.23809523809523814,
  "kendall_p_best": 0.23945881568583288,
  "bootstrap_ci_spearman_best": [
    -0.3503350836888743,
    0.8469945355191257
  ],
  "mean_val_acc1": 87.98499205153949,
  "std_val_acc1": 1.3921748465583053,
  "mean_ema_acc1": 82.83859395917003,
  "mean_best_val_acc1": 91.6456764558233,
  "per_arch": [
    {
      "arch_index": 0,
      "nas_quant_acc1": 10.0,
      "val_acc1": 86.3766001506024,
      "ema_acc1": 88.02553965863453,
      "best_val_acc1": 94.26800953815261,
      "best_ema_acc1": 88.02553965863453,
      "epochs_completed": 24,
      "nas_rank": 14,
      "val_rank": 12,
      "ema_rank": 0,
      "best_rank": 0
    },
    {
      "arch_index": 1,
      "nas_quant_acc1": 63.5,
      "val_acc1": 84.74742720883533,
      "ema_acc1": 79.48952058232932,
      "best_val_acc1": 89.53376004016064,
      "best_ema_acc1": 79.48952058232932,
      "epochs_completed": 24,
      "nas_rank": 13,
      "val_rank": 14,
      "ema_rank": 13,
      "best_rank": 13
    },
    {
      "arch_index": 2,
      "nas_quant_acc1": 68.25,
      "val_acc1": 85.92745983935743,
      "ema_acc1": 81.45849021084338,
      "best_val_acc1": 89.44261420682732,
      "best_ema_acc1": 81.45849021084338,
      "epochs_completed": 24,
      "nas_rank": 12,
      "val_rank": 13,
      "ema_rank": 12,
      "best_rank": 14
    },
    {
      "arch_index": 3,
      "nas_quant_acc1": 71.5,
      "val_acc1": 87.69672439759036,
      "ema_acc1": 84.06924573293172,
      "best_val_acc1": 90.76587600401606,
      "best_ema_acc1": 84.06924573293172,
      "epochs_completed": 24,
      "nas_rank": 11,
      "val_rank": 9,
      "ema_rank": 11,
      "best_rank": 12
    },
    {
      "arch_index": 4,
      "nas_quant_acc1": 74.0,
      "val_acc1": 88.67705195783132,
      "ema_acc1": 84.45281124497993,
      "best_val_acc1": 91.03445030120481,
      "best_ema_acc1": 84.45281124497993,
      "epochs_completed": 24,
      "nas_rank": 10,
      "val_rank": 5,
      "ema_rank": 10,
      "best_rank": 11
    },
    {
      "arch_index": 5,
      "nas_quant_acc1": 75.5,
      "val_acc1": 89.58364708835342,
      "ema_acc1": 86.05170682730925,
      "best_val_acc1": 92.13525978915662,
      "best_ema_acc1": 86.05170682730925,
      "epochs_completed": 24,
      "nas_rank": 9,
      "val_rank": 1,
      "ema_rank": 2,
      "best_rank": 3
    },
    {
      "arch_index": 6,
      "nas_quant_acc1": 76.5,
      "val_acc1": 88.85824548192771,
      "ema_acc1": 85.40552836345381,
      "best_val_acc1": 91.99909011044177,
      "best_ema_acc1": 85.40552836345381,
      "epochs_completed": 24,
      "nas_rank": 8,
      "val_rank": 4,
      "ema_rank": 4,
      "best_rank": 5
    },
    {
      "arch_index": 7,
      "nas_quant_acc1": 77.25,
      "val_acc1": 88.24626631526104,
      "ema_acc1": 85.30026355421687,
      "best_val_acc1": 91.94967369477912,
      "best_ema_acc1": 85.30026355421687,
      "epochs_completed": 24,
      "nas_rank": 7,
      "val_rank": 7,
      "ema_rank": 5,
      "best_rank": 7
    },
    {
      "arch_index": 8,
      "nas_quant_acc1": 78.0,
      "val_acc1": 88.351531124498,
      "ema_acc1": 84.51791541164658,
      "best_val_acc1": 91.49614081325302,
      "best_ema_acc1": 84.51791541164658,
      "epochs_completed": 24,
      "nas_rank": 6,
      "val_rank": 6,
      "ema_rank": 9,
      "best_rank": 10
    },
    {
      "arch_index": 9,
      "nas_quant_acc1": 78.5,
      "val_acc1": 88.01518574297188,
      "ema_acc1": 56.59356174698795,
      "best_val_acc1": 92.41795306224898,
      "best_ema_acc1": 56.59356174698795,
      "epochs_completed": 24,
      "nas_rank": 5,
      "val_rank": 8,
      "ema_rank": 14,
      "best_rank": 1
    },
    {
      "arch_index": 10,
      "nas_quant_acc1": 79.0,
      "val_acc1": 89.07473644578313,
      "ema_acc1": 85.26716239959839,
      "best_val_acc1": 91.99203062248995,
      "best_ema_acc1": 85.26716239959839,
      "epochs_completed": 24,
      "nas_rank": 4,
      "val_rank": 3,
      "ema_rank": 6,
      "best_rank": 6
    },
    {
      "arch_index": 11,
      "nas_quant_acc1": 79.75,
      "val_acc1": 89.10893574297188,
      "ema_acc1": 85.41588227911646,
      "best_val_acc1": 92.2074234437751,
      "best_ema_acc1": 85.41588227911646,
      "epochs_completed": 24,
      "nas_rank": 3,
      "val_rank": 2,
      "ema_rank": 3,
      "best_rank": 2
    },
    {
      "arch_index": 12,
      "nas_quant_acc1": 80.25,
      "val_acc1": 87.6722515060241,
      "ema_acc1": 85.07404618473896,
      "best_val_acc1": 91.60846511044177,
      "best_ema_acc1": 85.07404618473896,
      "epochs_completed": 24,
      "nas_rank": 2,
      "val_rank": 11,
      "ema_rank": 7,
      "best_rank": 9
    },
    {
      "arch_index": 13,
      "nas_quant_acc1": 81.25,
      "val_acc1": 87.68966490963855,
      "ema_acc1": 84.76311495983936,
      "best_val_acc1": 91.70886671686748,
      "best_ema_acc1": 84.76311495983936,
      "epochs_completed": 24,
      "nas_rank": 1,
      "val_rank": 10,
      "ema_rank": 8,
      "best_rank": 8
    },
    {
      "arch_index": 14,
      "nas_quant_acc1": 85.5,
      "val_acc1": 89.74915286144578,
      "ema_acc1": 86.6941202309237,
      "best_val_acc1": 92.12553338353413,
      "best_ema_acc1": 86.6941202309237,
      "epochs_completed": 24,
      "nas_rank": 0,
      "val_rank": 0,
      "ema_rank": 1,
      "best_rank": 4
    }
  ],
  "timestamp": "2026-06-03T14:48:05.530608"
}