{
  "cycle": 156,
  "completed_arch_indices": [
    0,
    1,
    2,
    3,
    4,
    5,
    6,
    7,
    8,
    9,
    10,
    11,
    12,
    13,
    14
  ],
  "cycle_val_results": {
    "0": [
      93.53068524096385,
      95.14260165662651,
      95.79583960843372,
      95.14260165662651
    ],
    "1": [
      90.11969754016064,
      92.44775978915662,
      92.46187876506023,
      92.46784011044177
    ],
    "2": [
      90.69481049196787,
      92.83838478915662,
      92.78520331325302,
      92.92953062248995
    ],
    "3": [
      91.22050702811245,
      93.92350652610442,
      93.73415537148594,
      93.98970883534136
    ],
    "4": [
      91.20042670682732,
      93.39451556224898,
      93.45852158634538,
      93.49868222891565
    ],
    "5": [
      92.34626004016064,
      94.40417921686748,
      94.22784889558233,
      94.50834588353413
    ],
    "6": [
      92.19001004016064,
      94.47744101405623,
      94.11772088353413,
      94.47744101405623
    ],
    "7": [
      91.73428087349399,
      94.2066704317269,
      94.08728664658635,
      94.2066704317269
    ],
    "8": [
      91.29267068273093,
      94.06453940763052,
      94.0504204317269,
      94.09167921686748
    ],
    "9": [
      92.8324234437751,
      94.76280120481927,
      94.4253576807229,
      94.76280120481927
    ],
    "10": [
      91.53190888554217,
      93.95331325301206,
      94.21263177710844,
      94.03143825301206
    ],
    "11": [
      91.76142068273093,
      94.21592620481927,
      94.0894829317269,
      94.21592620481927
    ],
    "12": [
      91.83954568273093,
      94.28589357429719,
      94.03849774096385,
      94.35099774096385
    ],
    "13": [
      91.16842369477912,
      94.09058107429719,
      93.97449171686748,
      94.09058107429719
    ],
    "14": [
      92.1070218373494,
      94.50724774096385,
      94.36731300200803,
      94.52136671686748
    ]
  }
}