{
  "cycle": 104,
  "completed_arch_indices": [
    0,
    1,
    2,
    3,
    4,
    5,
    6,
    7,
    8,
    9,
    10,
    11,
    12,
    13,
    14
  ],
  "cycle_val_results": {
    "0": [
      89.21686746987953,
      90.20111696787149,
      95.52616716867469,
      92.39081325301206
    ],
    "1": [
      88.703093624498,
      90.84509914658635,
      92.05007530120481,
      90.84509914658635
    ],
    "2": [
      89.210906124498,
      91.32686997991968,
      92.37669427710844,
      91.36593247991968
    ],
    "3": [
      88.99394452811245,
      92.59318524096385,
      93.49272088353413,
      92.61812876506023
    ],
    "4": [
      86.87798067269075,
      92.18844126506023,
      92.96969126506023,
      92.18844126506023
    ],
    "5": [
      90.58625125502007,
      93.08201556224898,
      93.8703250502008,
      93.08201556224898
    ],
    "6": [
      90.0214922188755,
      93.00279241967873,
      93.9175451807229,
      93.01581325301206
    ],
    "7": [
      89.30205195783132,
      93.04185491967873,
      93.83502761044177,
      93.04185491967873
    ],
    "8": [
      89.29609061244979,
      92.82536395582329,
      93.56159011044177,
      92.82536395582329
    ],
    "9": [
      90.2878702309237,
      92.72606049196787,
      94.04665537148594,
      92.72606049196787
    ],
    "10": [
      89.86414407630521,
      92.65122991967873,
      93.58982806224898,
      92.65122991967873
    ],
    "11": [
      89.93034638554217,
      93.09393825301206,
      93.72709588353413,
      93.11401857429719
    ],
    "12": [
      89.757781124498,
      92.95070908634538,
      93.70481927710844,
      92.95070908634538
    ],
    "13": [
      89.68891189759036,
      93.00985190763052,
      93.96256902610442,
      93.04891440763052
    ],
    "14": [
      88.6081827309237,
      93.41945908634538,
      94.23600652610442,
      93.41945908634538
    ]
  }
}