{
  "cycle": 104,
  "n_archs": 15,
  "spearman_r": 0.3107142857142856,
  "spearman_p": 0.2596673973372179,
  "pearson_r": 0.12103085485148793,
  "pearson_p": 0.6674357234519201,
  "kendall_tau": 0.14285714285714288,
  "kendall_p": 0.4950508526248027,
  "bootstrap_ci_spearman": [
    -0.3176404012604203,
    0.7174168105477945
  ],
  "spearman_r_ema": 0.7499999999999999,
  "spearman_p_ema": 0.001280898450935536,
  "pearson_r_ema": 0.8402245850050147,
  "pearson_p_ema": 8.816546023913633e-05,
  "kendall_tau_ema": 0.580952380952381,
  "kendall_p_ema": 0.0019359627197342143,
  "bootstrap_ci_spearman_ema": [
    0.25641025641025633,
    0.9603364088635319
  ],
  "spearman_r_best": 0.38928571428571423,
  "spearman_p_best": 0.15151193679039388,
  "pearson_r_best": -0.41150021504331435,
  "pearson_p_best": 0.127527464377873,
  "kendall_tau_best": 0.3523809523809524,
  "kendall_p_best": 0.07433498084899375,
  "bootstrap_ci_spearman_best": [
    -0.2614301994688519,
    0.9127351778656128
  ],
  "mean_val_acc1": 89.35639432730925,
  "std_val_acc1": 0.885970468272801,
  "mean_ema_acc1": 92.46386588018738,
  "mean_best_val_acc1": 93.65778739959838,
  "per_arch": [
    {
      "arch_index": 0,
      "nas_quant_acc1": 10.0,
      "val_acc1": 89.21686746987953,
      "ema_acc1": 90.20111696787149,
      "best_val_acc1": 95.52616716867469,
      "best_ema_acc1": 92.39081325301206,
      "epochs_completed": 105,
      "nas_rank": 14,
      "val_rank": 9,
      "ema_rank": 14,
      "best_rank": 0
    },
    {
      "arch_index": 1,
      "nas_quant_acc1": 63.5,
      "val_acc1": 88.703093624498,
      "ema_acc1": 90.84509914658635,
      "best_val_acc1": 92.05007530120481,
      "best_ema_acc1": 90.84509914658635,
      "epochs_completed": 105,
      "nas_rank": 13,
      "val_rank": 12,
      "ema_rank": 13,
      "best_rank": 14
    },
    {
      "arch_index": 2,
      "nas_quant_acc1": 68.25,
      "val_acc1": 89.210906124498,
      "ema_acc1": 91.32686997991968,
      "best_val_acc1": 92.37669427710844,
      "best_ema_acc1": 91.36593247991968,
      "epochs_completed": 105,
      "nas_rank": 12,
      "val_rank": 10,
      "ema_rank": 12,
      "best_rank": 13
    },
    {
      "arch_index": 3,
      "nas_quant_acc1": 71.5,
      "val_acc1": 88.99394452811245,
      "ema_acc1": 92.59318524096385,
      "best_val_acc1": 93.49272088353413,
      "best_ema_acc1": 92.61812876506023,
      "epochs_completed": 105,
      "nas_rank": 11,
      "val_rank": 11,
      "ema_rank": 10,
      "best_rank": 11
    },
    {
      "arch_index": 4,
      "nas_quant_acc1": 74.0,
      "val_acc1": 86.87798067269075,
      "ema_acc1": 92.18844126506023,
      "best_val_acc1": 92.96969126506023,
      "best_ema_acc1": 92.18844126506023,
      "epochs_completed": 105,
      "nas_rank": 10,
      "val_rank": 14,
      "ema_rank": 11,
      "best_rank": 12
    },
    {
      "arch_index": 5,
      "nas_quant_acc1": 75.5,
      "val_acc1": 90.58625125502007,
      "ema_acc1": 93.08201556224898,
      "best_val_acc1": 93.8703250502008,
      "best_ema_acc1": 93.08201556224898,
      "epochs_completed": 105,
      "nas_rank": 9,
      "val_rank": 0,
      "ema_rank": 2,
      "best_rank": 5
    },
    {
      "arch_index": 6,
      "nas_quant_acc1": 76.5,
      "val_acc1": 90.0214922188755,
      "ema_acc1": 93.00279241967873,
      "best_val_acc1": 93.9175451807229,
      "best_ema_acc1": 93.01581325301206,
      "epochs_completed": 105,
      "nas_rank": 8,
      "val_rank": 2,
      "ema_rank": 5,
      "best_rank": 4
    },
    {
      "arch_index": 7,
      "nas_quant_acc1": 77.25,
      "val_acc1": 89.30205195783132,
      "ema_acc1": 93.04185491967873,
      "best_val_acc1": 93.83502761044177,
      "best_ema_acc1": 93.04185491967873,
      "epochs_completed": 105,
      "nas_rank": 7,
      "val_rank": 7,
      "ema_rank": 3,
      "best_rank": 6
    },
    {
      "arch_index": 8,
      "nas_quant_acc1": 78.0,
      "val_acc1": 89.29609061244979,
      "ema_acc1": 92.82536395582329,
      "best_val_acc1": 93.56159011044177,
      "best_ema_acc1": 92.82536395582329,
      "epochs_completed": 105,
      "nas_rank": 6,
      "val_rank": 8,
      "ema_rank": 7,
      "best_rank": 10
    },
    {
      "arch_index": 9,
      "nas_quant_acc1": 78.5,
      "val_acc1": 90.2878702309237,
      "ema_acc1": 92.72606049196787,
      "best_val_acc1": 94.04665537148594,
      "best_ema_acc1": 92.72606049196787,
      "epochs_completed": 105,
      "nas_rank": 5,
      "val_rank": 1,
      "ema_rank": 8,
      "best_rank": 2
    },
    {
      "arch_index": 10,
      "nas_quant_acc1": 79.0,
      "val_acc1": 89.86414407630521,
      "ema_acc1": 92.65122991967873,
      "best_val_acc1": 93.58982806224898,
      "best_ema_acc1": 92.65122991967873,
      "epochs_completed": 105,
      "nas_rank": 4,
      "val_rank": 4,
      "ema_rank": 9,
      "best_rank": 9
    },
    {
      "arch_index": 11,
      "nas_quant_acc1": 79.75,
      "val_acc1": 89.93034638554217,
      "ema_acc1": 93.09393825301206,
      "best_val_acc1": 93.72709588353413,
      "best_ema_acc1": 93.11401857429719,
      "epochs_completed": 105,
      "nas_rank": 3,
      "val_rank": 3,
      "ema_rank": 1,
      "best_rank": 7
    },
    {
      "arch_index": 12,
      "nas_quant_acc1": 80.25,
      "val_acc1": 89.757781124498,
      "ema_acc1": 92.95070908634538,
      "best_val_acc1": 93.70481927710844,
      "best_ema_acc1": 92.95070908634538,
      "epochs_completed": 105,
      "nas_rank": 2,
      "val_rank": 5,
      "ema_rank": 6,
      "best_rank": 8
    },
    {
      "arch_index": 13,
      "nas_quant_acc1": 81.25,
      "val_acc1": 89.68891189759036,
      "ema_acc1": 93.00985190763052,
      "best_val_acc1": 93.96256902610442,
      "best_ema_acc1": 93.04891440763052,
      "epochs_completed": 105,
      "nas_rank": 1,
      "val_rank": 6,
      "ema_rank": 4,
      "best_rank": 3
    },
    {
      "arch_index": 14,
      "nas_quant_acc1": 85.5,
      "val_acc1": 88.6081827309237,
      "ema_acc1": 93.41945908634538,
      "best_val_acc1": 94.23600652610442,
      "best_ema_acc1": 93.41945908634538,
      "epochs_completed": 105,
      "nas_rank": 0,
      "val_rank": 13,
      "ema_rank": 0,
      "best_rank": 1
    }
  ],
  "timestamp": "2026-06-04T00:49:16.663500"
}