{
  "cycle": 67,
  "completed_arch_indices": [
    0,
    1,
    2,
    3,
    4,
    5,
    6,
    7,
    8,
    9,
    10,
    11,
    12,
    13,
    14
  ],
  "cycle_val_results": {
    "0": [
      94.58050953815261,
      90.66280747991968,
      95.23484563253012,
      92.39081325301206
    ],
    "1": [
      89.99984312248995,
      89.56199799196787,
      91.75169427710844,
      89.56199799196787
    ],
    "2": [
      90.19782254016064,
      90.12079568273093,
      92.13416164658635,
      90.12079568273093
    ],
    "3": [
      90.95789407630521,
      91.47715863453816,
      92.78630145582329,
      91.47715863453816
    ],
    "4": [
      91.35181350401606,
      91.26176581325302,
      92.54596511044177,
      91.30082831325302
    ],
    "5": [
      92.40869728915662,
      92.09619728915662,
      93.59092620481927,
      92.20632530120481
    ],
    "6": [
      92.36477158634538,
      91.67843247991968,
      93.66089357429719,
      91.70447414658635
    ],
    "7": [
      92.48682228915662,
      91.97791164658635,
      93.51436997991968,
      92.05007530120481
    ],
    "8": [
      91.55904869477912,
      91.97195030120481,
      93.18288780120481,
      91.97195030120481
    ],
    "9": [
      92.49388177710844,
      90.30198920682732,
      93.61696787148594,
      90.30198920682732
    ],
    "10": [
      92.53780747991968,
      91.73051581325302,
      93.3792984437751,
      91.73051581325302
    ],
    "11": [
      92.21338478915662,
      91.91986696787149,
      93.38855421686748,
      92.05007530120481
    ],
    "12": [
      92.15581074297188,
      91.82872113453816,
      93.32125376506023,
      91.82872113453816
    ],
    "13": [
      92.06686119477912,
      91.8949234437751,
      93.23606927710844,
      91.96002761044177
    ],
    "14": [
      92.93878639558233,
      92.26766440763052,
      93.70215235943776,
      92.26766440763052
    ]
  }
}