{
  "cycle": 67,
  "n_archs": 15,
  "spearman_r": 0.33928571428571425,
  "spearman_p": 0.2160289253419548,
  "pearson_r": -0.39260888875617994,
  "pearson_p": 0.1477454766554701,
  "kendall_tau": 0.3142857142857143,
  "kendall_p": 0.11424717239544455,
  "bootstrap_ci_spearman": [
    -0.338237772771461,
    0.9095840867992765
  ],
  "spearman_r_ema": 0.6357142857142856,
  "spearman_p_ema": 0.0108607461687898,
  "pearson_r_ema": 0.45681038310985594,
  "pearson_p_ema": 0.0869368388674604,
  "kendall_tau_ema": 0.4666666666666667,
  "kendall_p_ema": 0.015510823225067603,
  "bootstrap_ci_spearman_ema": [
    0.10821772815501768,
    0.9089294585196224
  ],
  "spearman_r_best": 0.27499999999999997,
  "spearman_p_best": 0.3212111733193767,
  "pearson_r_best": -0.4611613189559848,
  "pearson_p_best": 0.0835942278418149,
  "kendall_tau_best": 0.20000000000000004,
  "kendall_p_best": 0.3282335876694342,
  "bootstrap_ci_spearman_best": [
    -0.3933823529411765,
    0.8461678832116785
  ],
  "mean_val_acc1": 92.02091700133869,
  "std_val_acc1": 1.1220946780033956,
  "mean_ema_acc1": 91.38351321954484,
  "mean_best_val_acc1": 93.26975610776441,
  "per_arch": [
    {
      "arch_index": 0,
      "nas_quant_acc1": 10.0,
      "val_acc1": 94.58050953815261,
      "ema_acc1": 90.66280747991968,
      "best_val_acc1": 95.23484563253012,
      "best_ema_acc1": 92.39081325301206,
      "epochs_completed": 68,
      "nas_rank": 14,
      "val_rank": 0,
      "ema_rank": 11,
      "best_rank": 0
    },
    {
      "arch_index": 1,
      "nas_quant_acc1": 63.5,
      "val_acc1": 89.99984312248995,
      "ema_acc1": 89.56199799196787,
      "best_val_acc1": 91.75169427710844,
      "best_ema_acc1": 89.56199799196787,
      "epochs_completed": 68,
      "nas_rank": 13,
      "val_rank": 14,
      "ema_rank": 14,
      "best_rank": 14
    },
    {
      "arch_index": 2,
      "nas_quant_acc1": 68.25,
      "val_acc1": 90.19782254016064,
      "ema_acc1": 90.12079568273093,
      "best_val_acc1": 92.13416164658635,
      "best_ema_acc1": 90.12079568273093,
      "epochs_completed": 68,
      "nas_rank": 12,
      "val_rank": 13,
      "ema_rank": 13,
      "best_rank": 13
    },
    {
      "arch_index": 3,
      "nas_quant_acc1": 71.5,
      "val_acc1": 90.95789407630521,
      "ema_acc1": 91.47715863453816,
      "best_val_acc1": 92.78630145582329,
      "best_ema_acc1": 91.47715863453816,
      "epochs_completed": 68,
      "nas_rank": 11,
      "val_rank": 12,
      "ema_rank": 9,
      "best_rank": 11
    },
    {
      "arch_index": 4,
      "nas_quant_acc1": 74.0,
      "val_acc1": 91.35181350401606,
      "ema_acc1": 91.26176581325302,
      "best_val_acc1": 92.54596511044177,
      "best_ema_acc1": 91.30082831325302,
      "epochs_completed": 68,
      "nas_rank": 10,
      "val_rank": 11,
      "ema_rank": 10,
      "best_rank": 12
    },
    {
      "arch_index": 5,
      "nas_quant_acc1": 75.5,
      "val_acc1": 92.40869728915662,
      "ema_acc1": 92.09619728915662,
      "best_val_acc1": 93.59092620481927,
      "best_ema_acc1": 92.20632530120481,
      "epochs_completed": 68,
      "nas_rank": 9,
      "val_rank": 5,
      "ema_rank": 1,
      "best_rank": 4
    },
    {
      "arch_index": 6,
      "nas_quant_acc1": 76.5,
      "val_acc1": 92.36477158634538,
      "ema_acc1": 91.67843247991968,
      "best_val_acc1": 93.66089357429719,
      "best_ema_acc1": 91.70447414658635,
      "epochs_completed": 68,
      "nas_rank": 8,
      "val_rank": 6,
      "ema_rank": 8,
      "best_rank": 2
    },
    {
      "arch_index": 7,
      "nas_quant_acc1": 77.25,
      "val_acc1": 92.48682228915662,
      "ema_acc1": 91.97791164658635,
      "best_val_acc1": 93.51436997991968,
      "best_ema_acc1": 92.05007530120481,
      "epochs_completed": 68,
      "nas_rank": 7,
      "val_rank": 4,
      "ema_rank": 2,
      "best_rank": 5
    },
    {
      "arch_index": 8,
      "nas_quant_acc1": 78.0,
      "val_acc1": 91.55904869477912,
      "ema_acc1": 91.97195030120481,
      "best_val_acc1": 93.18288780120481,
      "best_ema_acc1": 91.97195030120481,
      "epochs_completed": 68,
      "nas_rank": 6,
      "val_rank": 10,
      "ema_rank": 3,
      "best_rank": 10
    },
    {
      "arch_index": 9,
      "nas_quant_acc1": 78.5,
      "val_acc1": 92.49388177710844,
      "ema_acc1": 90.30198920682732,
      "best_val_acc1": 93.61696787148594,
      "best_ema_acc1": 90.30198920682732,
      "epochs_completed": 68,
      "nas_rank": 5,
      "val_rank": 3,
      "ema_rank": 12,
      "best_rank": 3
    },
    {
      "arch_index": 10,
      "nas_quant_acc1": 79.0,
      "val_acc1": 92.53780747991968,
      "ema_acc1": 91.73051581325302,
      "best_val_acc1": 93.3792984437751,
      "best_ema_acc1": 91.73051581325302,
      "epochs_completed": 68,
      "nas_rank": 4,
      "val_rank": 2,
      "ema_rank": 7,
      "best_rank": 7
    },
    {
      "arch_index": 11,
      "nas_quant_acc1": 79.75,
      "val_acc1": 92.21338478915662,
      "ema_acc1": 91.91986696787149,
      "best_val_acc1": 93.38855421686748,
      "best_ema_acc1": 92.05007530120481,
      "epochs_completed": 68,
      "nas_rank": 3,
      "val_rank": 7,
      "ema_rank": 4,
      "best_rank": 6
    },
    {
      "arch_index": 12,
      "nas_quant_acc1": 80.25,
      "val_acc1": 92.15581074297188,
      "ema_acc1": 91.82872113453816,
      "best_val_acc1": 93.32125376506023,
      "best_ema_acc1": 91.82872113453816,
      "epochs_completed": 68,
      "nas_rank": 2,
      "val_rank": 8,
      "ema_rank": 6,
      "best_rank": 8
    },
    {
      "arch_index": 13,
      "nas_quant_acc1": 81.25,
      "val_acc1": 92.06686119477912,
      "ema_acc1": 91.8949234437751,
      "best_val_acc1": 93.23606927710844,
      "best_ema_acc1": 91.96002761044177,
      "epochs_completed": 68,
      "nas_rank": 1,
      "val_rank": 9,
      "ema_rank": 5,
      "best_rank": 9
    },
    {
      "arch_index": 14,
      "nas_quant_acc1": 85.5,
      "val_acc1": 92.93878639558233,
      "ema_acc1": 92.26766440763052,
      "best_val_acc1": 93.70215235943776,
      "best_ema_acc1": 92.26766440763052,
      "epochs_completed": 68,
      "nas_rank": 0,
      "val_rank": 1,
      "ema_rank": 0,
      "best_rank": 1
    }
  ],
  "timestamp": "2026-06-03T21:44:03.293117"
}