{
  "cycle": 69,
  "completed_arch_indices": [
    0,
    1,
    2,
    3,
    4,
    5,
    6,
    7,
    8,
    9,
    10,
    11,
    12,
    13,
    14
  ],
  "cycle_val_results": {
    "0": [
      94.78994101405623,
      90.29006651606427,
      95.23484563253012,
      92.39081325301206
    ],
    "1": [
      91.52328062248995,
      89.58803965863453,
      91.75169427710844,
      89.58803965863453
    ],
    "2": [
      91.63936997991968,
      90.21084337349399,
      92.13416164658635,
      90.21084337349399
    ],
    "3": [
      92.57200677710844,
      91.57426581325302,
      92.78630145582329,
      91.57426581325302
    ],
    "4": [
      92.2242093373494,
      91.34695030120481,
      92.54596511044177,
      91.34695030120481
    ],
    "5": [
      93.34839357429719,
      92.14937876506023,
      93.59092620481927,
      92.20632530120481
    ],
    "6": [
      93.38149472891565,
      91.71043549196787,
      93.66089357429719,
      91.75059613453816
    ],
    "7": [
      93.42102786144578,
      91.9578313253012,
      93.52252761044177,
      92.05007530120481
    ],
    "8": [
      93.16767068273093,
      92.20632530120481,
      93.18288780120481,
      92.20632530120481
    ],
    "9": [
      93.46558107429719,
      90.43219754016064,
      93.61696787148594,
      90.43219754016064
    ],
    "10": [
      93.16500376506023,
      91.73757530120481,
      93.3792984437751,
      91.73757530120481
    ],
    "11": [
      93.42165537148594,
      91.96598895582329,
      93.42165537148594,
      92.05007530120481
    ],
    "12": [
      93.1687688253012,
      91.95892946787149,
      93.32125376506023,
      91.95892946787149
    ],
    "13": [
      93.13409889558233,
      91.98606927710844,
      93.23606927710844,
      92.00614959839358
    ],
    "14": [
      94.17796184738955,
      92.29370607429719,
      94.17796184738955,
      92.29370607429719
    ]
  }
}