{
  "cycle": 69,
  "n_archs": 15,
  "spearman_r": 0.3321428571428571,
  "spearman_p": 0.2264717590707243,
  "pearson_r": -0.29094602853698787,
  "pearson_p": 0.2927763625684245,
  "kendall_tau": 0.29523809523809524,
  "kendall_p": 0.13946285911906778,
  "bootstrap_ci_spearman": [
    -0.3311345877166351,
    0.8891095601826682
  ],
  "spearman_r_ema": 0.7428571428571428,
  "spearman_p_ema": 0.00150948887823503,
  "pearson_r_ema": 0.5669130737448244,
  "pearson_p_ema": 0.027542839757450865,
  "kendall_tau_ema": 0.6000000000000001,
  "kendall_p_ema": 0.0012858607977242237,
  "bootstrap_ci_spearman_ema": [
    0.3103416813491065,
    0.9522935779816514
  ],
  "spearman_r_best": 0.27499999999999997,
  "spearman_p_best": 0.3212111733193767,
  "pearson_r_best": -0.4128965298234963,
  "pearson_p_best": 0.12611249341232786,
  "kendall_tau_best": 0.20000000000000004,
  "kendall_p_best": 0.3282335876694342,
  "bootstrap_ci_spearman_best": [
    -0.3933823529411765,
    0.8461678832116785
  ],
  "mean_val_acc1": 93.10669762382865,
  "std_val_acc1": 0.8526557510333734,
  "mean_ema_acc1": 91.4272402108434,
  "mean_best_val_acc1": 93.30422732597054,
  "per_arch": [
    {
      "arch_index": 0,
      "nas_quant_acc1": 10.0,
      "val_acc1": 94.78994101405623,
      "ema_acc1": 90.29006651606427,
      "best_val_acc1": 95.23484563253012,
      "best_ema_acc1": 92.39081325301206,
      "epochs_completed": 70,
      "nas_rank": 14,
      "val_rank": 0,
      "ema_rank": 12,
      "best_rank": 0
    },
    {
      "arch_index": 1,
      "nas_quant_acc1": 63.5,
      "val_acc1": 91.52328062248995,
      "ema_acc1": 89.58803965863453,
      "best_val_acc1": 91.75169427710844,
      "best_ema_acc1": 89.58803965863453,
      "epochs_completed": 70,
      "nas_rank": 13,
      "val_rank": 14,
      "ema_rank": 14,
      "best_rank": 14
    },
    {
      "arch_index": 2,
      "nas_quant_acc1": 68.25,
      "val_acc1": 91.63936997991968,
      "ema_acc1": 90.21084337349399,
      "best_val_acc1": 92.13416164658635,
      "best_ema_acc1": 90.21084337349399,
      "epochs_completed": 70,
      "nas_rank": 12,
      "val_rank": 13,
      "ema_rank": 13,
      "best_rank": 13
    },
    {
      "arch_index": 3,
      "nas_quant_acc1": 71.5,
      "val_acc1": 92.57200677710844,
      "ema_acc1": 91.57426581325302,
      "best_val_acc1": 92.78630145582329,
      "best_ema_acc1": 91.57426581325302,
      "epochs_completed": 70,
      "nas_rank": 11,
      "val_rank": 11,
      "ema_rank": 9,
      "best_rank": 11
    },
    {
      "arch_index": 4,
      "nas_quant_acc1": 74.0,
      "val_acc1": 92.2242093373494,
      "ema_acc1": 91.34695030120481,
      "best_val_acc1": 92.54596511044177,
      "best_ema_acc1": 91.34695030120481,
      "epochs_completed": 70,
      "nas_rank": 10,
      "val_rank": 12,
      "ema_rank": 10,
      "best_rank": 12
    },
    {
      "arch_index": 5,
      "nas_quant_acc1": 75.5,
      "val_acc1": 93.34839357429719,
      "ema_acc1": 92.14937876506023,
      "best_val_acc1": 93.59092620481927,
      "best_ema_acc1": 92.20632530120481,
      "epochs_completed": 70,
      "nas_rank": 9,
      "val_rank": 6,
      "ema_rank": 2,
      "best_rank": 4
    },
    {
      "arch_index": 6,
      "nas_quant_acc1": 76.5,
      "val_acc1": 93.38149472891565,
      "ema_acc1": 91.71043549196787,
      "best_val_acc1": 93.66089357429719,
      "best_ema_acc1": 91.75059613453816,
      "epochs_completed": 70,
      "nas_rank": 8,
      "val_rank": 5,
      "ema_rank": 8,
      "best_rank": 2
    },
    {
      "arch_index": 7,
      "nas_quant_acc1": 77.25,
      "val_acc1": 93.42102786144578,
      "ema_acc1": 91.9578313253012,
      "best_val_acc1": 93.52252761044177,
      "best_ema_acc1": 92.05007530120481,
      "epochs_completed": 70,
      "nas_rank": 7,
      "val_rank": 4,
      "ema_rank": 6,
      "best_rank": 5
    },
    {
      "arch_index": 8,
      "nas_quant_acc1": 78.0,
      "val_acc1": 93.16767068273093,
      "ema_acc1": 92.20632530120481,
      "best_val_acc1": 93.18288780120481,
      "best_ema_acc1": 92.20632530120481,
      "epochs_completed": 70,
      "nas_rank": 6,
      "val_rank": 8,
      "ema_rank": 1,
      "best_rank": 10
    },
    {
      "arch_index": 9,
      "nas_quant_acc1": 78.5,
      "val_acc1": 93.46558107429719,
      "ema_acc1": 90.43219754016064,
      "best_val_acc1": 93.61696787148594,
      "best_ema_acc1": 90.43219754016064,
      "epochs_completed": 70,
      "nas_rank": 5,
      "val_rank": 2,
      "ema_rank": 11,
      "best_rank": 3
    },
    {
      "arch_index": 10,
      "nas_quant_acc1": 79.0,
      "val_acc1": 93.16500376506023,
      "ema_acc1": 91.73757530120481,
      "best_val_acc1": 93.3792984437751,
      "best_ema_acc1": 91.73757530120481,
      "epochs_completed": 70,
      "nas_rank": 4,
      "val_rank": 9,
      "ema_rank": 7,
      "best_rank": 7
    },
    {
      "arch_index": 11,
      "nas_quant_acc1": 79.75,
      "val_acc1": 93.42165537148594,
      "ema_acc1": 91.96598895582329,
      "best_val_acc1": 93.42165537148594,
      "best_ema_acc1": 92.05007530120481,
      "epochs_completed": 70,
      "nas_rank": 3,
      "val_rank": 3,
      "ema_rank": 4,
      "best_rank": 6
    },
    {
      "arch_index": 12,
      "nas_quant_acc1": 80.25,
      "val_acc1": 93.1687688253012,
      "ema_acc1": 91.95892946787149,
      "best_val_acc1": 93.32125376506023,
      "best_ema_acc1": 91.95892946787149,
      "epochs_completed": 70,
      "nas_rank": 2,
      "val_rank": 7,
      "ema_rank": 5,
      "best_rank": 8
    },
    {
      "arch_index": 13,
      "nas_quant_acc1": 81.25,
      "val_acc1": 93.13409889558233,
      "ema_acc1": 91.98606927710844,
      "best_val_acc1": 93.23606927710844,
      "best_ema_acc1": 92.00614959839358,
      "epochs_completed": 70,
      "nas_rank": 1,
      "val_rank": 10,
      "ema_rank": 3,
      "best_rank": 9
    },
    {
      "arch_index": 14,
      "nas_quant_acc1": 85.5,
      "val_acc1": 94.17796184738955,
      "ema_acc1": 92.29370607429719,
      "best_val_acc1": 94.17796184738955,
      "best_ema_acc1": 92.29370607429719,
      "epochs_completed": 70,
      "nas_rank": 0,
      "val_rank": 1,
      "ema_rank": 0,
      "best_rank": 1
    }
  ],
  "timestamp": "2026-06-03T21:54:08.408941"
}