{
  "cycle": 2,
  "n_archs": 14,
  "spearman_r": 0.1364137239109729,
  "spearman_p": 0.6419243321543964,
  "pearson_r": 0.09756810664412746,
  "pearson_p": 0.7400230388216036,
  "kendall_tau": 0.022099784804393195,
  "kendall_p": 0.9126836080591444,
  "bootstrap_ci_spearman": [
    -0.476510067114094,
    0.5818181818181818
  ],
  "spearman_r_ema": 0.27942811188215416,
  "spearman_p_ema": 0.3332909251378404,
  "pearson_r_ema": 0.856563900664062,
  "pearson_p_ema": 9.163688473800835e-05,
  "kendall_tau_ema": 0.13259870882635919,
  "kendall_p_ema": 0.5105861174296338,
  "bootstrap_ci_spearman_ema": [
    -0.36611246796925057,
    0.7472283813747229
  ],
  "spearman_r_best": 0.1364137239109729,
  "spearman_p_best": 0.6419243321543964,
  "pearson_r_best": 0.09756810664412746,
  "pearson_p_best": 0.7400230388216036,
  "kendall_tau_best": 0.022099784804393195,
  "kendall_p_best": 0.9126836080591444,
  "bootstrap_ci_spearman_best": [
    -0.43176733780760623,
    0.5803587037962037
  ],
  "mean_val_acc1": 63.60649858324824,
  "std_val_acc1": 2.6848067300353367,
  "mean_ema_acc1": 61.5991682138151,
  "mean_best_val_acc1": 63.60649858324824,
  "per_arch": [
    {
      "arch_index": 0,
      "nas_quant_acc1": 59.333333333333336,
      "val_acc1": 63.60032232939319,
      "ema_acc1": 38.872168473442144,
      "best_val_acc1": 63.60032232939319,
      "best_ema_acc1": 38.872168473442144,
      "epochs_completed": 3,
      "nas_rank": 13,
      "val_rank": 8,
      "ema_rank": 13,
      "best_rank": 8
    },
    {
      "arch_index": 1,
      "nas_quant_acc1": 78.66666666666667,
      "val_acc1": 58.28789795188569,
      "ema_acc1": 58.52315921994329,
      "best_val_acc1": 58.28789795188569,
      "best_ema_acc1": 58.52315921994329,
      "epochs_completed": 3,
      "nas_rank": 12,
      "val_rank": 12,
      "ema_rank": 11,
      "best_rank": 12
    },
    {
      "arch_index": 2,
      "nas_quant_acc1": 80.66666666666667,
      "val_acc1": 64.47476670307972,
      "ema_acc1": 63.868091839383936,
      "best_val_acc1": 64.47476670307972,
      "best_ema_acc1": 63.868091839383936,
      "epochs_completed": 3,
      "nas_rank": 11,
      "val_rank": 6,
      "ema_rank": 6,
      "best_rank": 6
    },
    {
      "arch_index": 3,
      "nas_quant_acc1": 81.33333333333333,
      "val_acc1": 66.3899979915646,
      "ema_acc1": 66.28543198506904,
      "best_val_acc1": 66.3899979915646,
      "best_ema_acc1": 66.28543198506904,
      "epochs_completed": 3,
      "nas_rank": 10,
      "val_rank": 1,
      "ema_rank": 1,
      "best_rank": 1
    },
    {
      "arch_index": 4,
      "nas_quant_acc1": 82.0,
      "val_acc1": 65.97961584998458,
      "ema_acc1": 65.7017835886332,
      "best_val_acc1": 65.97961584998458,
      "best_ema_acc1": 65.7017835886332,
      "epochs_completed": 3,
      "nas_rank": 9,
      "val_rank": 2,
      "ema_rank": 2,
      "best_rank": 2
    },
    {
      "arch_index": 5,
      "nas_quant_acc1": 82.66666666666667,
      "val_acc1": 63.69177668157484,
      "ema_acc1": 63.661826500570676,
      "best_val_acc1": 63.69177668157484,
      "best_ema_acc1": 63.661826500570676,
      "epochs_completed": 3,
      "nas_rank": 8,
      "val_rank": 7,
      "ema_rank": 7,
      "best_rank": 7
    },
    {
      "arch_index": 7,
      "nas_quant_acc1": 84.0,
      "val_acc1": 63.186119261875504,
      "ema_acc1": 62.70606988375563,
      "best_val_acc1": 63.186119261875504,
      "best_ema_acc1": 62.70606988375563,
      "epochs_completed": 3,
      "nas_rank": 7,
      "val_rank": 9,
      "ema_rank": 8,
      "best_rank": 9
    },
    {
      "arch_index": 8,
      "nas_quant_acc1": 84.66666666666667,
      "val_acc1": 62.93128995439378,
      "ema_acc1": 62.42933981257866,
      "best_val_acc1": 62.93128995439378,
      "best_ema_acc1": 62.42933981257866,
      "epochs_completed": 3,
      "nas_rank": 6,
      "val_rank": 10,
      "ema_rank": 9,
      "best_rank": 10
    },
    {
      "arch_index": 9,
      "nas_quant_acc1": 85.33333333333333,
      "val_acc1": 66.41375141447743,
      "ema_acc1": 66.33322393075308,
      "best_val_acc1": 66.41375141447743,
      "best_ema_acc1": 66.33322393075308,
      "epochs_completed": 3,
      "nas_rank": 5,
      "val_rank": 0,
      "ema_rank": 0,
      "best_rank": 0
    },
    {
      "arch_index": 10,
      "nas_quant_acc1": 85.33333333333333,
      "val_acc1": 57.616114510211176,
      "ema_acc1": 57.25841314006631,
      "best_val_acc1": 57.616114510211176,
      "best_ema_acc1": 57.25841314006631,
      "epochs_completed": 3,
      "nas_rank": 4,
      "val_rank": 13,
      "ema_rank": 12,
      "best_rank": 13
    },
    {
      "arch_index": 11,
      "nas_quant_acc1": 86.0,
      "val_acc1": 62.889411626391784,
      "ema_acc1": 62.078381886851574,
      "best_val_acc1": 62.889411626391784,
      "best_ema_acc1": 62.078381886851574,
      "epochs_completed": 3,
      "nas_rank": 3,
      "val_rank": 11,
      "ema_rank": 10,
      "best_rank": 11
    },
    {
      "arch_index": 12,
      "nas_quant_acc1": 86.66666666666667,
      "val_acc1": 65.41206824761552,
      "ema_acc1": 65.61420600669148,
      "best_val_acc1": 65.41206824761552,
      "best_ema_acc1": 65.61420600669148,
      "epochs_completed": 3,
      "nas_rank": 2,
      "val_rank": 3,
      "ema_rank": 3,
      "best_rank": 3
    },
    {
      "arch_index": 13,
      "nas_quant_acc1": 88.0,
      "val_acc1": 65.13620229353526,
      "ema_acc1": 64.63109156016247,
      "best_val_acc1": 65.13620229353526,
      "best_ema_acc1": 64.63109156016247,
      "epochs_completed": 3,
      "nas_rank": 1,
      "val_rank": 4,
      "ema_rank": 4,
      "best_rank": 4
    },
    {
      "arch_index": 14,
      "nas_quant_acc1": 92.66666666666667,
      "val_acc1": 64.48164534949228,
      "ema_acc1": 64.42516716550979,
      "best_val_acc1": 64.48164534949228,
      "best_ema_acc1": 64.42516716550979,
      "epochs_completed": 3,
      "nas_rank": 0,
      "val_rank": 5,
      "ema_rank": 5,
      "best_rank": 5
    }
  ],
  "timestamp": "2026-04-25T11:06:24.067073"
}