{
  "cycle": 11,
  "completed_arch_indices": [
    0,
    1,
    2,
    3,
    4,
    5,
    6,
    7,
    8,
    9,
    10,
    11,
    12,
    13,
    14
  ],
  "cycle_val_results": {
    "0": [
      87.67554593373494,
      72.13102409638554,
      92.65499497991968,
      72.13102409638554
    ],
    "1": [
      82.16161521084338,
      49.01418172690763,
      87.45528990963855,
      49.01418172690763
    ],
    "2": [
      82.82787399598394,
      54.47430346385542,
      87.38092996987953,
      54.47430346385542
    ],
    "3": [
      81.86323418674698,
      58.93574297188755,
      89.46159638554217,
      58.93574297188755
    ],
    "4": [
      84.33076054216868,
      61.345224648594375,
      89.00963227911646,
      61.345224648594375
    ],
    "5": [
      87.0081890060241,
      62.30766817269077,
      90.76587600401606,
      62.30766817269077
    ],
    "6": [
      85.51126380522088,
      57.99777233935743,
      90.22166792168674,
      57.99777233935743
    ],
    "7": [
      85.78203438755021,
      60.3132843875502,
      89.75511420682732,
      60.3132843875502
    ],
    "8": [
      86.15806977911646,
      56.95328187751004,
      89.85002510040161,
      56.95328187751004
    ],
    "9": [
      87.43191516064257,
      26.259726405622487,
      90.8640813253012,
      26.259726405622487
    ],
    "10": [
      87.04834964859438,
      59.21623995983936,
      90.38607555220884,
      59.21623995983936
    ],
    "11": [
      86.5800702811245,
      62.10372740963855,
      90.42623619477912,
      62.10372740963855
    ],
    "12": [
      86.14991214859438,
      58.54182354417671,
      90.07090863453816,
      58.54182354417671
    ],
    "13": [
      87.02936746987953,
      55.97232680722892,
      89.81049196787149,
      55.97232680722892
    ],
    "14": [
      85.09083207831326,
      60.51895080321285,
      90.5835843373494,
      60.51895080321285
    ]
  }
}