{
  "cycle": 11,
  "n_archs": 15,
  "spearman_r": 0.3107142857142856,
  "spearman_p": 0.2596673973372179,
  "pearson_r": -0.0846578668995232,
  "pearson_p": 0.7641983529764994,
  "kendall_tau": 0.2571428571428572,
  "kendall_p": 0.20184282422518202,
  "bootstrap_ci_spearman": [
    -0.3478598680550037,
    0.8587020402547372
  ],
  "spearman_r_ema": -0.04285714285714285,
  "spearman_p_ema": 0.8794603130258999,
  "pearson_r_ema": -0.36670649314753057,
  "pearson_p_ema": 0.17880562859928448,
  "kendall_tau_ema": -0.028571428571428574,
  "kendall_p_ema": 0.9225700904951897,
  "bootstrap_ci_spearman_ema": [
    -0.6109618609238864,
    0.5877381226368563
  ],
  "spearman_r_best": 0.3107142857142856,
  "spearman_p_best": 0.2596673973372179,
  "pearson_r_best": -0.35178044893593485,
  "pearson_p_best": 0.19850609157405383,
  "kendall_tau_best": 0.2571428571428572,
  "kendall_p_best": 0.20184282422518202,
  "bootstrap_ci_spearman_best": [
    -0.3297016274864375,
    0.8587020402547372
  ],
  "mean_val_acc1": 85.50993557563588,
  "std_val_acc1": 1.9015433601859422,
  "mean_ema_acc1": 57.07235190763052,
  "mean_best_val_acc1": 89.91310031793842,
  "per_arch": [
    {
      "arch_index": 0,
      "nas_quant_acc1": 10.0,
      "val_acc1": 87.67554593373494,
      "ema_acc1": 72.13102409638554,
      "best_val_acc1": 92.65499497991968,
      "best_ema_acc1": 72.13102409638554,
      "epochs_completed": 12,
      "nas_rank": 14,
      "val_rank": 0,
      "ema_rank": 0,
      "best_rank": 0
    },
    {
      "arch_index": 1,
      "nas_quant_acc1": 63.5,
      "val_acc1": 82.16161521084338,
      "ema_acc1": 49.01418172690763,
      "best_val_acc1": 87.45528990963855,
      "best_ema_acc1": 49.01418172690763,
      "epochs_completed": 12,
      "nas_rank": 13,
      "val_rank": 13,
      "ema_rank": 13,
      "best_rank": 13
    },
    {
      "arch_index": 2,
      "nas_quant_acc1": 68.25,
      "val_acc1": 82.82787399598394,
      "ema_acc1": 54.47430346385542,
      "best_val_acc1": 87.38092996987953,
      "best_ema_acc1": 54.47430346385542,
      "epochs_completed": 12,
      "nas_rank": 12,
      "val_rank": 12,
      "ema_rank": 12,
      "best_rank": 14
    },
    {
      "arch_index": 3,
      "nas_quant_acc1": 71.5,
      "val_acc1": 81.86323418674698,
      "ema_acc1": 58.93574297188755,
      "best_val_acc1": 89.46159638554217,
      "best_ema_acc1": 58.93574297188755,
      "epochs_completed": 12,
      "nas_rank": 11,
      "val_rank": 14,
      "ema_rank": 7,
      "best_rank": 11
    },
    {
      "arch_index": 4,
      "nas_quant_acc1": 74.0,
      "val_acc1": 84.33076054216868,
      "ema_acc1": 61.345224648594375,
      "best_val_acc1": 89.00963227911646,
      "best_ema_acc1": 61.345224648594375,
      "epochs_completed": 12,
      "nas_rank": 10,
      "val_rank": 11,
      "ema_rank": 3,
      "best_rank": 12
    },
    {
      "arch_index": 5,
      "nas_quant_acc1": 75.5,
      "val_acc1": 87.0081890060241,
      "ema_acc1": 62.30766817269077,
      "best_val_acc1": 90.76587600401606,
      "best_ema_acc1": 62.30766817269077,
      "epochs_completed": 12,
      "nas_rank": 9,
      "val_rank": 4,
      "ema_rank": 1,
      "best_rank": 2
    },
    {
      "arch_index": 6,
      "nas_quant_acc1": 76.5,
      "val_acc1": 85.51126380522088,
      "ema_acc1": 57.99777233935743,
      "best_val_acc1": 90.22166792168674,
      "best_ema_acc1": 57.99777233935743,
      "epochs_completed": 12,
      "nas_rank": 8,
      "val_rank": 9,
      "ema_rank": 9,
      "best_rank": 6
    },
    {
      "arch_index": 7,
      "nas_quant_acc1": 77.25,
      "val_acc1": 85.78203438755021,
      "ema_acc1": 60.3132843875502,
      "best_val_acc1": 89.75511420682732,
      "best_ema_acc1": 60.3132843875502,
      "epochs_completed": 12,
      "nas_rank": 7,
      "val_rank": 8,
      "ema_rank": 5,
      "best_rank": 10
    },
    {
      "arch_index": 8,
      "nas_quant_acc1": 78.0,
      "val_acc1": 86.15806977911646,
      "ema_acc1": 56.95328187751004,
      "best_val_acc1": 89.85002510040161,
      "best_ema_acc1": 56.95328187751004,
      "epochs_completed": 12,
      "nas_rank": 6,
      "val_rank": 6,
      "ema_rank": 10,
      "best_rank": 8
    },
    {
      "arch_index": 9,
      "nas_quant_acc1": 78.5,
      "val_acc1": 87.43191516064257,
      "ema_acc1": 26.259726405622487,
      "best_val_acc1": 90.8640813253012,
      "best_ema_acc1": 26.259726405622487,
      "epochs_completed": 12,
      "nas_rank": 5,
      "val_rank": 1,
      "ema_rank": 14,
      "best_rank": 1
    },
    {
      "arch_index": 10,
      "nas_quant_acc1": 79.0,
      "val_acc1": 87.04834964859438,
      "ema_acc1": 59.21623995983936,
      "best_val_acc1": 90.38607555220884,
      "best_ema_acc1": 59.21623995983936,
      "epochs_completed": 12,
      "nas_rank": 4,
      "val_rank": 2,
      "ema_rank": 6,
      "best_rank": 5
    },
    {
      "arch_index": 11,
      "nas_quant_acc1": 79.75,
      "val_acc1": 86.5800702811245,
      "ema_acc1": 62.10372740963855,
      "best_val_acc1": 90.42623619477912,
      "best_ema_acc1": 62.10372740963855,
      "epochs_completed": 12,
      "nas_rank": 3,
      "val_rank": 5,
      "ema_rank": 2,
      "best_rank": 4
    },
    {
      "arch_index": 12,
      "nas_quant_acc1": 80.25,
      "val_acc1": 86.14991214859438,
      "ema_acc1": 58.54182354417671,
      "best_val_acc1": 90.07090863453816,
      "best_ema_acc1": 58.54182354417671,
      "epochs_completed": 12,
      "nas_rank": 2,
      "val_rank": 7,
      "ema_rank": 8,
      "best_rank": 7
    },
    {
      "arch_index": 13,
      "nas_quant_acc1": 81.25,
      "val_acc1": 87.02936746987953,
      "ema_acc1": 55.97232680722892,
      "best_val_acc1": 89.81049196787149,
      "best_ema_acc1": 55.97232680722892,
      "epochs_completed": 12,
      "nas_rank": 1,
      "val_rank": 3,
      "ema_rank": 11,
      "best_rank": 9
    },
    {
      "arch_index": 14,
      "nas_quant_acc1": 85.5,
      "val_acc1": 85.09083207831326,
      "ema_acc1": 60.51895080321285,
      "best_val_acc1": 90.5835843373494,
      "best_ema_acc1": 60.51895080321285,
      "epochs_completed": 12,
      "nas_rank": 0,
      "val_rank": 10,
      "ema_rank": 4,
      "best_rank": 3
    }
  ],
  "timestamp": "2026-06-03T13:52:06.226038"
}