{
  "cycle": 111,
  "completed_arch_indices": [
    0,
    1,
    2,
    3,
    4,
    5,
    6,
    7,
    8,
    9,
    10,
    11,
    12,
    13,
    14
  ],
  "cycle_val_results": {
    "0": [
      90.17178087349399,
      90.9574234437751,
      95.79583960843372,
      92.39081325301206
    ],
    "1": [
      84.41484688755021,
      91.10551581325302,
      92.26546812248995,
      91.11853664658635
    ],
    "2": [
      86.15257906626506,
      91.54226280120481,
      92.4585843373494,
      91.54226280120481
    ],
    "3": [
      89.31350401606427,
      92.65232806224898,
      93.49272088353413,
      92.65232806224898
    ],
    "4": [
      88.81431977911646,
      92.51396209839358,
      93.22414658634538,
      92.51396209839358
    ],
    "5": [
      85.74673694779116,
      93.25724774096385,
      93.8703250502008,
      93.25724774096385
    ],
    "6": [
      89.4371234939759,
      93.16610190763052,
      94.03363453815261,
      93.16610190763052
    ],
    "7": [
      88.21316516064257,
      93.1519829317269,
      93.83502761044177,
      93.21818524096385
    ],
    "8": [
      88.76333458835342,
      93.13786395582329,
      93.6207329317269,
      93.13786395582329
    ],
    "9": [
      89.64388805220884,
      93.05864081325302,
      94.33091741967873,
      93.05864081325302
    ],
    "10": [
      87.13949548192771,
      92.9957329317269,
      93.82420306224898,
      92.9957329317269
    ],
    "11": [
      90.20158760040161,
      93.41349774096385,
      94.0894829317269,
      93.41349774096385
    ],
    "12": [
      89.09152233935743,
      93.26320908634538,
      93.70481927710844,
      93.27622991967873
    ],
    "13": [
      88.96947163654619,
      93.27622991967873,
      93.96256902610442,
      93.27622991967873
    ],
    "14": [
      89.29499246987953,
      93.75203940763052,
      94.35209588353413,
      93.75203940763052
    ]
  }
}