{
  "cycle": 111,
  "n_archs": 15,
  "spearman_r": 0.23928571428571427,
  "spearman_p": 0.39037931192023567,
  "pearson_r": -0.07955268637954534,
  "pearson_p": 0.778079246835485,
  "kendall_tau": 0.20000000000000004,
  "kendall_p": 0.3282335876694342,
  "bootstrap_ci_spearman": [
    -0.36009090909090913,
    0.7541953745483597
  ],
  "spearman_r_ema": 0.8607142857142854,
  "spearman_p_ema": 3.8055250226647814e-05,
  "pearson_r_ema": 0.7816267692571701,
  "pearson_p_ema": 0.0005777616318193177,
  "kendall_tau_ema": 0.6571428571428571,
  "kendall_p_ema": 0.00033037090163412914,
  "bootstrap_ci_spearman_ema": [
    0.436928702010969,
    0.974685825065572
  ],
  "spearman_r_best": 0.4035714285714285,
  "spearman_p_best": 0.13576799650365623,
  "pearson_r_best": -0.4485026831751109,
  "pearson_p_best": 0.09358034801286662,
  "kendall_tau_best": 0.3523809523809524,
  "kendall_p_best": 0.07433498084899375,
  "bootstrap_ci_spearman_best": [
    -0.25,
    0.9130474093875307
  ],
  "mean_val_acc1": 88.35788989290496,
  "std_val_acc1": 1.7179475724407953,
  "mean_ema_acc1": 92.74960257697457,
  "mean_best_val_acc1": 93.79070448460509,
  "per_arch": [
    {
      "arch_index": 0,
      "nas_quant_acc1": 10.0,
      "val_acc1": 90.17178087349399,
      "ema_acc1": 90.9574234437751,
      "best_val_acc1": 95.79583960843372,
      "best_ema_acc1": 92.39081325301206,
      "epochs_completed": 112,
      "nas_rank": 14,
      "val_rank": 1,
      "ema_rank": 14,
      "best_rank": 0
    },
    {
      "arch_index": 1,
      "nas_quant_acc1": 63.5,
      "val_acc1": 84.41484688755021,
      "ema_acc1": 91.10551581325302,
      "best_val_acc1": 92.26546812248995,
      "best_ema_acc1": 91.11853664658635,
      "epochs_completed": 112,
      "nas_rank": 13,
      "val_rank": 14,
      "ema_rank": 13,
      "best_rank": 14
    },
    {
      "arch_index": 2,
      "nas_quant_acc1": 68.25,
      "val_acc1": 86.15257906626506,
      "ema_acc1": 91.54226280120481,
      "best_val_acc1": 92.4585843373494,
      "best_ema_acc1": 91.54226280120481,
      "epochs_completed": 112,
      "nas_rank": 12,
      "val_rank": 12,
      "ema_rank": 12,
      "best_rank": 13
    },
    {
      "arch_index": 3,
      "nas_quant_acc1": 71.5,
      "val_acc1": 89.31350401606427,
      "ema_acc1": 92.65232806224898,
      "best_val_acc1": 93.49272088353413,
      "best_ema_acc1": 92.65232806224898,
      "epochs_completed": 112,
      "nas_rank": 11,
      "val_rank": 4,
      "ema_rank": 10,
      "best_rank": 11
    },
    {
      "arch_index": 4,
      "nas_quant_acc1": 74.0,
      "val_acc1": 88.81431977911646,
      "ema_acc1": 92.51396209839358,
      "best_val_acc1": 93.22414658634538,
      "best_ema_acc1": 92.51396209839358,
      "epochs_completed": 112,
      "nas_rank": 10,
      "val_rank": 8,
      "ema_rank": 11,
      "best_rank": 12
    },
    {
      "arch_index": 5,
      "nas_quant_acc1": 75.5,
      "val_acc1": 85.74673694779116,
      "ema_acc1": 93.25724774096385,
      "best_val_acc1": 93.8703250502008,
      "best_ema_acc1": 93.25724774096385,
      "epochs_completed": 112,
      "nas_rank": 9,
      "val_rank": 13,
      "ema_rank": 4,
      "best_rank": 6
    },
    {
      "arch_index": 6,
      "nas_quant_acc1": 76.5,
      "val_acc1": 89.4371234939759,
      "ema_acc1": 93.16610190763052,
      "best_val_acc1": 94.03363453815261,
      "best_ema_acc1": 93.16610190763052,
      "epochs_completed": 112,
      "nas_rank": 8,
      "val_rank": 3,
      "ema_rank": 5,
      "best_rank": 4
    },
    {
      "arch_index": 7,
      "nas_quant_acc1": 77.25,
      "val_acc1": 88.21316516064257,
      "ema_acc1": 93.1519829317269,
      "best_val_acc1": 93.83502761044177,
      "best_ema_acc1": 93.21818524096385,
      "epochs_completed": 112,
      "nas_rank": 7,
      "val_rank": 10,
      "ema_rank": 6,
      "best_rank": 7
    },
    {
      "arch_index": 8,
      "nas_quant_acc1": 78.0,
      "val_acc1": 88.76333458835342,
      "ema_acc1": 93.13786395582329,
      "best_val_acc1": 93.6207329317269,
      "best_ema_acc1": 93.13786395582329,
      "epochs_completed": 112,
      "nas_rank": 6,
      "val_rank": 9,
      "ema_rank": 7,
      "best_rank": 10
    },
    {
      "arch_index": 9,
      "nas_quant_acc1": 78.5,
      "val_acc1": 89.64388805220884,
      "ema_acc1": 93.05864081325302,
      "best_val_acc1": 94.33091741967873,
      "best_ema_acc1": 93.05864081325302,
      "epochs_completed": 112,
      "nas_rank": 5,
      "val_rank": 2,
      "ema_rank": 8,
      "best_rank": 2
    },
    {
      "arch_index": 10,
      "nas_quant_acc1": 79.0,
      "val_acc1": 87.13949548192771,
      "ema_acc1": 92.9957329317269,
      "best_val_acc1": 93.82420306224898,
      "best_ema_acc1": 92.9957329317269,
      "epochs_completed": 112,
      "nas_rank": 4,
      "val_rank": 11,
      "ema_rank": 9,
      "best_rank": 8
    },
    {
      "arch_index": 11,
      "nas_quant_acc1": 79.75,
      "val_acc1": 90.20158760040161,
      "ema_acc1": 93.41349774096385,
      "best_val_acc1": 94.0894829317269,
      "best_ema_acc1": 93.41349774096385,
      "epochs_completed": 112,
      "nas_rank": 3,
      "val_rank": 0,
      "ema_rank": 1,
      "best_rank": 3
    },
    {
      "arch_index": 12,
      "nas_quant_acc1": 80.25,
      "val_acc1": 89.09152233935743,
      "ema_acc1": 93.26320908634538,
      "best_val_acc1": 93.70481927710844,
      "best_ema_acc1": 93.27622991967873,
      "epochs_completed": 112,
      "nas_rank": 2,
      "val_rank": 6,
      "ema_rank": 3,
      "best_rank": 9
    },
    {
      "arch_index": 13,
      "nas_quant_acc1": 81.25,
      "val_acc1": 88.96947163654619,
      "ema_acc1": 93.27622991967873,
      "best_val_acc1": 93.96256902610442,
      "best_ema_acc1": 93.27622991967873,
      "epochs_completed": 112,
      "nas_rank": 1,
      "val_rank": 7,
      "ema_rank": 2,
      "best_rank": 5
    },
    {
      "arch_index": 14,
      "nas_quant_acc1": 85.5,
      "val_acc1": 89.29499246987953,
      "ema_acc1": 93.75203940763052,
      "best_val_acc1": 94.35209588353413,
      "best_ema_acc1": 93.75203940763052,
      "epochs_completed": 112,
      "nas_rank": 0,
      "val_rank": 5,
      "ema_rank": 0,
      "best_rank": 1
    }
  ],
  "timestamp": "2026-06-04T01:24:15.217500"
}