{
  "cycle": 86,
  "completed_arch_indices": [
    0,
    1,
    2,
    3,
    4,
    5,
    6,
    7,
    8,
    9,
    10,
    11,
    12,
    13,
    14
  ],
  "cycle_val_results": {
    "0": [
      92.8394829317269,
      89.48873619477912,
      95.42419678714859,
      92.39081325301206
    ],
    "1": [
      89.38566767068274,
      90.05082831325302,
      91.75169427710844,
      90.05082831325302
    ],
    "2": [
      90.10557856425703,
      90.6546498493976,
      92.13416164658635,
      90.6546498493976
    ],
    "3": [
      91.16685491967873,
      92.0121109437751,
      92.80528363453816,
      92.0121109437751
    ],
    "4": [
      91.3551079317269,
      91.68659011044177,
      92.63491465863453,
      91.71969126506023
    ],
    "5": [
      92.28664658634538,
      92.39081325301206,
      93.6750125502008,
      92.42391440763052
    ],
    "6": [
      91.53034011044177,
      92.43473895582329,
      93.76019703815261,
      92.43473895582329
    ],
    "7": [
      91.47872740963855,
      92.33653363453816,
      93.70042670682732,
      92.36257530120481
    ],
    "8": [
      91.3968373493976,
      92.47380145582329,
      93.43247991967873,
      92.47380145582329
    ],
    "9": [
      91.67137299196787,
      91.41581952811245,
      94.00649472891565,
      91.41581952811245
    ],
    "10": [
      91.45111696787149,
      92.0511734437751,
      93.43138177710844,
      92.06309613453816
    ],
    "11": [
      91.84880145582329,
      92.5660454317269,
      93.72709588353413,
      92.5660454317269
    ],
    "12": [
      90.71865587349399,
      92.38485190763052,
      93.39341741967873,
      92.38485190763052
    ],
    "13": [
      91.33659638554217,
      92.41575677710844,
      93.55186370481927,
      92.44289658634538
    ],
    "14": [
      92.6148343373494,
      92.67021209839358,
      94.20290537148594,
      92.6832329317269
    ]
  }
}