{
  "cycle": 86,
  "n_archs": 15,
  "spearman_r": 0.18928571428571428,
  "spearman_p": 0.49926303323854526,
  "pearson_r": -0.2134850367274031,
  "pearson_p": 0.4448874615348911,
  "kendall_tau": 0.18095238095238098,
  "kendall_p": 0.3794503959627968,
  "bootstrap_ci_spearman": [
    -0.49639755890211334,
    0.819494584837545
  ],
  "spearman_r_ema": 0.7464285714285712,
  "spearman_p_ema": 0.001391411089063054,
  "pearson_r_ema": 0.8142086829667619,
  "pearson_p_ema": 0.00021991437059854305,
  "kendall_tau_ema": 0.6190476190476191,
  "kendall_p_ema": 0.0008364083878716816,
  "bootstrap_ci_spearman_ema": [
    0.3069909840254753,
    0.9596330275229357
  ],
  "spearman_r_best": 0.3214285714285714,
  "spearman_p_best": 0.24271904680166836,
  "pearson_r_best": -0.38391158871811976,
  "pearson_p_best": 0.15773787905527228,
  "kendall_tau_best": 0.2761904761904762,
  "kendall_p_best": 0.16857787367749338,
  "bootstrap_ci_spearman_best": [
    -0.3357667581865666,
    0.8761440635866865
  ],
  "mean_val_acc1": 91.41244143239626,
  "std_val_acc1": 0.8819747648511502,
  "mean_ema_acc1": 91.80217745983937,
  "mean_best_val_acc1": 93.4421017402945,
  "per_arch": [
    {
      "arch_index": 0,
      "nas_quant_acc1": 10.0,
      "val_acc1": 92.8394829317269,
      "ema_acc1": 89.48873619477912,
      "best_val_acc1": 95.42419678714859,
      "best_ema_acc1": 92.39081325301206,
      "epochs_completed": 87,
      "nas_rank": 14,
      "val_rank": 0,
      "ema_rank": 14,
      "best_rank": 0
    },
    {
      "arch_index": 1,
      "nas_quant_acc1": 63.5,
      "val_acc1": 89.38566767068274,
      "ema_acc1": 90.05082831325302,
      "best_val_acc1": 91.75169427710844,
      "best_ema_acc1": 90.05082831325302,
      "epochs_completed": 87,
      "nas_rank": 13,
      "val_rank": 14,
      "ema_rank": 13,
      "best_rank": 14
    },
    {
      "arch_index": 2,
      "nas_quant_acc1": 68.25,
      "val_acc1": 90.10557856425703,
      "ema_acc1": 90.6546498493976,
      "best_val_acc1": 92.13416164658635,
      "best_ema_acc1": 90.6546498493976,
      "epochs_completed": 87,
      "nas_rank": 12,
      "val_rank": 13,
      "ema_rank": 12,
      "best_rank": 13
    },
    {
      "arch_index": 3,
      "nas_quant_acc1": 71.5,
      "val_acc1": 91.16685491967873,
      "ema_acc1": 92.0121109437751,
      "best_val_acc1": 92.80528363453816,
      "best_ema_acc1": 92.0121109437751,
      "epochs_completed": 87,
      "nas_rank": 11,
      "val_rank": 11,
      "ema_rank": 9,
      "best_rank": 11
    },
    {
      "arch_index": 4,
      "nas_quant_acc1": 74.0,
      "val_acc1": 91.3551079317269,
      "ema_acc1": 91.68659011044177,
      "best_val_acc1": 92.63491465863453,
      "best_ema_acc1": 91.71969126506023,
      "epochs_completed": 87,
      "nas_rank": 10,
      "val_rank": 9,
      "ema_rank": 10,
      "best_rank": 12
    },
    {
      "arch_index": 5,
      "nas_quant_acc1": 75.5,
      "val_acc1": 92.28664658634538,
      "ema_acc1": 92.39081325301206,
      "best_val_acc1": 93.6750125502008,
      "best_ema_acc1": 92.42391440763052,
      "epochs_completed": 87,
      "nas_rank": 9,
      "val_rank": 2,
      "ema_rank": 5,
      "best_rank": 6
    },
    {
      "arch_index": 6,
      "nas_quant_acc1": 76.5,
      "val_acc1": 91.53034011044177,
      "ema_acc1": 92.43473895582329,
      "best_val_acc1": 93.76019703815261,
      "best_ema_acc1": 92.43473895582329,
      "epochs_completed": 87,
      "nas_rank": 8,
      "val_rank": 5,
      "ema_rank": 3,
      "best_rank": 3
    },
    {
      "arch_index": 7,
      "nas_quant_acc1": 77.25,
      "val_acc1": 91.47872740963855,
      "ema_acc1": 92.33653363453816,
      "best_val_acc1": 93.70042670682732,
      "best_ema_acc1": 92.36257530120481,
      "epochs_completed": 87,
      "nas_rank": 7,
      "val_rank": 6,
      "ema_rank": 7,
      "best_rank": 5
    },
    {
      "arch_index": 8,
      "nas_quant_acc1": 78.0,
      "val_acc1": 91.3968373493976,
      "ema_acc1": 92.47380145582329,
      "best_val_acc1": 93.43247991967873,
      "best_ema_acc1": 92.47380145582329,
      "epochs_completed": 87,
      "nas_rank": 6,
      "val_rank": 8,
      "ema_rank": 2,
      "best_rank": 8
    },
    {
      "arch_index": 9,
      "nas_quant_acc1": 78.5,
      "val_acc1": 91.67137299196787,
      "ema_acc1": 91.41581952811245,
      "best_val_acc1": 94.00649472891565,
      "best_ema_acc1": 91.41581952811245,
      "epochs_completed": 87,
      "nas_rank": 5,
      "val_rank": 4,
      "ema_rank": 11,
      "best_rank": 2
    },
    {
      "arch_index": 10,
      "nas_quant_acc1": 79.0,
      "val_acc1": 91.45111696787149,
      "ema_acc1": 92.0511734437751,
      "best_val_acc1": 93.43138177710844,
      "best_ema_acc1": 92.06309613453816,
      "epochs_completed": 87,
      "nas_rank": 4,
      "val_rank": 7,
      "ema_rank": 8,
      "best_rank": 9
    },
    {
      "arch_index": 11,
      "nas_quant_acc1": 79.75,
      "val_acc1": 91.84880145582329,
      "ema_acc1": 92.5660454317269,
      "best_val_acc1": 93.72709588353413,
      "best_ema_acc1": 92.5660454317269,
      "epochs_completed": 87,
      "nas_rank": 3,
      "val_rank": 3,
      "ema_rank": 1,
      "best_rank": 4
    },
    {
      "arch_index": 12,
      "nas_quant_acc1": 80.25,
      "val_acc1": 90.71865587349399,
      "ema_acc1": 92.38485190763052,
      "best_val_acc1": 93.39341741967873,
      "best_ema_acc1": 92.38485190763052,
      "epochs_completed": 87,
      "nas_rank": 2,
      "val_rank": 12,
      "ema_rank": 6,
      "best_rank": 10
    },
    {
      "arch_index": 13,
      "nas_quant_acc1": 81.25,
      "val_acc1": 91.33659638554217,
      "ema_acc1": 92.41575677710844,
      "best_val_acc1": 93.55186370481927,
      "best_ema_acc1": 92.44289658634538,
      "epochs_completed": 87,
      "nas_rank": 1,
      "val_rank": 10,
      "ema_rank": 4,
      "best_rank": 7
    },
    {
      "arch_index": 14,
      "nas_quant_acc1": 85.5,
      "val_acc1": 92.6148343373494,
      "ema_acc1": 92.67021209839358,
      "best_val_acc1": 94.20290537148594,
      "best_ema_acc1": 92.6832329317269,
      "epochs_completed": 87,
      "nas_rank": 0,
      "val_rank": 1,
      "ema_rank": 0,
      "best_rank": 1
    }
  ],
  "timestamp": "2026-06-03T23:19:15.553918"
}