{
  "cycle": 83,
  "completed_arch_indices": [
    0,
    1,
    2,
    3,
    4,
    5,
    6,
    7,
    8,
    9,
    10,
    11,
    12,
    13,
    14
  ],
  "cycle_val_results": {
    "0": [
      88.73509663654619,
      89.70303087349399,
      95.42419678714859,
      92.39081325301206
    ],
    "1": [
      86.69898343373494,
      89.97866465863453,
      91.75169427710844,
      89.97866465863453
    ],
    "2": [
      87.52525727911646,
      90.51032254016064,
      92.13416164658635,
      90.53040286144578
    ],
    "3": [
      88.67924824297188,
      91.83578062248995,
      92.80528363453816,
      91.83578062248995
    ],
    "4": [
      89.52073920682732,
      91.68062876506023,
      92.63491465863453,
      91.6996109437751
    ],
    "5": [
      89.87449799196787,
      92.42391440763052,
      93.6750125502008,
      92.42391440763052
    ],
    "6": [
      89.06281375502007,
      92.31755145582329,
      93.76019703815261,
      92.31755145582329
    ],
    "7": [
      89.74476029116467,
      92.34955446787149,
      93.70042670682732,
      92.36257530120481
    ],
    "8": [
      89.92924824297188,
      92.35065261044177,
      93.43247991967873,
      92.38971511044177
    ],
    "9": [
      88.36078689759036,
      91.28561119477912,
      94.00649472891565,
      91.28561119477912
    ],
    "10": [
      88.94123368473896,
      92.06309613453816,
      93.43138177710844,
      92.06309613453816
    ],
    "11": [
      87.46015311244979,
      92.45481927710844,
      93.72709588353413,
      92.50690261044177
    ],
    "12": [
      90.2000188253012,
      92.33276857429719,
      93.39341741967873,
      92.33276857429719
    ],
    "13": [
      89.36448920682732,
      92.44289658634538,
      93.55186370481927,
      92.44289658634538
    ],
    "14": [
      90.03012048192771,
      92.61812876506023,
      94.20290537148594,
      92.61812876506023
    ]
  }
}