{
  "cycle": 135,
  "completed_arch_indices": [
    0,
    1,
    2,
    3,
    4,
    5,
    6,
    7,
    8,
    9,
    10,
    11,
    12,
    13,
    14
  ],
  "cycle_val_results": {
    "0": [
      90.09632279116467,
      93.93166415662651,
      95.79583960843372,
      93.93166415662651
    ],
    "1": [
      88.8425577309237,
      91.75059613453816,
      92.26546812248995,
      91.75059613453816
    ],
    "2": [
      89.45453689759036,
      92.48682228915662,
      92.76998619477912,
      92.62409011044177
    ],
    "3": [
      90.12565888554217,
      93.64300953815261,
      93.73415537148594,
      93.64300953815261
    ],
    "4": [
      91.00025100401606,
      93.06789658634538,
      93.37223895582329,
      93.08091741967873
    ],
    "5": [
      90.89655496987953,
      94.08461972891565,
      94.22784889558233,
      94.12368222891565
    ],
    "6": [
      91.03931350401606,
      93.95550953815261,
      94.11772088353413,
      93.95550953815261
    ],
    "7": [
      90.55801330321286,
      93.66575677710844,
      93.95817645582329,
      93.66575677710844
    ],
    "8": [
      90.51738202811245,
      93.68693524096385,
      93.75800075301206,
      93.68693524096385
    ],
    "9": [
      90.21790286144578,
      94.21372991967873,
      94.33091741967873,
      94.21372991967873
    ],
    "10": [
      89.18706074297188,
      93.7308609437751,
      94.21263177710844,
      93.75094126506023
    ],
    "11": [
      90.88682856425703,
      93.92131024096385,
      94.0894829317269,
      93.92131024096385
    ],
    "12": [
      91.23133157630521,
      93.78404241967873,
      93.97339357429719,
      93.81008408634538
    ],
    "13": [
      90.89388805220884,
      93.81228037148594,
      93.97449171686748,
      93.84538152610442
    ],
    "14": [
      91.69145331325302,
      94.17576556224898,
      94.36511671686748,
      94.21482806224898
    ]
  }
}