{
  "cycle": 135,
  "n_archs": 15,
  "spearman_r": 0.557142857142857,
  "spearman_p": 0.030961086755812082,
  "pearson_r": 0.3304772045466908,
  "pearson_p": 0.22895160479808818,
  "kendall_tau": 0.40952380952380957,
  "kendall_p": 0.03589723736788882,
  "bootstrap_ci_spearman": [
    -0.0217430974293875,
    0.8907103825136611
  ],
  "spearman_r_ema": 0.475,
  "spearman_p_ema": 0.07357086204591354,
  "pearson_r_ema": 0.1244393483783936,
  "pearson_p_ema": 0.6585871585315718,
  "kendall_tau_ema": 0.40952380952380957,
  "kendall_p_ema": 0.03589723736788882,
  "bootstrap_ci_spearman_ema": [
    -0.08235831809872028,
    0.8972524111973651
  ],
  "spearman_r_best": 0.3607142857142856,
  "spearman_p_best": 0.18655437415416354,
  "pearson_r_best": -0.43086991350983994,
  "pearson_p_best": 0.10884976631270904,
  "kendall_tau_best": 0.29523809523809524,
  "kendall_p_best": 0.13946285911906778,
  "bootstrap_ci_spearman_best": [
    -0.2960303934816369,
    0.8919630156472249
  ],
  "mean_val_acc1": 90.44260374832665,
  "std_val_acc1": 0.7954510188899188,
  "mean_ema_acc1": 93.5940532965194,
  "mean_best_val_acc1": 93.92969795850068,
  "per_arch": [
    {
      "arch_index": 0,
      "nas_quant_acc1": 10.0,
      "val_acc1": 90.09632279116467,
      "ema_acc1": 93.93166415662651,
      "best_val_acc1": 95.79583960843372,
      "best_ema_acc1": 93.93166415662651,
      "epochs_completed": 136,
      "nas_rank": 14,
      "val_rank": 11,
      "ema_rank": 4,
      "best_rank": 0
    },
    {
      "arch_index": 1,
      "nas_quant_acc1": 63.5,
      "val_acc1": 88.8425577309237,
      "ema_acc1": 91.75059613453816,
      "best_val_acc1": 92.26546812248995,
      "best_ema_acc1": 91.75059613453816,
      "epochs_completed": 136,
      "nas_rank": 13,
      "val_rank": 14,
      "ema_rank": 14,
      "best_rank": 14
    },
    {
      "arch_index": 2,
      "nas_quant_acc1": 68.25,
      "val_acc1": 89.45453689759036,
      "ema_acc1": 92.48682228915662,
      "best_val_acc1": 92.76998619477912,
      "best_ema_acc1": 92.62409011044177,
      "epochs_completed": 136,
      "nas_rank": 12,
      "val_rank": 12,
      "ema_rank": 13,
      "best_rank": 13
    },
    {
      "arch_index": 3,
      "nas_quant_acc1": 71.5,
      "val_acc1": 90.12565888554217,
      "ema_acc1": 93.64300953815261,
      "best_val_acc1": 93.73415537148594,
      "best_ema_acc1": 93.64300953815261,
      "epochs_completed": 136,
      "nas_rank": 11,
      "val_rank": 10,
      "ema_rank": 11,
      "best_rank": 11
    },
    {
      "arch_index": 4,
      "nas_quant_acc1": 74.0,
      "val_acc1": 91.00025100401606,
      "ema_acc1": 93.06789658634538,
      "best_val_acc1": 93.37223895582329,
      "best_ema_acc1": 93.08091741967873,
      "epochs_completed": 136,
      "nas_rank": 10,
      "val_rank": 3,
      "ema_rank": 12,
      "best_rank": 12
    },
    {
      "arch_index": 5,
      "nas_quant_acc1": 75.5,
      "val_acc1": 90.89655496987953,
      "ema_acc1": 94.08461972891565,
      "best_val_acc1": 94.22784889558233,
      "best_ema_acc1": 94.12368222891565,
      "epochs_completed": 136,
      "nas_rank": 9,
      "val_rank": 4,
      "ema_rank": 2,
      "best_rank": 3
    },
    {
      "arch_index": 6,
      "nas_quant_acc1": 76.5,
      "val_acc1": 91.03931350401606,
      "ema_acc1": 93.95550953815261,
      "best_val_acc1": 94.11772088353413,
      "best_ema_acc1": 93.95550953815261,
      "epochs_completed": 136,
      "nas_rank": 8,
      "val_rank": 2,
      "ema_rank": 3,
      "best_rank": 5
    },
    {
      "arch_index": 7,
      "nas_quant_acc1": 77.25,
      "val_acc1": 90.55801330321286,
      "ema_acc1": 93.66575677710844,
      "best_val_acc1": 93.95817645582329,
      "best_ema_acc1": 93.66575677710844,
      "epochs_completed": 136,
      "nas_rank": 7,
      "val_rank": 7,
      "ema_rank": 10,
      "best_rank": 9
    },
    {
      "arch_index": 8,
      "nas_quant_acc1": 78.0,
      "val_acc1": 90.51738202811245,
      "ema_acc1": 93.68693524096385,
      "best_val_acc1": 93.75800075301206,
      "best_ema_acc1": 93.68693524096385,
      "epochs_completed": 136,
      "nas_rank": 6,
      "val_rank": 8,
      "ema_rank": 9,
      "best_rank": 10
    },
    {
      "arch_index": 9,
      "nas_quant_acc1": 78.5,
      "val_acc1": 90.21790286144578,
      "ema_acc1": 94.21372991967873,
      "best_val_acc1": 94.33091741967873,
      "best_ema_acc1": 94.21372991967873,
      "epochs_completed": 136,
      "nas_rank": 5,
      "val_rank": 9,
      "ema_rank": 0,
      "best_rank": 2
    },
    {
      "arch_index": 10,
      "nas_quant_acc1": 79.0,
      "val_acc1": 89.18706074297188,
      "ema_acc1": 93.7308609437751,
      "best_val_acc1": 94.21263177710844,
      "best_ema_acc1": 93.75094126506023,
      "epochs_completed": 136,
      "nas_rank": 4,
      "val_rank": 13,
      "ema_rank": 8,
      "best_rank": 4
    },
    {
      "arch_index": 11,
      "nas_quant_acc1": 79.75,
      "val_acc1": 90.88682856425703,
      "ema_acc1": 93.92131024096385,
      "best_val_acc1": 94.0894829317269,
      "best_ema_acc1": 93.92131024096385,
      "epochs_completed": 136,
      "nas_rank": 3,
      "val_rank": 6,
      "ema_rank": 5,
      "best_rank": 6
    },
    {
      "arch_index": 12,
      "nas_quant_acc1": 80.25,
      "val_acc1": 91.23133157630521,
      "ema_acc1": 93.78404241967873,
      "best_val_acc1": 93.97339357429719,
      "best_ema_acc1": 93.81008408634538,
      "epochs_completed": 136,
      "nas_rank": 2,
      "val_rank": 1,
      "ema_rank": 7,
      "best_rank": 8
    },
    {
      "arch_index": 13,
      "nas_quant_acc1": 81.25,
      "val_acc1": 90.89388805220884,
      "ema_acc1": 93.81228037148594,
      "best_val_acc1": 93.97449171686748,
      "best_ema_acc1": 93.84538152610442,
      "epochs_completed": 136,
      "nas_rank": 1,
      "val_rank": 5,
      "ema_rank": 6,
      "best_rank": 7
    },
    {
      "arch_index": 14,
      "nas_quant_acc1": 85.5,
      "val_acc1": 91.69145331325302,
      "ema_acc1": 94.17576556224898,
      "best_val_acc1": 94.36511671686748,
      "best_ema_acc1": 94.21482806224898,
      "epochs_completed": 136,
      "nas_rank": 0,
      "val_rank": 0,
      "ema_rank": 1,
      "best_rank": 1
    }
  ],
  "timestamp": "2026-06-04T08:07:51.678080"
}