{
  "cycle": 90,
  "completed_arch_indices": [
    0,
    1,
    2,
    3,
    4,
    5,
    6,
    7,
    8,
    9,
    10,
    11,
    12,
    13,
    14
  ],
  "cycle_val_results": {
    "0": [
      95.40897966867469,
      89.19521837349399,
      95.42419678714859,
      92.39081325301206
    ],
    "1": [
      91.57316767068274,
      90.23311997991968,
      91.75169427710844,
      90.23311997991968
    ],
    "2": [
      92.37669427710844,
      90.82392068273093,
      92.37669427710844,
      90.82392068273093
    ],
    "3": [
      93.33537274096385,
      92.14937876506023,
      93.33537274096385,
      92.16239959839358
    ],
    "4": [
      92.96969126506023,
      91.82495607429719,
      92.96969126506023,
      91.82495607429719
    ],
    "5": [
      93.79110190763052,
      92.42987575301206,
      93.79110190763052,
      92.45591741967873
    ],
    "6": [
      93.75580446787149,
      92.58502761044177,
      93.76019703815261,
      92.58502761044177
    ],
    "7": [
      93.83502761044177,
      92.35661395582329,
      93.83502761044177,
      92.36257530120481
    ],
    "8": [
      93.56159011044177,
      92.53890562248995,
      93.56159011044177,
      92.53890562248995
    ],
    "9": [
      93.86436370481927,
      91.66321536144578,
      94.00649472891565,
      91.66321536144578
    ],
    "10": [
      93.58982806224898,
      92.12333709839358,
      93.58982806224898,
      92.12333709839358
    ],
    "11": [
      93.49978037148594,
      92.6441704317269,
      93.72709588353413,
      92.65719126506023
    ],
    "12": [
      93.48456325301206,
      92.47003639558233,
      93.48456325301206,
      92.52211972891565
    ],
    "13": [
      93.64787274096385,
      92.51286395582329,
      93.64787274096385,
      92.51286395582329
    ],
    "14": [
      94.20290537148594,
      92.85956325301206,
      94.20290537148594,
      92.85956325301206
    ]
  }
}