{
  "cycle": 90,
  "n_archs": 15,
  "spearman_r": 0.28571428571428564,
  "spearman_p": 0.3019363513225493,
  "pearson_r": -0.3826989633995412,
  "pearson_p": 0.15916588621404837,
  "kendall_tau": 0.23809523809523814,
  "kendall_p": 0.23945881568583288,
  "bootstrap_ci_spearman": [
    -0.4175974025974025,
    0.8608248763986465
  ],
  "spearman_r_ema": 0.7392857142857142,
  "spearman_p_ema": 0.0016355111435407642,
  "pearson_r_ema": 0.868742923828573,
  "pearson_p_ema": 2.6399685244771393e-05,
  "kendall_tau_ema": 0.6000000000000001,
  "kendall_p_ema": 0.0012858607977242237,
  "bootstrap_ci_spearman_ema": [
    0.2857013924703455,
    0.9566003616636527
  ],
  "spearman_r_best": 0.2928571428571428,
  "spearman_p_best": 0.289471667212401,
  "pearson_r_best": -0.390796955057923,
  "pearson_p_best": 0.149791230475398,
  "kendall_tau_best": 0.2571428571428572,
  "kendall_p_best": 0.20184282422518202,
  "bootstrap_ci_spearman_best": [
    -0.36220317209348285,
    0.8618244514106583
  ],
  "mean_val_acc1": 93.52644954819276,
  "std_val_acc1": 0.8383555964667858,
  "mean_ema_acc1": 91.89401355421687,
  "mean_best_val_acc1": 93.56428840361444,
  "per_arch": [
    {
      "arch_index": 0,
      "nas_quant_acc1": 10.0,
      "val_acc1": 95.40897966867469,
      "ema_acc1": 89.19521837349399,
      "best_val_acc1": 95.42419678714859,
      "best_ema_acc1": 92.39081325301206,
      "epochs_completed": 91,
      "nas_rank": 14,
      "val_rank": 0,
      "ema_rank": 14,
      "best_rank": 0
    },
    {
      "arch_index": 1,
      "nas_quant_acc1": 63.5,
      "val_acc1": 91.57316767068274,
      "ema_acc1": 90.23311997991968,
      "best_val_acc1": 91.75169427710844,
      "best_ema_acc1": 90.23311997991968,
      "epochs_completed": 91,
      "nas_rank": 13,
      "val_rank": 14,
      "ema_rank": 13,
      "best_rank": 14
    },
    {
      "arch_index": 2,
      "nas_quant_acc1": 68.25,
      "val_acc1": 92.37669427710844,
      "ema_acc1": 90.82392068273093,
      "best_val_acc1": 92.37669427710844,
      "best_ema_acc1": 90.82392068273093,
      "epochs_completed": 91,
      "nas_rank": 12,
      "val_rank": 13,
      "ema_rank": 12,
      "best_rank": 13
    },
    {
      "arch_index": 3,
      "nas_quant_acc1": 71.5,
      "val_acc1": 93.33537274096385,
      "ema_acc1": 92.14937876506023,
      "best_val_acc1": 93.33537274096385,
      "best_ema_acc1": 92.16239959839358,
      "epochs_completed": 91,
      "nas_rank": 11,
      "val_rank": 11,
      "ema_rank": 8,
      "best_rank": 11
    },
    {
      "arch_index": 4,
      "nas_quant_acc1": 74.0,
      "val_acc1": 92.96969126506023,
      "ema_acc1": 91.82495607429719,
      "best_val_acc1": 92.96969126506023,
      "best_ema_acc1": 91.82495607429719,
      "epochs_completed": 91,
      "nas_rank": 10,
      "val_rank": 12,
      "ema_rank": 10,
      "best_rank": 12
    },
    {
      "arch_index": 5,
      "nas_quant_acc1": 75.5,
      "val_acc1": 93.79110190763052,
      "ema_acc1": 92.42987575301206,
      "best_val_acc1": 93.79110190763052,
      "best_ema_acc1": 92.45591741967873,
      "epochs_completed": 91,
      "nas_rank": 9,
      "val_rank": 4,
      "ema_rank": 6,
      "best_rank": 4
    },
    {
      "arch_index": 6,
      "nas_quant_acc1": 76.5,
      "val_acc1": 93.75580446787149,
      "ema_acc1": 92.58502761044177,
      "best_val_acc1": 93.76019703815261,
      "best_ema_acc1": 92.58502761044177,
      "epochs_completed": 91,
      "nas_rank": 8,
      "val_rank": 5,
      "ema_rank": 2,
      "best_rank": 5
    },
    {
      "arch_index": 7,
      "nas_quant_acc1": 77.25,
      "val_acc1": 93.83502761044177,
      "ema_acc1": 92.35661395582329,
      "best_val_acc1": 93.83502761044177,
      "best_ema_acc1": 92.36257530120481,
      "epochs_completed": 91,
      "nas_rank": 7,
      "val_rank": 3,
      "ema_rank": 7,
      "best_rank": 3
    },
    {
      "arch_index": 8,
      "nas_quant_acc1": 78.0,
      "val_acc1": 93.56159011044177,
      "ema_acc1": 92.53890562248995,
      "best_val_acc1": 93.56159011044177,
      "best_ema_acc1": 92.53890562248995,
      "epochs_completed": 91,
      "nas_rank": 6,
      "val_rank": 8,
      "ema_rank": 3,
      "best_rank": 9
    },
    {
      "arch_index": 9,
      "nas_quant_acc1": 78.5,
      "val_acc1": 93.86436370481927,
      "ema_acc1": 91.66321536144578,
      "best_val_acc1": 94.00649472891565,
      "best_ema_acc1": 91.66321536144578,
      "epochs_completed": 91,
      "nas_rank": 5,
      "val_rank": 2,
      "ema_rank": 11,
      "best_rank": 2
    },
    {
      "arch_index": 10,
      "nas_quant_acc1": 79.0,
      "val_acc1": 93.58982806224898,
      "ema_acc1": 92.12333709839358,
      "best_val_acc1": 93.58982806224898,
      "best_ema_acc1": 92.12333709839358,
      "epochs_completed": 91,
      "nas_rank": 4,
      "val_rank": 7,
      "ema_rank": 9,
      "best_rank": 8
    },
    {
      "arch_index": 11,
      "nas_quant_acc1": 79.75,
      "val_acc1": 93.49978037148594,
      "ema_acc1": 92.6441704317269,
      "best_val_acc1": 93.72709588353413,
      "best_ema_acc1": 92.65719126506023,
      "epochs_completed": 91,
      "nas_rank": 3,
      "val_rank": 9,
      "ema_rank": 1,
      "best_rank": 6
    },
    {
      "arch_index": 12,
      "nas_quant_acc1": 80.25,
      "val_acc1": 93.48456325301206,
      "ema_acc1": 92.47003639558233,
      "best_val_acc1": 93.48456325301206,
      "best_ema_acc1": 92.52211972891565,
      "epochs_completed": 91,
      "nas_rank": 2,
      "val_rank": 10,
      "ema_rank": 5,
      "best_rank": 10
    },
    {
      "arch_index": 13,
      "nas_quant_acc1": 81.25,
      "val_acc1": 93.64787274096385,
      "ema_acc1": 92.51286395582329,
      "best_val_acc1": 93.64787274096385,
      "best_ema_acc1": 92.51286395582329,
      "epochs_completed": 91,
      "nas_rank": 1,
      "val_rank": 6,
      "ema_rank": 4,
      "best_rank": 7
    },
    {
      "arch_index": 14,
      "nas_quant_acc1": 85.5,
      "val_acc1": 94.20290537148594,
      "ema_acc1": 92.85956325301206,
      "best_val_acc1": 94.20290537148594,
      "best_ema_acc1": 92.85956325301206,
      "epochs_completed": 91,
      "nas_rank": 0,
      "val_rank": 1,
      "ema_rank": 0,
      "best_rank": 1
    }
  ],
  "timestamp": "2026-06-03T23:39:07.747830"
}