{
  "cycle": 142,
  "completed_arch_indices": [
    0,
    1,
    2,
    3,
    4,
    5,
    6,
    7,
    8,
    9,
    10,
    11,
    12,
    13,
    14
  ],
  "cycle_val_results": {
    "0": [
      88.17676957831326,
      94.42645582329318,
      95.79583960843372,
      94.42645582329318
    ],
    "1": [
      84.49234437751005,
      92.16130145582329,
      92.46187876506023,
      92.16130145582329
    ],
    "2": [
      87.48776355421687,
      92.7542984437751,
      92.76998619477912,
      92.76731927710844
    ],
    "3": [
      88.49852535140562,
      93.7612951807229,
      93.73415537148594,
      93.77431601405623
    ],
    "4": [
      88.01408760040161,
      93.19214357429719,
      93.37223895582329,
      93.24422690763052
    ],
    "5": [
      89.42520080321286,
      94.40417921686748,
      94.22784889558233,
      94.40417921686748
    ],
    "6": [
      89.43335843373494,
      94.18392319277109,
      94.11772088353413,
      94.20996485943776
    ],
    "7": [
      90.04753388554217,
      93.9261734437751,
      94.08728664658635,
      93.93213478915662
    ],
    "8": [
      89.62757279116467,
      93.92131024096385,
      94.0504204317269,
      93.92131024096385
    ],
    "9": [
      88.27450426706828,
      94.39115838353413,
      94.4253576807229,
      94.44324171686748
    ],
    "10": [
      89.04869477911646,
      93.88114959839358,
      94.21263177710844,
      93.88114959839358
    ],
    "11": [
      90.06541792168674,
      94.09058107429719,
      94.0894829317269,
      94.09058107429719
    ],
    "12": [
      89.03190888554217,
      94.03143825301206,
      93.97339357429719,
      94.08352158634538
    ],
    "13": [
      89.40135542168674,
      93.79816139558233,
      93.97449171686748,
      93.84538152610442
    ],
    "14": [
      88.89401355421687,
      94.36401857429719,
      94.36731300200803,
      94.37703940763052
    ]
  }
}