{
  "cycle": 116,
  "completed_arch_indices": [
    0,
    1,
    2,
    3,
    4,
    5,
    6,
    7,
    8,
    9,
    10,
    11,
    12,
    13,
    14
  ],
  "cycle_val_results": {
    "0": [
      93.8703250502008,
      91.84393825301206,
      95.79583960843372,
      92.39081325301206
    ],
    "1": [
      90.34105170682732,
      91.37895331325302,
      92.26546812248995,
      91.37895331325302
    ],
    "2": [
      90.69041792168674,
      91.86778363453816,
      92.4585843373494,
      91.86778363453816
    ],
    "3": [
      92.0750188253012,
      92.84167921686748,
      93.49272088353413,
      92.84167921686748
    ],
    "4": [
      91.15053965863453,
      92.6371109437751,
      93.22414658634538,
      92.6371109437751
    ],
    "5": [
      92.14937876506023,
      93.56488453815261,
      93.8703250502008,
      93.56488453815261
    ],
    "6": [
      92.19440261044177,
      93.33647088353413,
      94.03363453815261,
      93.33647088353413
    ],
    "7": [
      91.76518574297188,
      93.32721511044177,
      93.83502761044177,
      93.32721511044177
    ],
    "8": [
      91.72612324297188,
      93.3863579317269,
      93.6207329317269,
      93.3863579317269
    ],
    "9": [
      91.65945030120481,
      93.45522715863453,
      94.33091741967873,
      93.45522715863453
    ],
    "10": [
      92.10811997991968,
      93.27622991967873,
      93.82420306224898,
      93.27622991967873
    ],
    "11": [
      91.55904869477912,
      93.54966741967873,
      94.0894829317269,
      93.56864959839358
    ],
    "12": [
      92.17322414658635,
      93.36141440763052,
      93.70481927710844,
      93.36141440763052
    ],
    "13": [
      91.91547439759036,
      93.37443524096385,
      93.96256902610442,
      93.37443524096385
    ],
    "14": [
      91.5992093373494,
      93.88224774096385,
      94.35209588353413,
      93.88224774096385
    ]
  }
}