{
  "cycle": 116,
  "n_archs": 15,
  "spearman_r": 0.049999999999999996,
  "spearman_p": 0.859540943467457,
  "pearson_r": -0.5521586233270305,
  "pearson_p": 0.032823270690513204,
  "kendall_tau": 0.028571428571428574,
  "kendall_p": 0.9225700904951897,
  "bootstrap_ci_spearman": [
    -0.6000547445255474,
    0.6873151405556464
  ],
  "spearman_r_ema": 0.7571428571428571,
  "spearman_p_ema": 0.0010811081941858346,
  "pearson_r_ema": 0.6642364017889844,
  "pearson_p_ema": 0.006916348670821288,
  "kendall_tau_ema": 0.6000000000000001,
  "kendall_p_ema": 0.0012858607977242237,
  "bootstrap_ci_spearman_ema": [
    0.269394885618828,
    0.9524680073126145
  ],
  "spearman_r_best": 0.4035714285714285,
  "spearman_p_best": 0.13576799650365623,
  "pearson_r_best": -0.4485026831751109,
  "pearson_p_best": 0.09358034801286662,
  "kendall_tau_best": 0.3523809523809524,
  "kendall_p_best": 0.07433498084899375,
  "bootstrap_ci_spearman_best": [
    -0.25,
    0.9130474093875307
  ],
  "mean_val_acc1": 91.79846469210173,
  "std_val_acc1": 0.7925245812249971,
  "mean_ema_acc1": 93.00557438085676,
  "mean_best_val_acc1": 93.79070448460509,
  "per_arch": [
    {
      "arch_index": 0,
      "nas_quant_acc1": 10.0,
      "val_acc1": 93.8703250502008,
      "ema_acc1": 91.84393825301206,
      "best_val_acc1": 95.79583960843372,
      "best_ema_acc1": 92.39081325301206,
      "epochs_completed": 117,
      "nas_rank": 14,
      "val_rank": 0,
      "ema_rank": 13,
      "best_rank": 0
    },
    {
      "arch_index": 1,
      "nas_quant_acc1": 63.5,
      "val_acc1": 90.34105170682732,
      "ema_acc1": 91.37895331325302,
      "best_val_acc1": 92.26546812248995,
      "best_ema_acc1": 91.37895331325302,
      "epochs_completed": 117,
      "nas_rank": 13,
      "val_rank": 14,
      "ema_rank": 14,
      "best_rank": 14
    },
    {
      "arch_index": 2,
      "nas_quant_acc1": 68.25,
      "val_acc1": 90.69041792168674,
      "ema_acc1": 91.86778363453816,
      "best_val_acc1": 92.4585843373494,
      "best_ema_acc1": 91.86778363453816,
      "epochs_completed": 117,
      "nas_rank": 12,
      "val_rank": 13,
      "ema_rank": 12,
      "best_rank": 13
    },
    {
      "arch_index": 3,
      "nas_quant_acc1": 71.5,
      "val_acc1": 92.0750188253012,
      "ema_acc1": 92.84167921686748,
      "best_val_acc1": 93.49272088353413,
      "best_ema_acc1": 92.84167921686748,
      "epochs_completed": 117,
      "nas_rank": 11,
      "val_rank": 5,
      "ema_rank": 10,
      "best_rank": 11
    },
    {
      "arch_index": 4,
      "nas_quant_acc1": 74.0,
      "val_acc1": 91.15053965863453,
      "ema_acc1": 92.6371109437751,
      "best_val_acc1": 93.22414658634538,
      "best_ema_acc1": 92.6371109437751,
      "epochs_completed": 117,
      "nas_rank": 10,
      "val_rank": 12,
      "ema_rank": 11,
      "best_rank": 12
    },
    {
      "arch_index": 5,
      "nas_quant_acc1": 75.5,
      "val_acc1": 92.14937876506023,
      "ema_acc1": 93.56488453815261,
      "best_val_acc1": 93.8703250502008,
      "best_ema_acc1": 93.56488453815261,
      "epochs_completed": 117,
      "nas_rank": 9,
      "val_rank": 3,
      "ema_rank": 1,
      "best_rank": 6
    },
    {
      "arch_index": 6,
      "nas_quant_acc1": 76.5,
      "val_acc1": 92.19440261044177,
      "ema_acc1": 93.33647088353413,
      "best_val_acc1": 94.03363453815261,
      "best_ema_acc1": 93.33647088353413,
      "epochs_completed": 117,
      "nas_rank": 8,
      "val_rank": 1,
      "ema_rank": 7,
      "best_rank": 4
    },
    {
      "arch_index": 7,
      "nas_quant_acc1": 77.25,
      "val_acc1": 91.76518574297188,
      "ema_acc1": 93.32721511044177,
      "best_val_acc1": 93.83502761044177,
      "best_ema_acc1": 93.32721511044177,
      "epochs_completed": 117,
      "nas_rank": 7,
      "val_rank": 7,
      "ema_rank": 8,
      "best_rank": 7
    },
    {
      "arch_index": 8,
      "nas_quant_acc1": 78.0,
      "val_acc1": 91.72612324297188,
      "ema_acc1": 93.3863579317269,
      "best_val_acc1": 93.6207329317269,
      "best_ema_acc1": 93.3863579317269,
      "epochs_completed": 117,
      "nas_rank": 6,
      "val_rank": 8,
      "ema_rank": 4,
      "best_rank": 10
    },
    {
      "arch_index": 9,
      "nas_quant_acc1": 78.5,
      "val_acc1": 91.65945030120481,
      "ema_acc1": 93.45522715863453,
      "best_val_acc1": 94.33091741967873,
      "best_ema_acc1": 93.45522715863453,
      "epochs_completed": 117,
      "nas_rank": 5,
      "val_rank": 9,
      "ema_rank": 3,
      "best_rank": 2
    },
    {
      "arch_index": 10,
      "nas_quant_acc1": 79.0,
      "val_acc1": 92.10811997991968,
      "ema_acc1": 93.27622991967873,
      "best_val_acc1": 93.82420306224898,
      "best_ema_acc1": 93.27622991967873,
      "epochs_completed": 117,
      "nas_rank": 4,
      "val_rank": 4,
      "ema_rank": 9,
      "best_rank": 8
    },
    {
      "arch_index": 11,
      "nas_quant_acc1": 79.75,
      "val_acc1": 91.55904869477912,
      "ema_acc1": 93.54966741967873,
      "best_val_acc1": 94.0894829317269,
      "best_ema_acc1": 93.56864959839358,
      "epochs_completed": 117,
      "nas_rank": 3,
      "val_rank": 11,
      "ema_rank": 2,
      "best_rank": 3
    },
    {
      "arch_index": 12,
      "nas_quant_acc1": 80.25,
      "val_acc1": 92.17322414658635,
      "ema_acc1": 93.36141440763052,
      "best_val_acc1": 93.70481927710844,
      "best_ema_acc1": 93.36141440763052,
      "epochs_completed": 117,
      "nas_rank": 2,
      "val_rank": 2,
      "ema_rank": 6,
      "best_rank": 9
    },
    {
      "arch_index": 13,
      "nas_quant_acc1": 81.25,
      "val_acc1": 91.91547439759036,
      "ema_acc1": 93.37443524096385,
      "best_val_acc1": 93.96256902610442,
      "best_ema_acc1": 93.37443524096385,
      "epochs_completed": 117,
      "nas_rank": 1,
      "val_rank": 6,
      "ema_rank": 5,
      "best_rank": 5
    },
    {
      "arch_index": 14,
      "nas_quant_acc1": 85.5,
      "val_acc1": 91.5992093373494,
      "ema_acc1": 93.88224774096385,
      "best_val_acc1": 94.35209588353413,
      "best_ema_acc1": 93.88224774096385,
      "epochs_completed": 117,
      "nas_rank": 0,
      "val_rank": 10,
      "ema_rank": 0,
      "best_rank": 1
    }
  ],
  "timestamp": "2026-06-04T01:49:14.907375"
}