{
  "cycle": 15,
  "completed_arch_indices": [
    0,
    1,
    2,
    3,
    4,
    5,
    6,
    7,
    8,
    9,
    10,
    11,
    12,
    13,
    14
  ],
  "cycle_val_results": {
    "0": [
      89.41767068273093,
      80.67018072289156,
      92.65499497991968,
      80.67018072289156
    ],
    "1": [
      86.84707580321286,
      64.78648970883533,
      87.45528990963855,
      64.78648970883533
    ],
    "2": [
      84.92642444779116,
      69.43837851405623,
      87.38092996987953,
      69.43837851405623
    ],
    "3": [
      88.17629894578313,
      73.9995921184739,
      89.46159638554217,
      73.9995921184739
    ],
    "4": [
      88.48879894578313,
      74.06359814257029,
      89.00963227911646,
      74.06359814257029
    ],
    "5": [
      89.84029869477912,
      77.12788654618474,
      90.76587600401606,
      77.12788654618474
    ],
    "6": [
      89.63682856425703,
      74.77597891566265,
      90.22166792168674,
      74.77597891566265
    ],
    "7": [
      88.89354292168674,
      75.19044929718875,
      89.75511420682732,
      75.19044929718875
    ],
    "8": [
      88.79533760040161,
      72.29543172690764,
      89.85002510040161,
      72.29543172690764
    ],
    "9": [
      88.48064131526104,
      34.449987449799195,
      90.8640813253012,
      34.449987449799195
    ],
    "10": [
      89.06391189759036,
      74.78303840361446,
      90.38607555220884,
      74.78303840361446
    ],
    "11": [
      88.40581074297188,
      76.41503514056224,
      90.42623619477912,
      76.41503514056224
    ],
    "12": [
      88.0293047188755,
      74.12164282128514,
      90.07090863453816,
      74.12164282128514
    ],
    "13": [
      88.351531124498,
      72.01273845381526,
      89.81049196787149,
      72.01273845381526
    ],
    "14": [
      90.24614081325302,
      76.45943147590361,
      90.5835843373494,
      76.45943147590361
    ]
  }
}