{
  "cycle": 15,
  "n_archs": 15,
  "spearman_r": 0.1714285714285714,
  "spearman_p": 0.5412721760996331,
  "pearson_r": 0.017702610269084713,
  "pearson_p": 0.9500706485651531,
  "kendall_tau": 0.06666666666666668,
  "kendall_p": 0.770495669755301,
  "bootstrap_ci_spearman": [
    -0.5579815931450335,
    0.7132482779357096
  ],
  "spearman_r_ema": 0.09285714285714285,
  "spearman_p_ema": 0.742045009907367,
  "pearson_r_ema": -0.19381436005495006,
  "pearson_p_ema": 0.48885799858688644,
  "kendall_tau_ema": 0.10476190476190476,
  "kendall_p_ema": 0.6264945175158468,
  "bootstrap_ci_spearman_ema": [
    -0.5243332180443696,
    0.7163636363636365
  ],
  "spearman_r_best": 0.3107142857142856,
  "spearman_p_best": 0.2596673973372179,
  "pearson_r_best": -0.35178044893593485,
  "pearson_p_best": 0.19850609157405383,
  "kendall_tau_best": 0.2571428571428572,
  "kendall_p_best": 0.20184282422518202,
  "bootstrap_ci_spearman_best": [
    -0.3297016274864375,
    0.8587020402547372
  ],
  "mean_val_acc1": 88.50664114792504,
  "std_val_acc1": 1.2928289654760206,
  "mean_ema_acc1": 71.37265729585008,
  "mean_best_val_acc1": 89.91310031793842,
  "per_arch": [
    {
      "arch_index": 0,
      "nas_quant_acc1": 10.0,
      "val_acc1": 89.41767068273093,
      "ema_acc1": 80.67018072289156,
      "best_val_acc1": 92.65499497991968,
      "best_ema_acc1": 80.67018072289156,
      "epochs_completed": 16,
      "nas_rank": 14,
      "val_rank": 3,
      "ema_rank": 0,
      "best_rank": 0
    },
    {
      "arch_index": 1,
      "nas_quant_acc1": 63.5,
      "val_acc1": 86.84707580321286,
      "ema_acc1": 64.78648970883533,
      "best_val_acc1": 87.45528990963855,
      "best_ema_acc1": 64.78648970883533,
      "epochs_completed": 16,
      "nas_rank": 13,
      "val_rank": 13,
      "ema_rank": 13,
      "best_rank": 13
    },
    {
      "arch_index": 2,
      "nas_quant_acc1": 68.25,
      "val_acc1": 84.92642444779116,
      "ema_acc1": 69.43837851405623,
      "best_val_acc1": 87.38092996987953,
      "best_ema_acc1": 69.43837851405623,
      "epochs_completed": 16,
      "nas_rank": 12,
      "val_rank": 14,
      "ema_rank": 12,
      "best_rank": 14
    },
    {
      "arch_index": 3,
      "nas_quant_acc1": 71.5,
      "val_acc1": 88.17629894578313,
      "ema_acc1": 73.9995921184739,
      "best_val_acc1": 89.46159638554217,
      "best_ema_acc1": 73.9995921184739,
      "epochs_completed": 16,
      "nas_rank": 11,
      "val_rank": 11,
      "ema_rank": 9,
      "best_rank": 11
    },
    {
      "arch_index": 4,
      "nas_quant_acc1": 74.0,
      "val_acc1": 88.48879894578313,
      "ema_acc1": 74.06359814257029,
      "best_val_acc1": 89.00963227911646,
      "best_ema_acc1": 74.06359814257029,
      "epochs_completed": 16,
      "nas_rank": 10,
      "val_rank": 7,
      "ema_rank": 8,
      "best_rank": 12
    },
    {
      "arch_index": 5,
      "nas_quant_acc1": 75.5,
      "val_acc1": 89.84029869477912,
      "ema_acc1": 77.12788654618474,
      "best_val_acc1": 90.76587600401606,
      "best_ema_acc1": 77.12788654618474,
      "epochs_completed": 16,
      "nas_rank": 9,
      "val_rank": 1,
      "ema_rank": 1,
      "best_rank": 2
    },
    {
      "arch_index": 6,
      "nas_quant_acc1": 76.5,
      "val_acc1": 89.63682856425703,
      "ema_acc1": 74.77597891566265,
      "best_val_acc1": 90.22166792168674,
      "best_ema_acc1": 74.77597891566265,
      "epochs_completed": 16,
      "nas_rank": 8,
      "val_rank": 2,
      "ema_rank": 6,
      "best_rank": 6
    },
    {
      "arch_index": 7,
      "nas_quant_acc1": 77.25,
      "val_acc1": 88.89354292168674,
      "ema_acc1": 75.19044929718875,
      "best_val_acc1": 89.75511420682732,
      "best_ema_acc1": 75.19044929718875,
      "epochs_completed": 16,
      "nas_rank": 7,
      "val_rank": 5,
      "ema_rank": 4,
      "best_rank": 10
    },
    {
      "arch_index": 8,
      "nas_quant_acc1": 78.0,
      "val_acc1": 88.79533760040161,
      "ema_acc1": 72.29543172690764,
      "best_val_acc1": 89.85002510040161,
      "best_ema_acc1": 72.29543172690764,
      "epochs_completed": 16,
      "nas_rank": 6,
      "val_rank": 6,
      "ema_rank": 10,
      "best_rank": 8
    },
    {
      "arch_index": 9,
      "nas_quant_acc1": 78.5,
      "val_acc1": 88.48064131526104,
      "ema_acc1": 34.449987449799195,
      "best_val_acc1": 90.8640813253012,
      "best_ema_acc1": 34.449987449799195,
      "epochs_completed": 16,
      "nas_rank": 5,
      "val_rank": 8,
      "ema_rank": 14,
      "best_rank": 1
    },
    {
      "arch_index": 10,
      "nas_quant_acc1": 79.0,
      "val_acc1": 89.06391189759036,
      "ema_acc1": 74.78303840361446,
      "best_val_acc1": 90.38607555220884,
      "best_ema_acc1": 74.78303840361446,
      "epochs_completed": 16,
      "nas_rank": 4,
      "val_rank": 4,
      "ema_rank": 5,
      "best_rank": 5
    },
    {
      "arch_index": 11,
      "nas_quant_acc1": 79.75,
      "val_acc1": 88.40581074297188,
      "ema_acc1": 76.41503514056224,
      "best_val_acc1": 90.42623619477912,
      "best_ema_acc1": 76.41503514056224,
      "epochs_completed": 16,
      "nas_rank": 3,
      "val_rank": 9,
      "ema_rank": 3,
      "best_rank": 4
    },
    {
      "arch_index": 12,
      "nas_quant_acc1": 80.25,
      "val_acc1": 88.0293047188755,
      "ema_acc1": 74.12164282128514,
      "best_val_acc1": 90.07090863453816,
      "best_ema_acc1": 74.12164282128514,
      "epochs_completed": 16,
      "nas_rank": 2,
      "val_rank": 12,
      "ema_rank": 7,
      "best_rank": 7
    },
    {
      "arch_index": 13,
      "nas_quant_acc1": 81.25,
      "val_acc1": 88.351531124498,
      "ema_acc1": 72.01273845381526,
      "best_val_acc1": 89.81049196787149,
      "best_ema_acc1": 72.01273845381526,
      "epochs_completed": 16,
      "nas_rank": 1,
      "val_rank": 10,
      "ema_rank": 11,
      "best_rank": 9
    },
    {
      "arch_index": 14,
      "nas_quant_acc1": 85.5,
      "val_acc1": 90.24614081325302,
      "ema_acc1": 76.45943147590361,
      "best_val_acc1": 90.5835843373494,
      "best_ema_acc1": 76.45943147590361,
      "epochs_completed": 16,
      "nas_rank": 0,
      "val_rank": 0,
      "ema_rank": 2,
      "best_rank": 3
    }
  ],
  "timestamp": "2026-06-03T14:10:41.729598"
}