{
  "cycle": 102,
  "completed_arch_indices": [
    0,
    1,
    2,
    3,
    4,
    5,
    6,
    7,
    8,
    9,
    10,
    11,
    12,
    13,
    14
  ],
  "cycle_val_results": {
    "0": [
      89.75997740963855,
      89.90163780120481,
      95.52616716867469,
      92.39081325301206
    ],
    "1": [
      87.3668109939759,
      90.7468938253012,
      92.05007530120481,
      90.7468938253012
    ],
    "2": [
      87.18122489959839,
      91.28780747991968,
      92.37669427710844,
      91.28780747991968
    ],
    "3": [
      88.91958458835342,
      92.5660454317269,
      93.49272088353413,
      92.61812876506023
    ],
    "4": [
      88.8816202309237,
      92.11031626506023,
      92.96969126506023,
      92.11031626506023
    ],
    "5": [
      89.01606425702812,
      93.08201556224898,
      93.8703250502008,
      93.08201556224898
    ],
    "6": [
      87.36790913654619,
      92.96372991967873,
      93.9175451807229,
      92.96372991967873
    ],
    "7": [
      88.34007906626506,
      92.95776857429719,
      93.83502761044177,
      92.95776857429719
    ],
    "8": [
      88.33254894578313,
      92.77328062248995,
      93.56159011044177,
      92.77328062248995
    ],
    "9": [
      89.757781124498,
      92.59475401606427,
      94.04665537148594,
      92.59475401606427
    ],
    "10": [
      88.95158760040161,
      92.46187876506023,
      93.58982806224898,
      92.46187876506023
    ],
    "11": [
      88.117156124498,
      93.04891440763052,
      93.72709588353413,
      93.04891440763052
    ],
    "12": [
      87.7503765060241,
      92.89862575301206,
      93.70481927710844,
      92.89862575301206
    ],
    "13": [
      87.79540035140562,
      93.02287274096385,
      93.96256902610442,
      93.02287274096385
    ],
    "14": [
      89.79088227911646,
      93.39341741967873,
      94.23600652610442,
      93.39341741967873
    ]
  }
}