{
  "cycle": 58,
  "completed_arch_indices": [
    0,
    1,
    2,
    3,
    4,
    5,
    6,
    7,
    8,
    9,
    10,
    11,
    12,
    13,
    14
  ],
  "cycle_val_results": {
    "0": [
      94.48230421686748,
      91.77287274096385,
      95.06933985943776,
      92.39081325301206
    ],
    "1": [
      91.15163780120481,
      89.11113202811245,
      91.31494728915662,
      89.11113202811245
    ],
    "2": [
      91.0203313253012,
      89.65094754016064,
      91.62525100401606,
      89.65204568273093
    ],
    "3": [
      92.46784011044177,
      91.29486696787149,
      92.46784011044177,
      91.29486696787149
    ],
    "4": [
      91.72235818273093,
      90.94816767068274,
      92.29041164658635,
      90.94816767068274
    ],
    "5": [
      93.1281375502008,
      91.95892946787149,
      93.59092620481927,
      92.01101280120481
    ],
    "6": [
      92.83132530120481,
      91.59434613453816,
      93.5968875502008,
      91.65945030120481
    ],
    "7": [
      92.50580446787149,
      91.90574799196787,
      93.34400100401606,
      91.90574799196787
    ],
    "8": [
      92.7000188253012,
      91.63450677710844,
      92.9176079317269,
      91.63450677710844
    ],
    "9": [
      92.85956325301206,
      89.63573042168674,
      93.32941139558233,
      89.63573042168674
    ],
    "10": [
      92.64793549196787,
      91.42397715863453,
      93.28925075301206,
      91.42397715863453
    ],
    "11": [
      92.75320030120481,
      91.71749497991968,
      93.38855421686748,
      91.71749497991968
    ],
    "12": [
      92.66691767068274,
      91.6214859437751,
      93.01691139558233,
      91.6214859437751
    ],
    "13": [
      92.79822414658635,
      91.78259914658635,
      93.22414658634538,
      91.78259914658635
    ],
    "14": [
      93.42871485943776,
      91.92802459839358,
      93.56974774096385,
      91.94214357429719
    ]
  }
}