{
  "cycle": 58,
  "n_archs": 15,
  "spearman_r": 0.33928571428571425,
  "spearman_p": 0.2160289253419548,
  "pearson_r": -0.37627963622336164,
  "pearson_p": 0.16686843395396675,
  "kendall_tau": 0.29523809523809524,
  "kendall_p": 0.13946285911906778,
  "bootstrap_ci_spearman": [
    -0.33710557327752605,
    0.8802232107630393
  ],
  "spearman_r_ema": 0.4071428571428571,
  "spearman_p_ema": 0.13201266377985377,
  "pearson_r_ema": 0.05215763464592781,
  "pearson_p_ema": 0.8535388198172567,
  "kendall_tau_ema": 0.33333333333333337,
  "kendall_p_ema": 0.09264256691158146,
  "bootstrap_ci_spearman_ema": [
    -0.16668181818181824,
    0.8558558558558557
  ],
  "spearman_r_best": 0.2178571428571428,
  "spearman_p_best": 0.43539267351553756,
  "pearson_r_best": -0.38431714659971833,
  "pearson_p_best": 0.1572621964835013,
  "kendall_tau_best": 0.18095238095238098,
  "kendall_p_best": 0.3794503959627968,
  "bootstrap_ci_spearman_best": [
    -0.4487051597051597,
    0.8254703557312252
  ],
  "mean_val_acc1": 92.61095423360106,
  "std_val_acc1": 0.8492473295582081,
  "mean_ema_acc1": 91.1987219712182,
  "mean_best_val_acc1": 93.069015645917,
  "per_arch": [
    {
      "arch_index": 0,
      "nas_quant_acc1": 10.0,
      "val_acc1": 94.48230421686748,
      "ema_acc1": 91.77287274096385,
      "best_val_acc1": 95.06933985943776,
      "best_ema_acc1": 92.39081325301206,
      "epochs_completed": 59,
      "nas_rank": 14,
      "val_rank": 0,
      "ema_rank": 4,
      "best_rank": 0
    },
    {
      "arch_index": 1,
      "nas_quant_acc1": 63.5,
      "val_acc1": 91.15163780120481,
      "ema_acc1": 89.11113202811245,
      "best_val_acc1": 91.31494728915662,
      "best_ema_acc1": 89.11113202811245,
      "epochs_completed": 59,
      "nas_rank": 13,
      "val_rank": 13,
      "ema_rank": 14,
      "best_rank": 14
    },
    {
      "arch_index": 2,
      "nas_quant_acc1": 68.25,
      "val_acc1": 91.0203313253012,
      "ema_acc1": 89.65094754016064,
      "best_val_acc1": 91.62525100401606,
      "best_ema_acc1": 89.65204568273093,
      "epochs_completed": 59,
      "nas_rank": 12,
      "val_rank": 14,
      "ema_rank": 12,
      "best_rank": 13
    },
    {
      "arch_index": 3,
      "nas_quant_acc1": 71.5,
      "val_acc1": 92.46784011044177,
      "ema_acc1": 91.29486696787149,
      "best_val_acc1": 92.46784011044177,
      "best_ema_acc1": 91.29486696787149,
      "epochs_completed": 59,
      "nas_rank": 11,
      "val_rank": 11,
      "ema_rank": 10,
      "best_rank": 11
    },
    {
      "arch_index": 4,
      "nas_quant_acc1": 74.0,
      "val_acc1": 91.72235818273093,
      "ema_acc1": 90.94816767068274,
      "best_val_acc1": 92.29041164658635,
      "best_ema_acc1": 90.94816767068274,
      "epochs_completed": 59,
      "nas_rank": 10,
      "val_rank": 12,
      "ema_rank": 11,
      "best_rank": 12
    },
    {
      "arch_index": 5,
      "nas_quant_acc1": 75.5,
      "val_acc1": 93.1281375502008,
      "ema_acc1": 91.95892946787149,
      "best_val_acc1": 93.59092620481927,
      "best_ema_acc1": 92.01101280120481,
      "epochs_completed": 59,
      "nas_rank": 9,
      "val_rank": 2,
      "ema_rank": 0,
      "best_rank": 2
    },
    {
      "arch_index": 6,
      "nas_quant_acc1": 76.5,
      "val_acc1": 92.83132530120481,
      "ema_acc1": 91.59434613453816,
      "best_val_acc1": 93.5968875502008,
      "best_ema_acc1": 91.65945030120481,
      "epochs_completed": 59,
      "nas_rank": 8,
      "val_rank": 4,
      "ema_rank": 8,
      "best_rank": 1
    },
    {
      "arch_index": 7,
      "nas_quant_acc1": 77.25,
      "val_acc1": 92.50580446787149,
      "ema_acc1": 91.90574799196787,
      "best_val_acc1": 93.34400100401606,
      "best_ema_acc1": 91.90574799196787,
      "epochs_completed": 59,
      "nas_rank": 7,
      "val_rank": 10,
      "ema_rank": 2,
      "best_rank": 5
    },
    {
      "arch_index": 8,
      "nas_quant_acc1": 78.0,
      "val_acc1": 92.7000188253012,
      "ema_acc1": 91.63450677710844,
      "best_val_acc1": 92.9176079317269,
      "best_ema_acc1": 91.63450677710844,
      "epochs_completed": 59,
      "nas_rank": 6,
      "val_rank": 7,
      "ema_rank": 6,
      "best_rank": 10
    },
    {
      "arch_index": 9,
      "nas_quant_acc1": 78.5,
      "val_acc1": 92.85956325301206,
      "ema_acc1": 89.63573042168674,
      "best_val_acc1": 93.32941139558233,
      "best_ema_acc1": 89.63573042168674,
      "epochs_completed": 59,
      "nas_rank": 5,
      "val_rank": 3,
      "ema_rank": 13,
      "best_rank": 6
    },
    {
      "arch_index": 10,
      "nas_quant_acc1": 79.0,
      "val_acc1": 92.64793549196787,
      "ema_acc1": 91.42397715863453,
      "best_val_acc1": 93.28925075301206,
      "best_ema_acc1": 91.42397715863453,
      "epochs_completed": 59,
      "nas_rank": 4,
      "val_rank": 9,
      "ema_rank": 9,
      "best_rank": 7
    },
    {
      "arch_index": 11,
      "nas_quant_acc1": 79.75,
      "val_acc1": 92.75320030120481,
      "ema_acc1": 91.71749497991968,
      "best_val_acc1": 93.38855421686748,
      "best_ema_acc1": 91.71749497991968,
      "epochs_completed": 59,
      "nas_rank": 3,
      "val_rank": 6,
      "ema_rank": 5,
      "best_rank": 4
    },
    {
      "arch_index": 12,
      "nas_quant_acc1": 80.25,
      "val_acc1": 92.66691767068274,
      "ema_acc1": 91.6214859437751,
      "best_val_acc1": 93.01691139558233,
      "best_ema_acc1": 91.6214859437751,
      "epochs_completed": 59,
      "nas_rank": 2,
      "val_rank": 8,
      "ema_rank": 7,
      "best_rank": 9
    },
    {
      "arch_index": 13,
      "nas_quant_acc1": 81.25,
      "val_acc1": 92.79822414658635,
      "ema_acc1": 91.78259914658635,
      "best_val_acc1": 93.22414658634538,
      "best_ema_acc1": 91.78259914658635,
      "epochs_completed": 59,
      "nas_rank": 1,
      "val_rank": 5,
      "ema_rank": 3,
      "best_rank": 8
    },
    {
      "arch_index": 14,
      "nas_quant_acc1": 85.5,
      "val_acc1": 93.42871485943776,
      "ema_acc1": 91.92802459839358,
      "best_val_acc1": 93.56974774096385,
      "best_ema_acc1": 91.94214357429719,
      "epochs_completed": 59,
      "nas_rank": 0,
      "val_rank": 1,
      "ema_rank": 1,
      "best_rank": 3
    }
  ],
  "timestamp": "2026-06-03T19:48:10.911185"
}