{
  "cycle": 113,
  "completed_arch_indices": [
    0,
    1,
    2,
    3,
    4,
    5,
    6,
    7,
    8,
    9,
    10,
    11,
    12,
    13,
    14
  ],
  "cycle_val_results": {
    "0": [
      90.34591490963855,
      91.3160454317269,
      95.79583960843372,
      92.39081325301206
    ],
    "1": [
      86.515593624498,
      91.26772715863453,
      92.26546812248995,
      91.26772715863453
    ],
    "2": [
      87.34720130522088,
      91.57426581325302,
      92.4585843373494,
      91.60030747991968
    ],
    "3": [
      88.81761420682732,
      92.69139056224898,
      93.49272088353413,
      92.69139056224898
    ],
    "4": [
      88.99661144578313,
      92.58502761044177,
      93.22414658634538,
      92.58502761044177
    ],
    "5": [
      89.45940010040161,
      93.34243222891565,
      93.8703250502008,
      93.34243222891565
    ],
    "6": [
      90.1148343373494,
      93.23826556224898,
      94.03363453815261,
      93.23826556224898
    ],
    "7": [
      89.08226656626506,
      93.28925075301206,
      93.83502761044177,
      93.28925075301206
    ],
    "8": [
      89.289031124498,
      93.20296812248995,
      93.6207329317269,
      93.20296812248995
    ],
    "9": [
      88.75847138554217,
      93.26697414658635,
      94.33091741967873,
      93.26697414658635
    ],
    "10": [
      89.94823042168674,
      93.1129204317269,
      93.82420306224898,
      93.1129204317269
    ],
    "11": [
      89.74209337349399,
      93.45852158634538,
      94.0894829317269,
      93.45852158634538
    ],
    "12": [
      89.40355170682732,
      93.1910454317269,
      93.70481927710844,
      93.27622991967873
    ],
    "13": [
      88.81918298192771,
      93.28328940763052,
      93.96256902610442,
      93.30336972891565
    ],
    "14": [
      90.15060240963855,
      93.79110190763052,
      94.35209588353413,
      93.79110190763052
    ]
  }
}