{
  "cycle": 113,
  "n_archs": 15,
  "spearman_r": 0.2821428571428571,
  "spearman_p": 0.30828445682005556,
  "pearson_r": -0.07310457627577793,
  "pearson_p": 0.795700456589073,
  "kendall_tau": 0.2571428571428572,
  "kendall_p": 0.20184282422518202,
  "bootstrap_ci_spearman": [
    -0.36654062547518884,
    0.8464629707661321
  ],
  "spearman_r_ema": 0.7357142857142855,
  "spearman_p_ema": 0.0017698686421442707,
  "pearson_r_ema": 0.7379710956545211,
  "pearson_p_ema": 0.0016839767530392226,
  "kendall_tau_ema": 0.561904761904762,
  "kendall_p_ema": 0.0028582293753424705,
  "bootstrap_ci_spearman_ema": [
    0.23909591257003088,
    0.9422434615484507
  ],
  "spearman_r_best": 0.4035714285714285,
  "spearman_p_best": 0.13576799650365623,
  "pearson_r_best": -0.4485026831751109,
  "pearson_p_best": 0.09358034801286662,
  "kendall_tau_best": 0.3523809523809524,
  "kendall_p_best": 0.07433498084899375,
  "bootstrap_ci_spearman_best": [
    -0.25,
    0.9130474093875307
  ],
  "mean_val_acc1": 89.11937332663992,
  "std_val_acc1": 1.038778705652813,
  "mean_ema_acc1": 92.8407484103079,
  "mean_best_val_acc1": 93.79070448460509,
  "per_arch": [
    {
      "arch_index": 0,
      "nas_quant_acc1": 10.0,
      "val_acc1": 90.34591490963855,
      "ema_acc1": 91.3160454317269,
      "best_val_acc1": 95.79583960843372,
      "best_ema_acc1": 92.39081325301206,
      "epochs_completed": 114,
      "nas_rank": 14,
      "val_rank": 0,
      "ema_rank": 13,
      "best_rank": 0
    },
    {
      "arch_index": 1,
      "nas_quant_acc1": 63.5,
      "val_acc1": 86.515593624498,
      "ema_acc1": 91.26772715863453,
      "best_val_acc1": 92.26546812248995,
      "best_ema_acc1": 91.26772715863453,
      "epochs_completed": 114,
      "nas_rank": 13,
      "val_rank": 14,
      "ema_rank": 14,
      "best_rank": 14
    },
    {
      "arch_index": 2,
      "nas_quant_acc1": 68.25,
      "val_acc1": 87.34720130522088,
      "ema_acc1": 91.57426581325302,
      "best_val_acc1": 92.4585843373494,
      "best_ema_acc1": 91.60030747991968,
      "epochs_completed": 114,
      "nas_rank": 12,
      "val_rank": 13,
      "ema_rank": 12,
      "best_rank": 13
    },
    {
      "arch_index": 3,
      "nas_quant_acc1": 71.5,
      "val_acc1": 88.81761420682732,
      "ema_acc1": 92.69139056224898,
      "best_val_acc1": 93.49272088353413,
      "best_ema_acc1": 92.69139056224898,
      "epochs_completed": 114,
      "nas_rank": 11,
      "val_rank": 11,
      "ema_rank": 10,
      "best_rank": 11
    },
    {
      "arch_index": 4,
      "nas_quant_acc1": 74.0,
      "val_acc1": 88.99661144578313,
      "ema_acc1": 92.58502761044177,
      "best_val_acc1": 93.22414658634538,
      "best_ema_acc1": 92.58502761044177,
      "epochs_completed": 114,
      "nas_rank": 10,
      "val_rank": 9,
      "ema_rank": 11,
      "best_rank": 12
    },
    {
      "arch_index": 5,
      "nas_quant_acc1": 75.5,
      "val_acc1": 89.45940010040161,
      "ema_acc1": 93.34243222891565,
      "best_val_acc1": 93.8703250502008,
      "best_ema_acc1": 93.34243222891565,
      "epochs_completed": 114,
      "nas_rank": 9,
      "val_rank": 5,
      "ema_rank": 2,
      "best_rank": 6
    },
    {
      "arch_index": 6,
      "nas_quant_acc1": 76.5,
      "val_acc1": 90.1148343373494,
      "ema_acc1": 93.23826556224898,
      "best_val_acc1": 94.03363453815261,
      "best_ema_acc1": 93.23826556224898,
      "epochs_completed": 114,
      "nas_rank": 8,
      "val_rank": 2,
      "ema_rank": 6,
      "best_rank": 4
    },
    {
      "arch_index": 7,
      "nas_quant_acc1": 77.25,
      "val_acc1": 89.08226656626506,
      "ema_acc1": 93.28925075301206,
      "best_val_acc1": 93.83502761044177,
      "best_ema_acc1": 93.28925075301206,
      "epochs_completed": 114,
      "nas_rank": 7,
      "val_rank": 8,
      "ema_rank": 3,
      "best_rank": 7
    },
    {
      "arch_index": 8,
      "nas_quant_acc1": 78.0,
      "val_acc1": 89.289031124498,
      "ema_acc1": 93.20296812248995,
      "best_val_acc1": 93.6207329317269,
      "best_ema_acc1": 93.20296812248995,
      "epochs_completed": 114,
      "nas_rank": 6,
      "val_rank": 7,
      "ema_rank": 7,
      "best_rank": 10
    },
    {
      "arch_index": 9,
      "nas_quant_acc1": 78.5,
      "val_acc1": 88.75847138554217,
      "ema_acc1": 93.26697414658635,
      "best_val_acc1": 94.33091741967873,
      "best_ema_acc1": 93.26697414658635,
      "epochs_completed": 114,
      "nas_rank": 5,
      "val_rank": 12,
      "ema_rank": 5,
      "best_rank": 2
    },
    {
      "arch_index": 10,
      "nas_quant_acc1": 79.0,
      "val_acc1": 89.94823042168674,
      "ema_acc1": 93.1129204317269,
      "best_val_acc1": 93.82420306224898,
      "best_ema_acc1": 93.1129204317269,
      "epochs_completed": 114,
      "nas_rank": 4,
      "val_rank": 3,
      "ema_rank": 9,
      "best_rank": 8
    },
    {
      "arch_index": 11,
      "nas_quant_acc1": 79.75,
      "val_acc1": 89.74209337349399,
      "ema_acc1": 93.45852158634538,
      "best_val_acc1": 94.0894829317269,
      "best_ema_acc1": 93.45852158634538,
      "epochs_completed": 114,
      "nas_rank": 3,
      "val_rank": 4,
      "ema_rank": 1,
      "best_rank": 3
    },
    {
      "arch_index": 12,
      "nas_quant_acc1": 80.25,
      "val_acc1": 89.40355170682732,
      "ema_acc1": 93.1910454317269,
      "best_val_acc1": 93.70481927710844,
      "best_ema_acc1": 93.27622991967873,
      "epochs_completed": 114,
      "nas_rank": 2,
      "val_rank": 6,
      "ema_rank": 8,
      "best_rank": 9
    },
    {
      "arch_index": 13,
      "nas_quant_acc1": 81.25,
      "val_acc1": 88.81918298192771,
      "ema_acc1": 93.28328940763052,
      "best_val_acc1": 93.96256902610442,
      "best_ema_acc1": 93.30336972891565,
      "epochs_completed": 114,
      "nas_rank": 1,
      "val_rank": 10,
      "ema_rank": 4,
      "best_rank": 5
    },
    {
      "arch_index": 14,
      "nas_quant_acc1": 85.5,
      "val_acc1": 90.15060240963855,
      "ema_acc1": 93.79110190763052,
      "best_val_acc1": 94.35209588353413,
      "best_ema_acc1": 93.79110190763052,
      "epochs_completed": 114,
      "nas_rank": 0,
      "val_rank": 1,
      "ema_rank": 0,
      "best_rank": 1
    }
  ],
  "timestamp": "2026-06-04T01:34:07.840246"
}