{
  "cycle": 57,
  "completed_arch_indices": [
    0,
    1,
    2,
    3,
    4,
    5,
    6,
    7,
    8,
    9,
    10,
    11,
    12,
    13,
    14
  ],
  "cycle_val_results": {
    "0": [
      93.90122991967873,
      91.77883408634538,
      95.06933985943776,
      92.39081325301206
    ],
    "1": [
      89.55384036144578,
      89.07803087349399,
      91.31494728915662,
      89.07803087349399
    ],
    "2": [
      90.82611696787149,
      89.65204568273093,
      91.62525100401606,
      89.65204568273093
    ],
    "3": [
      91.78856049196787,
      91.22976280120481,
      92.32241465863453,
      91.22976280120481
    ],
    "4": [
      91.09955446787149,
      90.8570218373494,
      92.29041164658635,
      90.8570218373494
    ],
    "5": [
      92.81673569277109,
      91.98497113453816,
      93.59092620481927,
      92.01101280120481
    ],
    "6": [
      92.27848895582329,
      91.65945030120481,
      93.5968875502008,
      91.65945030120481
    ],
    "7": [
      91.8406438253012,
      91.85366465863453,
      93.34400100401606,
      91.85366465863453
    ],
    "8": [
      92.08694151606427,
      91.60846511044177,
      92.9176079317269,
      91.60846511044177
    ],
    "9": [
      92.28335215863453,
      89.59666792168674,
      93.32941139558233,
      89.59666792168674
    ],
    "10": [
      91.99799196787149,
      91.34585215863453,
      93.28925075301206,
      91.41801581325302
    ],
    "11": [
      92.06309613453816,
      91.70447414658635,
      93.38855421686748,
      91.70447414658635
    ],
    "12": [
      92.02779869477912,
      91.5894829317269,
      93.01691139558233,
      91.5894829317269
    ],
    "13": [
      92.23346511044177,
      91.73051581325302,
      93.22414658634538,
      91.73051581325302
    ],
    "14": [
      92.76025978915662,
      91.9410454317269,
      93.56974774096385,
      91.94214357429719
    ]
  }
}