{
  "cycle": 57,
  "n_archs": 15,
  "spearman_r": 0.3,
  "spearman_p": 0.27731678036838386,
  "pearson_r": -0.3084493891526529,
  "pearson_p": 0.2633399082941881,
  "kendall_tau": 0.2761904761904762,
  "kendall_p": 0.16857787367749338,
  "bootstrap_ci_spearman": [
    -0.38768858398669526,
    0.8862437409685116
  ],
  "spearman_r_ema": 0.3321428571428571,
  "spearman_p_ema": 0.2264717590707243,
  "pearson_r_ema": 0.04423878868338711,
  "pearson_p_ema": 0.8756017080904144,
  "kendall_tau_ema": 0.2761904761904762,
  "kendall_p_ema": 0.16857787367749338,
  "bootstrap_ci_spearman_ema": [
    -0.25145231155372033,
    0.831824681094441
  ],
  "spearman_r_best": 0.2178571428571428,
  "spearman_p_best": 0.43539267351553756,
  "pearson_r_best": -0.38077707330995003,
  "pearson_p_best": 0.16144668764321687,
  "kendall_tau_best": 0.18095238095238098,
  "kendall_p_best": 0.3794503959627968,
  "bootstrap_ci_spearman_best": [
    -0.4487051597051597,
    0.8254703557312252
  ],
  "mean_val_acc1": 91.97053840361447,
  "std_val_acc1": 0.9751914235263489,
  "mean_ema_acc1": 91.17401899263723,
  "mean_best_val_acc1": 93.05932061579651,
  "per_arch": [
    {
      "arch_index": 0,
      "nas_quant_acc1": 10.0,
      "val_acc1": 93.90122991967873,
      "ema_acc1": 91.77883408634538,
      "best_val_acc1": 95.06933985943776,
      "best_ema_acc1": 92.39081325301206,
      "epochs_completed": 58,
      "nas_rank": 14,
      "val_rank": 0,
      "ema_rank": 3,
      "best_rank": 0
    },
    {
      "arch_index": 1,
      "nas_quant_acc1": 63.5,
      "val_acc1": 89.55384036144578,
      "ema_acc1": 89.07803087349399,
      "best_val_acc1": 91.31494728915662,
      "best_ema_acc1": 89.07803087349399,
      "epochs_completed": 58,
      "nas_rank": 13,
      "val_rank": 14,
      "ema_rank": 14,
      "best_rank": 14
    },
    {
      "arch_index": 2,
      "nas_quant_acc1": 68.25,
      "val_acc1": 90.82611696787149,
      "ema_acc1": 89.65204568273093,
      "best_val_acc1": 91.62525100401606,
      "best_ema_acc1": 89.65204568273093,
      "epochs_completed": 58,
      "nas_rank": 12,
      "val_rank": 13,
      "ema_rank": 12,
      "best_rank": 13
    },
    {
      "arch_index": 3,
      "nas_quant_acc1": 71.5,
      "val_acc1": 91.78856049196787,
      "ema_acc1": 91.22976280120481,
      "best_val_acc1": 92.32241465863453,
      "best_ema_acc1": 91.22976280120481,
      "epochs_completed": 58,
      "nas_rank": 11,
      "val_rank": 11,
      "ema_rank": 10,
      "best_rank": 11
    },
    {
      "arch_index": 4,
      "nas_quant_acc1": 74.0,
      "val_acc1": 91.09955446787149,
      "ema_acc1": 90.8570218373494,
      "best_val_acc1": 92.29041164658635,
      "best_ema_acc1": 90.8570218373494,
      "epochs_completed": 58,
      "nas_rank": 10,
      "val_rank": 12,
      "ema_rank": 11,
      "best_rank": 12
    },
    {
      "arch_index": 5,
      "nas_quant_acc1": 75.5,
      "val_acc1": 92.81673569277109,
      "ema_acc1": 91.98497113453816,
      "best_val_acc1": 93.59092620481927,
      "best_ema_acc1": 92.01101280120481,
      "epochs_completed": 58,
      "nas_rank": 9,
      "val_rank": 1,
      "ema_rank": 0,
      "best_rank": 2
    },
    {
      "arch_index": 6,
      "nas_quant_acc1": 76.5,
      "val_acc1": 92.27848895582329,
      "ema_acc1": 91.65945030120481,
      "best_val_acc1": 93.5968875502008,
      "best_ema_acc1": 91.65945030120481,
      "epochs_completed": 58,
      "nas_rank": 8,
      "val_rank": 4,
      "ema_rank": 6,
      "best_rank": 1
    },
    {
      "arch_index": 7,
      "nas_quant_acc1": 77.25,
      "val_acc1": 91.8406438253012,
      "ema_acc1": 91.85366465863453,
      "best_val_acc1": 93.34400100401606,
      "best_ema_acc1": 91.85366465863453,
      "epochs_completed": 58,
      "nas_rank": 7,
      "val_rank": 10,
      "ema_rank": 2,
      "best_rank": 5
    },
    {
      "arch_index": 8,
      "nas_quant_acc1": 78.0,
      "val_acc1": 92.08694151606427,
      "ema_acc1": 91.60846511044177,
      "best_val_acc1": 92.9176079317269,
      "best_ema_acc1": 91.60846511044177,
      "epochs_completed": 58,
      "nas_rank": 6,
      "val_rank": 6,
      "ema_rank": 7,
      "best_rank": 10
    },
    {
      "arch_index": 9,
      "nas_quant_acc1": 78.5,
      "val_acc1": 92.28335215863453,
      "ema_acc1": 89.59666792168674,
      "best_val_acc1": 93.32941139558233,
      "best_ema_acc1": 89.59666792168674,
      "epochs_completed": 58,
      "nas_rank": 5,
      "val_rank": 3,
      "ema_rank": 13,
      "best_rank": 6
    },
    {
      "arch_index": 10,
      "nas_quant_acc1": 79.0,
      "val_acc1": 91.99799196787149,
      "ema_acc1": 91.34585215863453,
      "best_val_acc1": 93.28925075301206,
      "best_ema_acc1": 91.41801581325302,
      "epochs_completed": 58,
      "nas_rank": 4,
      "val_rank": 9,
      "ema_rank": 9,
      "best_rank": 7
    },
    {
      "arch_index": 11,
      "nas_quant_acc1": 79.75,
      "val_acc1": 92.06309613453816,
      "ema_acc1": 91.70447414658635,
      "best_val_acc1": 93.38855421686748,
      "best_ema_acc1": 91.70447414658635,
      "epochs_completed": 58,
      "nas_rank": 3,
      "val_rank": 7,
      "ema_rank": 5,
      "best_rank": 4
    },
    {
      "arch_index": 12,
      "nas_quant_acc1": 80.25,
      "val_acc1": 92.02779869477912,
      "ema_acc1": 91.5894829317269,
      "best_val_acc1": 93.01691139558233,
      "best_ema_acc1": 91.5894829317269,
      "epochs_completed": 58,
      "nas_rank": 2,
      "val_rank": 8,
      "ema_rank": 8,
      "best_rank": 9
    },
    {
      "arch_index": 13,
      "nas_quant_acc1": 81.25,
      "val_acc1": 92.23346511044177,
      "ema_acc1": 91.73051581325302,
      "best_val_acc1": 93.22414658634538,
      "best_ema_acc1": 91.73051581325302,
      "epochs_completed": 58,
      "nas_rank": 1,
      "val_rank": 5,
      "ema_rank": 4,
      "best_rank": 8
    },
    {
      "arch_index": 14,
      "nas_quant_acc1": 85.5,
      "val_acc1": 92.76025978915662,
      "ema_acc1": 91.9410454317269,
      "best_val_acc1": 93.56974774096385,
      "best_ema_acc1": 91.94214357429719,
      "epochs_completed": 58,
      "nas_rank": 0,
      "val_rank": 2,
      "ema_rank": 1,
      "best_rank": 3
    }
  ],
  "timestamp": "2026-06-03T19:42:12.545952"
}