{
  "cycle": 62,
  "completed_arch_indices": [
    0,
    1,
    2,
    3,
    4,
    5,
    6,
    7,
    8,
    9,
    10,
    11,
    12,
    13,
    14
  ],
  "cycle_val_results": {
    "0": [
      89.59556977911646,
      91.30302459839358,
      95.23484563253012,
      92.39081325301206
    ],
    "1": [
      86.7347515060241,
      89.20337600401606,
      91.75169427710844,
      89.20337600401606
    ],
    "2": [
      86.19760291164658,
      89.92548318273093,
      92.13416164658635,
      89.92548318273093
    ],
    "3": [
      88.40141817269075,
      91.41315261044177,
      92.78630145582329,
      91.45817645582329
    ],
    "4": [
      88.45130522088354,
      91.1375188253012,
      92.54596511044177,
      91.1375188253012
    ],
    "5": [
      89.29232555220884,
      92.10215863453816,
      93.59092620481927,
      92.10215863453816
    ],
    "6": [
      88.67109061244979,
      91.67247113453816,
      93.66089357429719,
      91.70447414658635
    ],
    "7": [
      89.08446285140562,
      92.0359563253012,
      93.51436997991968,
      92.0359563253012
    ],
    "8": [
      88.24250125502007,
      91.86182228915662,
      93.18288780120481,
      91.86182228915662
    ],
    "9": [
      89.28040286144578,
      90.07843875502007,
      93.61696787148594,
      90.07843875502007
    ],
    "10": [
      89.73064131526104,
      91.55528363453816,
      93.3792984437751,
      91.55528363453816
    ],
    "11": [
      88.22022464859438,
      91.88080446787149,
      93.38855421686748,
      91.88080446787149
    ],
    "12": [
      89.523406124498,
      91.76361696787149,
      93.32125376506023,
      91.76361696787149
    ],
    "13": [
      88.57398343373494,
      91.9339859437751,
      93.23606927710844,
      91.9339859437751
    ],
    "14": [
      89.95528990963855,
      92.06529241967873,
      93.70215235943776,
      92.09839357429719
    ]
  }
}