{
  "cycle": 62,
  "n_archs": 15,
  "spearman_r": 0.38928571428571423,
  "spearman_p": 0.15151193679039388,
  "pearson_r": 0.004619646748053728,
  "pearson_p": 0.9869635340267786,
  "kendall_tau": 0.3142857142857143,
  "kendall_p": 0.11424717239544455,
  "bootstrap_ci_spearman": [
    -0.23276208546444482,
    0.8581946640316206
  ],
  "spearman_r_ema": 0.6107142857142855,
  "spearman_p_ema": 0.01559283142117561,
  "pearson_r_ema": 0.23512181360018944,
  "pearson_p_ema": 0.3989248718536787,
  "kendall_tau_ema": 0.4666666666666667,
  "kendall_p_ema": 0.015510823225067603,
  "bootstrap_ci_spearman_ema": [
    0.08687351778656131,
    0.9084290937581612
  ],
  "spearman_r_best": 0.27499999999999997,
  "spearman_p_best": 0.3212111733193767,
  "pearson_r_best": -0.4611613189559848,
  "pearson_p_best": 0.0835942278418149,
  "kendall_tau_best": 0.20000000000000004,
  "kendall_p_best": 0.3282335876694342,
  "bootstrap_ci_spearman_best": [
    -0.3933823529411765,
    0.8461678832116785
  ],
  "mean_val_acc1": 88.66366507697457,
  "std_val_acc1": 1.0577989590207881,
  "mean_ema_acc1": 91.32882571954487,
  "mean_best_val_acc1": 93.26975610776441,
  "per_arch": [
    {
      "arch_index": 0,
      "nas_quant_acc1": 10.0,
      "val_acc1": 89.59556977911646,
      "ema_acc1": 91.30302459839358,
      "best_val_acc1": 95.23484563253012,
      "best_ema_acc1": 92.39081325301206,
      "epochs_completed": 63,
      "nas_rank": 14,
      "val_rank": 2,
      "ema_rank": 10,
      "best_rank": 0
    },
    {
      "arch_index": 1,
      "nas_quant_acc1": 63.5,
      "val_acc1": 86.7347515060241,
      "ema_acc1": 89.20337600401606,
      "best_val_acc1": 91.75169427710844,
      "best_ema_acc1": 89.20337600401606,
      "epochs_completed": 63,
      "nas_rank": 13,
      "val_rank": 13,
      "ema_rank": 14,
      "best_rank": 14
    },
    {
      "arch_index": 2,
      "nas_quant_acc1": 68.25,
      "val_acc1": 86.19760291164658,
      "ema_acc1": 89.92548318273093,
      "best_val_acc1": 92.13416164658635,
      "best_ema_acc1": 89.92548318273093,
      "epochs_completed": 63,
      "nas_rank": 12,
      "val_rank": 14,
      "ema_rank": 13,
      "best_rank": 13
    },
    {
      "arch_index": 3,
      "nas_quant_acc1": 71.5,
      "val_acc1": 88.40141817269075,
      "ema_acc1": 91.41315261044177,
      "best_val_acc1": 92.78630145582329,
      "best_ema_acc1": 91.45817645582329,
      "epochs_completed": 63,
      "nas_rank": 11,
      "val_rank": 10,
      "ema_rank": 9,
      "best_rank": 11
    },
    {
      "arch_index": 4,
      "nas_quant_acc1": 74.0,
      "val_acc1": 88.45130522088354,
      "ema_acc1": 91.1375188253012,
      "best_val_acc1": 92.54596511044177,
      "best_ema_acc1": 91.1375188253012,
      "epochs_completed": 63,
      "nas_rank": 10,
      "val_rank": 9,
      "ema_rank": 11,
      "best_rank": 12
    },
    {
      "arch_index": 5,
      "nas_quant_acc1": 75.5,
      "val_acc1": 89.29232555220884,
      "ema_acc1": 92.10215863453816,
      "best_val_acc1": 93.59092620481927,
      "best_ema_acc1": 92.10215863453816,
      "epochs_completed": 63,
      "nas_rank": 9,
      "val_rank": 4,
      "ema_rank": 0,
      "best_rank": 4
    },
    {
      "arch_index": 6,
      "nas_quant_acc1": 76.5,
      "val_acc1": 88.67109061244979,
      "ema_acc1": 91.67247113453816,
      "best_val_acc1": 93.66089357429719,
      "best_ema_acc1": 91.70447414658635,
      "epochs_completed": 63,
      "nas_rank": 8,
      "val_rank": 7,
      "ema_rank": 7,
      "best_rank": 2
    },
    {
      "arch_index": 7,
      "nas_quant_acc1": 77.25,
      "val_acc1": 89.08446285140562,
      "ema_acc1": 92.0359563253012,
      "best_val_acc1": 93.51436997991968,
      "best_ema_acc1": 92.0359563253012,
      "epochs_completed": 63,
      "nas_rank": 7,
      "val_rank": 6,
      "ema_rank": 2,
      "best_rank": 5
    },
    {
      "arch_index": 8,
      "nas_quant_acc1": 78.0,
      "val_acc1": 88.24250125502007,
      "ema_acc1": 91.86182228915662,
      "best_val_acc1": 93.18288780120481,
      "best_ema_acc1": 91.86182228915662,
      "epochs_completed": 63,
      "nas_rank": 6,
      "val_rank": 11,
      "ema_rank": 5,
      "best_rank": 10
    },
    {
      "arch_index": 9,
      "nas_quant_acc1": 78.5,
      "val_acc1": 89.28040286144578,
      "ema_acc1": 90.07843875502007,
      "best_val_acc1": 93.61696787148594,
      "best_ema_acc1": 90.07843875502007,
      "epochs_completed": 63,
      "nas_rank": 5,
      "val_rank": 5,
      "ema_rank": 12,
      "best_rank": 3
    },
    {
      "arch_index": 10,
      "nas_quant_acc1": 79.0,
      "val_acc1": 89.73064131526104,
      "ema_acc1": 91.55528363453816,
      "best_val_acc1": 93.3792984437751,
      "best_ema_acc1": 91.55528363453816,
      "epochs_completed": 63,
      "nas_rank": 4,
      "val_rank": 1,
      "ema_rank": 8,
      "best_rank": 7
    },
    {
      "arch_index": 11,
      "nas_quant_acc1": 79.75,
      "val_acc1": 88.22022464859438,
      "ema_acc1": 91.88080446787149,
      "best_val_acc1": 93.38855421686748,
      "best_ema_acc1": 91.88080446787149,
      "epochs_completed": 63,
      "nas_rank": 3,
      "val_rank": 12,
      "ema_rank": 4,
      "best_rank": 6
    },
    {
      "arch_index": 12,
      "nas_quant_acc1": 80.25,
      "val_acc1": 89.523406124498,
      "ema_acc1": 91.76361696787149,
      "best_val_acc1": 93.32125376506023,
      "best_ema_acc1": 91.76361696787149,
      "epochs_completed": 63,
      "nas_rank": 2,
      "val_rank": 3,
      "ema_rank": 6,
      "best_rank": 8
    },
    {
      "arch_index": 13,
      "nas_quant_acc1": 81.25,
      "val_acc1": 88.57398343373494,
      "ema_acc1": 91.9339859437751,
      "best_val_acc1": 93.23606927710844,
      "best_ema_acc1": 91.9339859437751,
      "epochs_completed": 63,
      "nas_rank": 1,
      "val_rank": 8,
      "ema_rank": 3,
      "best_rank": 9
    },
    {
      "arch_index": 14,
      "nas_quant_acc1": 85.5,
      "val_acc1": 89.95528990963855,
      "ema_acc1": 92.06529241967873,
      "best_val_acc1": 93.70215235943776,
      "best_ema_acc1": 92.09839357429719,
      "epochs_completed": 63,
      "nas_rank": 0,
      "val_rank": 0,
      "ema_rank": 1,
      "best_rank": 1
    }
  ],
  "timestamp": "2026-06-03T21:19:12.288403"
}