{
  "cycle": 139,
  "completed_arch_indices": [
    0,
    1,
    2,
    3,
    4,
    5,
    6,
    7,
    8,
    9,
    10,
    11,
    12,
    13,
    14
  ],
  "cycle_val_results": {
    "0": [
      95.46106300200803,
      94.23114332329318,
      95.79583960843372,
      94.23114332329318
    ],
    "1": [
      92.06199799196787,
      91.95892946787149,
      92.26546812248995,
      91.95892946787149
    ],
    "2": [
      91.96975401606427,
      92.64307228915662,
      92.76998619477912,
      92.64307228915662
    ],
    "3": [
      93.5187625502008,
      93.7222326807229,
      93.73415537148594,
      93.7222326807229
    ],
    "4": [
      92.87964357429719,
      93.17912274096385,
      93.37223895582329,
      93.17912274096385
    ],
    "5": [
      94.00649472891565,
      94.2609500502008,
      94.22784889558233,
      94.2609500502008
    ],
    "6": [
      94.06673569277109,
      94.08571787148594,
      94.11772088353413,
      94.08571787148594
    ],
    "7": [
      93.64457831325302,
      93.73682228915662,
      93.95817645582329,
      93.7699234437751
    ],
    "8": [
      93.81714357429719,
      93.80412274096385,
      93.81714357429719,
      93.80412274096385
    ],
    "9": [
      94.08571787148594,
      94.31193524096385,
      94.33091741967873,
      94.32495607429719
    ],
    "10": [
      93.6597954317269,
      93.7699234437751,
      94.21263177710844,
      93.78294427710844
    ],
    "11": [
      93.74717620481927,
      94.02547690763052,
      94.0894829317269,
      94.02547690763052
    ],
    "12": [
      93.44659889558233,
      93.97935491967873,
      93.97339357429719,
      93.97935491967873
    ],
    "13": [
      93.69775978915662,
      93.81118222891565,
      93.97449171686748,
      93.84538152610442
    ],
    "14": [
      94.28808985943776,
      94.31193524096385,
      94.36511671686748,
      94.31193524096385
    ]
  }
}