{
  "cycle": 139,
  "n_archs": 15,
  "spearman_r": 0.2642857142857143,
  "spearman_p": 0.3411737579900821,
  "pearson_r": -0.36732240382967274,
  "pearson_p": 0.1780212895619273,
  "kendall_tau": 0.21904761904761905,
  "kendall_p": 0.2815660702955676,
  "bootstrap_ci_spearman": [
    -0.4124246271025071,
    0.8360804498527264
  ],
  "spearman_r_ema": 0.45218963543415164,
  "spearman_p_ema": 0.09058928790838341,
  "pearson_r_ema": 0.04755172832899274,
  "pearson_p_ema": 0.8663602001381344,
  "kendall_tau_ema": 0.3636405261167026,
  "kendall_p_ema": 0.059724872589944966,
  "bootstrap_ci_spearman_ema": [
    -0.1573668307486834,
    0.8961233529334747
  ],
  "spearman_r_best": 0.3607142857142856,
  "spearman_p_best": 0.18655437415416354,
  "pearson_r_best": -0.42946817831054235,
  "pearson_p_best": 0.11013348050052556,
  "kendall_tau_best": 0.29523809523809524,
  "kendall_p_best": 0.13946285911906778,
  "bootstrap_ci_spearman_best": [
    -0.2960303934816369,
    0.8919630156472249
  ],
  "mean_val_acc1": 93.62342076639894,
  "std_val_acc1": 0.8537282103474014,
  "mean_ema_acc1": 93.7221280957162,
  "mean_best_val_acc1": 93.93364081325304,
  "per_arch": [
    {
      "arch_index": 0,
      "nas_quant_acc1": 10.0,
      "val_acc1": 95.46106300200803,
      "ema_acc1": 94.23114332329318,
      "best_val_acc1": 95.79583960843372,
      "best_ema_acc1": 94.23114332329318,
      "epochs_completed": 140,
      "nas_rank": 14,
      "val_rank": 0,
      "ema_rank": 3,
      "best_rank": 0
    },
    {
      "arch_index": 1,
      "nas_quant_acc1": 63.5,
      "val_acc1": 92.06199799196787,
      "ema_acc1": 91.95892946787149,
      "best_val_acc1": 92.26546812248995,
      "best_ema_acc1": 91.95892946787149,
      "epochs_completed": 140,
      "nas_rank": 13,
      "val_rank": 13,
      "ema_rank": 14,
      "best_rank": 14
    },
    {
      "arch_index": 2,
      "nas_quant_acc1": 68.25,
      "val_acc1": 91.96975401606427,
      "ema_acc1": 92.64307228915662,
      "best_val_acc1": 92.76998619477912,
      "best_ema_acc1": 92.64307228915662,
      "epochs_completed": 140,
      "nas_rank": 12,
      "val_rank": 14,
      "ema_rank": 13,
      "best_rank": 13
    },
    {
      "arch_index": 3,
      "nas_quant_acc1": 71.5,
      "val_acc1": 93.5187625502008,
      "ema_acc1": 93.7222326807229,
      "best_val_acc1": 93.73415537148594,
      "best_ema_acc1": 93.7222326807229,
      "epochs_completed": 140,
      "nas_rank": 11,
      "val_rank": 10,
      "ema_rank": 11,
      "best_rank": 11
    },
    {
      "arch_index": 4,
      "nas_quant_acc1": 74.0,
      "val_acc1": 92.87964357429719,
      "ema_acc1": 93.17912274096385,
      "best_val_acc1": 93.37223895582329,
      "best_ema_acc1": 93.17912274096385,
      "epochs_completed": 140,
      "nas_rank": 10,
      "val_rank": 12,
      "ema_rank": 12,
      "best_rank": 12
    },
    {
      "arch_index": 5,
      "nas_quant_acc1": 75.5,
      "val_acc1": 94.00649472891565,
      "ema_acc1": 94.2609500502008,
      "best_val_acc1": 94.22784889558233,
      "best_ema_acc1": 94.2609500502008,
      "epochs_completed": 140,
      "nas_rank": 9,
      "val_rank": 4,
      "ema_rank": 2,
      "best_rank": 3
    },
    {
      "arch_index": 6,
      "nas_quant_acc1": 76.5,
      "val_acc1": 94.06673569277109,
      "ema_acc1": 94.08571787148594,
      "best_val_acc1": 94.11772088353413,
      "best_ema_acc1": 94.08571787148594,
      "epochs_completed": 140,
      "nas_rank": 8,
      "val_rank": 3,
      "ema_rank": 4,
      "best_rank": 5
    },
    {
      "arch_index": 7,
      "nas_quant_acc1": 77.25,
      "val_acc1": 93.64457831325302,
      "ema_acc1": 93.73682228915662,
      "best_val_acc1": 93.95817645582329,
      "best_ema_acc1": 93.7699234437751,
      "epochs_completed": 140,
      "nas_rank": 7,
      "val_rank": 9,
      "ema_rank": 10,
      "best_rank": 9
    },
    {
      "arch_index": 8,
      "nas_quant_acc1": 78.0,
      "val_acc1": 93.81714357429719,
      "ema_acc1": 93.80412274096385,
      "best_val_acc1": 93.81714357429719,
      "best_ema_acc1": 93.80412274096385,
      "epochs_completed": 140,
      "nas_rank": 6,
      "val_rank": 5,
      "ema_rank": 8,
      "best_rank": 10
    },
    {
      "arch_index": 9,
      "nas_quant_acc1": 78.5,
      "val_acc1": 94.08571787148594,
      "ema_acc1": 94.31193524096385,
      "best_val_acc1": 94.33091741967873,
      "best_ema_acc1": 94.32495607429719,
      "epochs_completed": 140,
      "nas_rank": 5,
      "val_rank": 2,
      "ema_rank": 1,
      "best_rank": 2
    },
    {
      "arch_index": 10,
      "nas_quant_acc1": 79.0,
      "val_acc1": 93.6597954317269,
      "ema_acc1": 93.7699234437751,
      "best_val_acc1": 94.21263177710844,
      "best_ema_acc1": 93.78294427710844,
      "epochs_completed": 140,
      "nas_rank": 4,
      "val_rank": 8,
      "ema_rank": 9,
      "best_rank": 4
    },
    {
      "arch_index": 11,
      "nas_quant_acc1": 79.75,
      "val_acc1": 93.74717620481927,
      "ema_acc1": 94.02547690763052,
      "best_val_acc1": 94.0894829317269,
      "best_ema_acc1": 94.02547690763052,
      "epochs_completed": 140,
      "nas_rank": 3,
      "val_rank": 6,
      "ema_rank": 5,
      "best_rank": 6
    },
    {
      "arch_index": 12,
      "nas_quant_acc1": 80.25,
      "val_acc1": 93.44659889558233,
      "ema_acc1": 93.97935491967873,
      "best_val_acc1": 93.97339357429719,
      "best_ema_acc1": 93.97935491967873,
      "epochs_completed": 140,
      "nas_rank": 2,
      "val_rank": 11,
      "ema_rank": 6,
      "best_rank": 8
    },
    {
      "arch_index": 13,
      "nas_quant_acc1": 81.25,
      "val_acc1": 93.69775978915662,
      "ema_acc1": 93.81118222891565,
      "best_val_acc1": 93.97449171686748,
      "best_ema_acc1": 93.84538152610442,
      "epochs_completed": 140,
      "nas_rank": 1,
      "val_rank": 7,
      "ema_rank": 7,
      "best_rank": 7
    },
    {
      "arch_index": 14,
      "nas_quant_acc1": 85.5,
      "val_acc1": 94.28808985943776,
      "ema_acc1": 94.31193524096385,
      "best_val_acc1": 94.36511671686748,
      "best_ema_acc1": 94.31193524096385,
      "epochs_completed": 140,
      "nas_rank": 0,
      "val_rank": 1,
      "ema_rank": 0,
      "best_rank": 1
    }
  ],
  "timestamp": "2026-06-04T08:26:29.907120"
}