{
  "cycle": 63,
  "completed_arch_indices": [
    0,
    1,
    2,
    3,
    4,
    5,
    6,
    7,
    8,
    9,
    10,
    11,
    12,
    13,
    14
  ],
  "cycle_val_results": {
    "0": [
      89.99105798192771,
      91.17877761044177,
      95.23484563253012,
      92.39081325301206
    ],
    "1": [
      87.492156124498,
      89.36668549196787,
      91.75169427710844,
      89.36668549196787
    ],
    "2": [
      87.62346260040161,
      89.93850401606427,
      92.13416164658635,
      89.93850401606427
    ],
    "3": [
      88.57178714859438,
      91.3871109437751,
      92.78630145582329,
      91.45817645582329
    ],
    "4": [
      88.37647464859438,
      91.14457831325302,
      92.54596511044177,
      91.14457831325302
    ],
    "5": [
      87.62126631526104,
      92.20632530120481,
      93.59092620481927,
      92.20632530120481
    ],
    "6": [
      89.83810240963855,
      91.69851280120481,
      93.66089357429719,
      91.70447414658635
    ],
    "7": [
      88.95535266064257,
      92.03705446787149,
      93.51436997991968,
      92.03705446787149
    ],
    "8": [
      88.429656124498,
      91.86778363453816,
      93.18288780120481,
      91.86778363453816
    ],
    "9": [
      89.73017068273093,
      90.06541792168674,
      93.61696787148594,
      90.07843875502007
    ],
    "10": [
      88.71721260040161,
      91.54822414658635,
      93.3792984437751,
      91.55528363453816
    ],
    "11": [
      89.30911144578313,
      91.89382530120481,
      93.38855421686748,
      91.89382530120481
    ],
    "12": [
      88.64991214859438,
      91.79671812248995,
      93.32125376506023,
      91.79671812248995
    ],
    "13": [
      88.12468624497993,
      91.96002761044177,
      93.23606927710844,
      91.96002761044177
    ],
    "14": [
      89.96940888554217,
      92.12443524096385,
      93.70215235943776,
      92.12443524096385
    ]
  }
}