{
  "cycle": 63,
  "n_archs": 15,
  "spearman_r": 0.27499999999999997,
  "spearman_p": 0.3212111733193767,
  "pearson_r": -0.19559211649695346,
  "pearson_p": 0.4848017187997533,
  "kendall_tau": 0.20000000000000004,
  "kendall_p": 0.3282335876694342,
  "bootstrap_ci_spearman": [
    -0.37411748845895854,
    0.8257792156553302
  ],
  "spearman_r_ema": 0.6107142857142855,
  "spearman_p_ema": 0.01559283142117561,
  "pearson_r_ema": 0.27520663112116767,
  "pearson_p_ema": 0.3208329206378485,
  "kendall_tau_ema": 0.4666666666666667,
  "kendall_p_ema": 0.015510823225067603,
  "bootstrap_ci_spearman_ema": [
    0.08687351778656131,
    0.9084290937581612
  ],
  "spearman_r_best": 0.27499999999999997,
  "spearman_p_best": 0.3212111733193767,
  "pearson_r_best": -0.4611613189559848,
  "pearson_p_best": 0.0835942278418149,
  "kendall_tau_best": 0.20000000000000004,
  "kendall_p_best": 0.3282335876694342,
  "bootstrap_ci_spearman_best": [
    -0.3933823529411765,
    0.8461678832116785
  ],
  "mean_val_acc1": 88.75998786813923,
  "std_val_acc1": 0.8588394111069173,
  "mean_ema_acc1": 91.34759872824631,
  "mean_best_val_acc1": 93.26975610776441,
  "per_arch": [
    {
      "arch_index": 0,
      "nas_quant_acc1": 10.0,
      "val_acc1": 89.99105798192771,
      "ema_acc1": 91.17877761044177,
      "best_val_acc1": 95.23484563253012,
      "best_ema_acc1": 92.39081325301206,
      "epochs_completed": 64,
      "nas_rank": 14,
      "val_rank": 0,
      "ema_rank": 10,
      "best_rank": 0
    },
    {
      "arch_index": 1,
      "nas_quant_acc1": 63.5,
      "val_acc1": 87.492156124498,
      "ema_acc1": 89.36668549196787,
      "best_val_acc1": 91.75169427710844,
      "best_ema_acc1": 89.36668549196787,
      "epochs_completed": 64,
      "nas_rank": 13,
      "val_rank": 14,
      "ema_rank": 14,
      "best_rank": 14
    },
    {
      "arch_index": 2,
      "nas_quant_acc1": 68.25,
      "val_acc1": 87.62346260040161,
      "ema_acc1": 89.93850401606427,
      "best_val_acc1": 92.13416164658635,
      "best_ema_acc1": 89.93850401606427,
      "epochs_completed": 64,
      "nas_rank": 12,
      "val_rank": 12,
      "ema_rank": 13,
      "best_rank": 13
    },
    {
      "arch_index": 3,
      "nas_quant_acc1": 71.5,
      "val_acc1": 88.57178714859438,
      "ema_acc1": 91.3871109437751,
      "best_val_acc1": 92.78630145582329,
      "best_ema_acc1": 91.45817645582329,
      "epochs_completed": 64,
      "nas_rank": 11,
      "val_rank": 8,
      "ema_rank": 9,
      "best_rank": 11
    },
    {
      "arch_index": 4,
      "nas_quant_acc1": 74.0,
      "val_acc1": 88.37647464859438,
      "ema_acc1": 91.14457831325302,
      "best_val_acc1": 92.54596511044177,
      "best_ema_acc1": 91.14457831325302,
      "epochs_completed": 64,
      "nas_rank": 10,
      "val_rank": 10,
      "ema_rank": 11,
      "best_rank": 12
    },
    {
      "arch_index": 5,
      "nas_quant_acc1": 75.5,
      "val_acc1": 87.62126631526104,
      "ema_acc1": 92.20632530120481,
      "best_val_acc1": 93.59092620481927,
      "best_ema_acc1": 92.20632530120481,
      "epochs_completed": 64,
      "nas_rank": 9,
      "val_rank": 13,
      "ema_rank": 0,
      "best_rank": 4
    },
    {
      "arch_index": 6,
      "nas_quant_acc1": 76.5,
      "val_acc1": 89.83810240963855,
      "ema_acc1": 91.69851280120481,
      "best_val_acc1": 93.66089357429719,
      "best_ema_acc1": 91.70447414658635,
      "epochs_completed": 64,
      "nas_rank": 8,
      "val_rank": 2,
      "ema_rank": 7,
      "best_rank": 2
    },
    {
      "arch_index": 7,
      "nas_quant_acc1": 77.25,
      "val_acc1": 88.95535266064257,
      "ema_acc1": 92.03705446787149,
      "best_val_acc1": 93.51436997991968,
      "best_ema_acc1": 92.03705446787149,
      "epochs_completed": 64,
      "nas_rank": 7,
      "val_rank": 5,
      "ema_rank": 2,
      "best_rank": 5
    },
    {
      "arch_index": 8,
      "nas_quant_acc1": 78.0,
      "val_acc1": 88.429656124498,
      "ema_acc1": 91.86778363453816,
      "best_val_acc1": 93.18288780120481,
      "best_ema_acc1": 91.86778363453816,
      "epochs_completed": 64,
      "nas_rank": 6,
      "val_rank": 9,
      "ema_rank": 5,
      "best_rank": 10
    },
    {
      "arch_index": 9,
      "nas_quant_acc1": 78.5,
      "val_acc1": 89.73017068273093,
      "ema_acc1": 90.06541792168674,
      "best_val_acc1": 93.61696787148594,
      "best_ema_acc1": 90.07843875502007,
      "epochs_completed": 64,
      "nas_rank": 5,
      "val_rank": 3,
      "ema_rank": 12,
      "best_rank": 3
    },
    {
      "arch_index": 10,
      "nas_quant_acc1": 79.0,
      "val_acc1": 88.71721260040161,
      "ema_acc1": 91.54822414658635,
      "best_val_acc1": 93.3792984437751,
      "best_ema_acc1": 91.55528363453816,
      "epochs_completed": 64,
      "nas_rank": 4,
      "val_rank": 6,
      "ema_rank": 8,
      "best_rank": 7
    },
    {
      "arch_index": 11,
      "nas_quant_acc1": 79.75,
      "val_acc1": 89.30911144578313,
      "ema_acc1": 91.89382530120481,
      "best_val_acc1": 93.38855421686748,
      "best_ema_acc1": 91.89382530120481,
      "epochs_completed": 64,
      "nas_rank": 3,
      "val_rank": 4,
      "ema_rank": 4,
      "best_rank": 6
    },
    {
      "arch_index": 12,
      "nas_quant_acc1": 80.25,
      "val_acc1": 88.64991214859438,
      "ema_acc1": 91.79671812248995,
      "best_val_acc1": 93.32125376506023,
      "best_ema_acc1": 91.79671812248995,
      "epochs_completed": 64,
      "nas_rank": 2,
      "val_rank": 7,
      "ema_rank": 6,
      "best_rank": 8
    },
    {
      "arch_index": 13,
      "nas_quant_acc1": 81.25,
      "val_acc1": 88.12468624497993,
      "ema_acc1": 91.96002761044177,
      "best_val_acc1": 93.23606927710844,
      "best_ema_acc1": 91.96002761044177,
      "epochs_completed": 64,
      "nas_rank": 1,
      "val_rank": 11,
      "ema_rank": 3,
      "best_rank": 9
    },
    {
      "arch_index": 14,
      "nas_quant_acc1": 85.5,
      "val_acc1": 89.96940888554217,
      "ema_acc1": 92.12443524096385,
      "best_val_acc1": 93.70215235943776,
      "best_ema_acc1": 92.12443524096385,
      "epochs_completed": 64,
      "nas_rank": 0,
      "val_rank": 1,
      "ema_rank": 1,
      "best_rank": 1
    }
  ],
  "timestamp": "2026-06-03T21:24:08.305022"
}