{
  "cycle": 131,
  "completed_arch_indices": [
    0,
    1,
    2,
    3,
    4,
    5,
    6,
    7,
    8,
    9,
    10,
    11,
    12,
    13,
    14
  ],
  "cycle_val_results": {
    "0": [
      90.36819151606427,
      93.56002133534136,
      95.79583960843372,
      93.56002133534136
    ],
    "1": [
      87.16553714859438,
      91.70447414658635,
      92.26546812248995,
      91.70447414658635
    ],
    "2": [
      87.93376631526104,
      92.61703062248995,
      92.76998619477912,
      92.62409011044177
    ],
    "3": [
      87.95980798192771,
      93.62998870481927,
      93.73415537148594,
      93.62998870481927
    ],
    "4": [
      88.55766817269075,
      92.97675075301206,
      93.37223895582329,
      93.02177459839358
    ],
    "5": [
      89.04869477911646,
      94.04665537148594,
      94.22784889558233,
      94.04665537148594
    ],
    "6": [
      89.96454568273093,
      93.8312625502008,
      94.11772088353413,
      93.89040537148594
    ],
    "7": [
      88.83110567269075,
      93.6527359437751,
      93.95817645582329,
      93.66575677710844
    ],
    "8": [
      88.24736445783132,
      93.61477158634538,
      93.75800075301206,
      93.61477158634538
    ],
    "9": [
      89.59447163654619,
      94.18768825301206,
      94.33091741967873,
      94.18768825301206
    ],
    "10": [
      90.09475401606427,
      93.7379204317269,
      94.21263177710844,
      93.74497991967873
    ],
    "11": [
      87.820343875502,
      93.86216741967873,
      94.0894829317269,
      93.86216741967873
    ],
    "12": [
      90.24284638554217,
      93.77102158634538,
      93.97339357429719,
      93.77102158634538
    ],
    "13": [
      88.91958458835342,
      93.80631902610442,
      93.97449171686748,
      93.80631902610442
    ],
    "14": [
      88.37647464859438,
      94.11662274096385,
      94.36511671686748,
      94.11662274096385
    ]
  }
}