{
  "cycle": 131,
  "n_archs": 15,
  "spearman_r": 0.1607142857142857,
  "spearman_p": 0.5671967045803448,
  "pearson_r": -0.25274232598881435,
  "pearson_p": 0.36344153229818293,
  "kendall_tau": 0.18095238095238098,
  "kendall_p": 0.3794503959627968,
  "bootstrap_ci_spearman": [
    -0.44370210299718504,
    0.7790150160350874
  ],
  "spearman_r_ema": 0.7,
  "spearman_p_ema": 0.0036660678988013817,
  "pearson_r_ema": 0.25071649610800134,
  "pearson_p_ema": 0.36742995296514946,
  "kendall_tau_ema": 0.5238095238095238,
  "kendall_p_ema": 0.005901586283902752,
  "bootstrap_ci_spearman_ema": [
    0.25177919708029195,
    0.9016438152011921
  ],
  "spearman_r_best": 0.3607142857142856,
  "spearman_p_best": 0.18655437415416354,
  "pearson_r_best": -0.43086991350983994,
  "pearson_p_best": 0.10884976631270904,
  "kendall_tau_best": 0.29523809523809524,
  "kendall_p_best": 0.13946285911906778,
  "bootstrap_ci_spearman_best": [
    -0.2960303934816369,
    0.8919630156472249
  ],
  "mean_val_acc1": 88.87501045850068,
  "std_val_acc1": 0.9938551040340196,
  "mean_ema_acc1": 93.54102869812581,
  "mean_best_val_acc1": 93.92969795850068,
  "per_arch": [
    {
      "arch_index": 0,
      "nas_quant_acc1": 10.0,
      "val_acc1": 90.36819151606427,
      "ema_acc1": 93.56002133534136,
      "best_val_acc1": 95.79583960843372,
      "best_ema_acc1": 93.56002133534136,
      "epochs_completed": 132,
      "nas_rank": 14,
      "val_rank": 0,
      "ema_rank": 11,
      "best_rank": 0
    },
    {
      "arch_index": 1,
      "nas_quant_acc1": 63.5,
      "val_acc1": 87.16553714859438,
      "ema_acc1": 91.70447414658635,
      "best_val_acc1": 92.26546812248995,
      "best_ema_acc1": 91.70447414658635,
      "epochs_completed": 132,
      "nas_rank": 13,
      "val_rank": 14,
      "ema_rank": 14,
      "best_rank": 14
    },
    {
      "arch_index": 2,
      "nas_quant_acc1": 68.25,
      "val_acc1": 87.93376631526104,
      "ema_acc1": 92.61703062248995,
      "best_val_acc1": 92.76998619477912,
      "best_ema_acc1": 92.62409011044177,
      "epochs_completed": 132,
      "nas_rank": 12,
      "val_rank": 12,
      "ema_rank": 13,
      "best_rank": 13
    },
    {
      "arch_index": 3,
      "nas_quant_acc1": 71.5,
      "val_acc1": 87.95980798192771,
      "ema_acc1": 93.62998870481927,
      "best_val_acc1": 93.73415537148594,
      "best_ema_acc1": 93.62998870481927,
      "epochs_completed": 132,
      "nas_rank": 11,
      "val_rank": 11,
      "ema_rank": 9,
      "best_rank": 11
    },
    {
      "arch_index": 4,
      "nas_quant_acc1": 74.0,
      "val_acc1": 88.55766817269075,
      "ema_acc1": 92.97675075301206,
      "best_val_acc1": 93.37223895582329,
      "best_ema_acc1": 93.02177459839358,
      "epochs_completed": 132,
      "nas_rank": 10,
      "val_rank": 8,
      "ema_rank": 12,
      "best_rank": 12
    },
    {
      "arch_index": 5,
      "nas_quant_acc1": 75.5,
      "val_acc1": 89.04869477911646,
      "ema_acc1": 94.04665537148594,
      "best_val_acc1": 94.22784889558233,
      "best_ema_acc1": 94.04665537148594,
      "epochs_completed": 132,
      "nas_rank": 9,
      "val_rank": 5,
      "ema_rank": 2,
      "best_rank": 3
    },
    {
      "arch_index": 6,
      "nas_quant_acc1": 76.5,
      "val_acc1": 89.96454568273093,
      "ema_acc1": 93.8312625502008,
      "best_val_acc1": 94.11772088353413,
      "best_ema_acc1": 93.89040537148594,
      "epochs_completed": 132,
      "nas_rank": 8,
      "val_rank": 3,
      "ema_rank": 4,
      "best_rank": 5
    },
    {
      "arch_index": 7,
      "nas_quant_acc1": 77.25,
      "val_acc1": 88.83110567269075,
      "ema_acc1": 93.6527359437751,
      "best_val_acc1": 93.95817645582329,
      "best_ema_acc1": 93.66575677710844,
      "epochs_completed": 132,
      "nas_rank": 7,
      "val_rank": 7,
      "ema_rank": 8,
      "best_rank": 9
    },
    {
      "arch_index": 8,
      "nas_quant_acc1": 78.0,
      "val_acc1": 88.24736445783132,
      "ema_acc1": 93.61477158634538,
      "best_val_acc1": 93.75800075301206,
      "best_ema_acc1": 93.61477158634538,
      "epochs_completed": 132,
      "nas_rank": 6,
      "val_rank": 10,
      "ema_rank": 10,
      "best_rank": 10
    },
    {
      "arch_index": 9,
      "nas_quant_acc1": 78.5,
      "val_acc1": 89.59447163654619,
      "ema_acc1": 94.18768825301206,
      "best_val_acc1": 94.33091741967873,
      "best_ema_acc1": 94.18768825301206,
      "epochs_completed": 132,
      "nas_rank": 5,
      "val_rank": 4,
      "ema_rank": 0,
      "best_rank": 2
    },
    {
      "arch_index": 10,
      "nas_quant_acc1": 79.0,
      "val_acc1": 90.09475401606427,
      "ema_acc1": 93.7379204317269,
      "best_val_acc1": 94.21263177710844,
      "best_ema_acc1": 93.74497991967873,
      "epochs_completed": 132,
      "nas_rank": 4,
      "val_rank": 2,
      "ema_rank": 7,
      "best_rank": 4
    },
    {
      "arch_index": 11,
      "nas_quant_acc1": 79.75,
      "val_acc1": 87.820343875502,
      "ema_acc1": 93.86216741967873,
      "best_val_acc1": 94.0894829317269,
      "best_ema_acc1": 93.86216741967873,
      "epochs_completed": 132,
      "nas_rank": 3,
      "val_rank": 13,
      "ema_rank": 3,
      "best_rank": 6
    },
    {
      "arch_index": 12,
      "nas_quant_acc1": 80.25,
      "val_acc1": 90.24284638554217,
      "ema_acc1": 93.77102158634538,
      "best_val_acc1": 93.97339357429719,
      "best_ema_acc1": 93.77102158634538,
      "epochs_completed": 132,
      "nas_rank": 2,
      "val_rank": 1,
      "ema_rank": 6,
      "best_rank": 8
    },
    {
      "arch_index": 13,
      "nas_quant_acc1": 81.25,
      "val_acc1": 88.91958458835342,
      "ema_acc1": 93.80631902610442,
      "best_val_acc1": 93.97449171686748,
      "best_ema_acc1": 93.80631902610442,
      "epochs_completed": 132,
      "nas_rank": 1,
      "val_rank": 6,
      "ema_rank": 5,
      "best_rank": 7
    },
    {
      "arch_index": 14,
      "nas_quant_acc1": 85.5,
      "val_acc1": 88.37647464859438,
      "ema_acc1": 94.11662274096385,
      "best_val_acc1": 94.36511671686748,
      "best_ema_acc1": 94.11662274096385,
      "epochs_completed": 132,
      "nas_rank": 0,
      "val_rank": 9,
      "ema_rank": 1,
      "best_rank": 1
    }
  ],
  "timestamp": "2026-06-04T07:49:22.642986"
}