{
  "cycle": 125,
  "completed_arch_indices": [
    0,
    1,
    2,
    3,
    4,
    5,
    6,
    7,
    8,
    9,
    10,
    11,
    12,
    13,
    14
  ],
  "cycle_val_results": {
    "0": [
      93.05487575301206,
      93.02506902610442,
      95.79583960843372,
      93.02506902610442
    ],
    "1": [
      88.85997113453816,
      91.57426581325302,
      92.26546812248995,
      91.69851280120481
    ],
    "2": [
      88.54464733935743,
      92.36963478915662,
      92.76998619477912,
      92.36963478915662
    ],
    "3": [
      90.39423318273093,
      93.31042921686748,
      93.49272088353413,
      93.31042921686748
    ],
    "4": [
      88.93370356425703,
      92.96969126506023,
      93.22414658634538,
      93.02177459839358
    ],
    "5": [
      91.61113202811245,
      93.89636671686748,
      94.22784889558233,
      93.89636671686748
    ],
    "6": [
      91.16732555220884,
      93.70105421686748,
      94.11772088353413,
      93.70105421686748
    ],
    "7": [
      91.07727786144578,
      93.58057228915662,
      93.95817645582329,
      93.66575677710844
    ],
    "8": [
      90.15546561244979,
      93.49758408634538,
      93.73901857429719,
      93.49758408634538
    ],
    "9": [
      91.5140248493976,
      93.9332329317269,
      94.33091741967873,
      93.9332329317269
    ],
    "10": [
      89.67369477911646,
      93.71297690763052,
      94.21263177710844,
      93.71297690763052
    ],
    "11": [
      91.62195657630521,
      93.85620607429719,
      94.0894829317269,
      93.85620607429719
    ],
    "12": [
      91.97524472891565,
      93.6359500502008,
      93.90828940763052,
      93.64897088353413
    ],
    "13": [
      91.83468247991968,
      93.72113453815261,
      93.96256902610442,
      93.72113453815261
    ],
    "14": [
      91.1863077309237,
      93.98045306224898,
      94.35209588353413,
      93.98641440763052
    ]
  }
}