{
  "cycle": 125,
  "n_archs": 15,
  "spearman_r": 0.39642857142857135,
  "spearman_p": 0.1434945314423536,
  "pearson_r": -0.2699543257130066,
  "pearson_p": 0.330526910744907,
  "kendall_tau": 0.3142857142857143,
  "kendall_p": 0.11424717239544455,
  "bootstrap_ci_spearman": [
    -0.27007299270072993,
    0.8770698250626912
  ],
  "spearman_r_ema": 0.7678571428571428,
  "spearman_p_ema": 0.0008293296291369939,
  "pearson_r_ema": 0.40880161640074636,
  "pearson_p_ema": 0.13029277291737695,
  "kendall_tau_ema": 0.580952380952381,
  "kendall_p_ema": 0.0019359627197342143,
  "bootstrap_ci_spearman_ema": [
    0.3562095421547816,
    0.9346672058707488
  ],
  "spearman_r_best": 0.3428571428571428,
  "spearman_p_best": 0.21092379341475206,
  "pearson_r_best": -0.4288817563117705,
  "pearson_p_best": 0.11067363089830666,
  "kendall_tau_best": 0.2761904761904762,
  "kendall_p_best": 0.16857787367749338,
  "bootstrap_ci_spearman_best": [
    -0.3126198795997237,
    0.8866596498485435
  ],
  "mean_val_acc1": 90.77363621151271,
  "std_val_acc1": 1.3069117271860875,
  "mean_ema_acc1": 93.38430806559572,
  "mean_best_val_acc1": 93.89646084337349,
  "per_arch": [
    {
      "arch_index": 0,
      "nas_quant_acc1": 10.0,
      "val_acc1": 93.05487575301206,
      "ema_acc1": 93.02506902610442,
      "best_val_acc1": 95.79583960843372,
      "best_ema_acc1": 93.02506902610442,
      "epochs_completed": 126,
      "nas_rank": 14,
      "val_rank": 0,
      "ema_rank": 11,
      "best_rank": 0
    },
    {
      "arch_index": 1,
      "nas_quant_acc1": 63.5,
      "val_acc1": 88.85997113453816,
      "ema_acc1": 91.57426581325302,
      "best_val_acc1": 92.26546812248995,
      "best_ema_acc1": 91.69851280120481,
      "epochs_completed": 126,
      "nas_rank": 13,
      "val_rank": 13,
      "ema_rank": 14,
      "best_rank": 14
    },
    {
      "arch_index": 2,
      "nas_quant_acc1": 68.25,
      "val_acc1": 88.54464733935743,
      "ema_acc1": 92.36963478915662,
      "best_val_acc1": 92.76998619477912,
      "best_ema_acc1": 92.36963478915662,
      "epochs_completed": 126,
      "nas_rank": 12,
      "val_rank": 14,
      "ema_rank": 13,
      "best_rank": 13
    },
    {
      "arch_index": 3,
      "nas_quant_acc1": 71.5,
      "val_acc1": 90.39423318273093,
      "ema_acc1": 93.31042921686748,
      "best_val_acc1": 93.49272088353413,
      "best_ema_acc1": 93.31042921686748,
      "epochs_completed": 126,
      "nas_rank": 11,
      "val_rank": 9,
      "ema_rank": 10,
      "best_rank": 11
    },
    {
      "arch_index": 4,
      "nas_quant_acc1": 74.0,
      "val_acc1": 88.93370356425703,
      "ema_acc1": 92.96969126506023,
      "best_val_acc1": 93.22414658634538,
      "best_ema_acc1": 93.02177459839358,
      "epochs_completed": 126,
      "nas_rank": 10,
      "val_rank": 12,
      "ema_rank": 12,
      "best_rank": 12
    },
    {
      "arch_index": 5,
      "nas_quant_acc1": 75.5,
      "val_acc1": 91.61113202811245,
      "ema_acc1": 93.89636671686748,
      "best_val_acc1": 94.22784889558233,
      "best_ema_acc1": 93.89636671686748,
      "epochs_completed": 126,
      "nas_rank": 9,
      "val_rank": 4,
      "ema_rank": 2,
      "best_rank": 3
    },
    {
      "arch_index": 6,
      "nas_quant_acc1": 76.5,
      "val_acc1": 91.16732555220884,
      "ema_acc1": 93.70105421686748,
      "best_val_acc1": 94.11772088353413,
      "best_ema_acc1": 93.70105421686748,
      "epochs_completed": 126,
      "nas_rank": 8,
      "val_rank": 7,
      "ema_rank": 6,
      "best_rank": 5
    },
    {
      "arch_index": 7,
      "nas_quant_acc1": 77.25,
      "val_acc1": 91.07727786144578,
      "ema_acc1": 93.58057228915662,
      "best_val_acc1": 93.95817645582329,
      "best_ema_acc1": 93.66575677710844,
      "epochs_completed": 126,
      "nas_rank": 7,
      "val_rank": 8,
      "ema_rank": 8,
      "best_rank": 8
    },
    {
      "arch_index": 8,
      "nas_quant_acc1": 78.0,
      "val_acc1": 90.15546561244979,
      "ema_acc1": 93.49758408634538,
      "best_val_acc1": 93.73901857429719,
      "best_ema_acc1": 93.49758408634538,
      "epochs_completed": 126,
      "nas_rank": 6,
      "val_rank": 10,
      "ema_rank": 9,
      "best_rank": 10
    },
    {
      "arch_index": 9,
      "nas_quant_acc1": 78.5,
      "val_acc1": 91.5140248493976,
      "ema_acc1": 93.9332329317269,
      "best_val_acc1": 94.33091741967873,
      "best_ema_acc1": 93.9332329317269,
      "epochs_completed": 126,
      "nas_rank": 5,
      "val_rank": 5,
      "ema_rank": 1,
      "best_rank": 2
    },
    {
      "arch_index": 10,
      "nas_quant_acc1": 79.0,
      "val_acc1": 89.67369477911646,
      "ema_acc1": 93.71297690763052,
      "best_val_acc1": 94.21263177710844,
      "best_ema_acc1": 93.71297690763052,
      "epochs_completed": 126,
      "nas_rank": 4,
      "val_rank": 11,
      "ema_rank": 5,
      "best_rank": 4
    },
    {
      "arch_index": 11,
      "nas_quant_acc1": 79.75,
      "val_acc1": 91.62195657630521,
      "ema_acc1": 93.85620607429719,
      "best_val_acc1": 94.0894829317269,
      "best_ema_acc1": 93.85620607429719,
      "epochs_completed": 126,
      "nas_rank": 3,
      "val_rank": 3,
      "ema_rank": 3,
      "best_rank": 6
    },
    {
      "arch_index": 12,
      "nas_quant_acc1": 80.25,
      "val_acc1": 91.97524472891565,
      "ema_acc1": 93.6359500502008,
      "best_val_acc1": 93.90828940763052,
      "best_ema_acc1": 93.64897088353413,
      "epochs_completed": 126,
      "nas_rank": 2,
      "val_rank": 1,
      "ema_rank": 7,
      "best_rank": 9
    },
    {
      "arch_index": 13,
      "nas_quant_acc1": 81.25,
      "val_acc1": 91.83468247991968,
      "ema_acc1": 93.72113453815261,
      "best_val_acc1": 93.96256902610442,
      "best_ema_acc1": 93.72113453815261,
      "epochs_completed": 126,
      "nas_rank": 1,
      "val_rank": 2,
      "ema_rank": 4,
      "best_rank": 7
    },
    {
      "arch_index": 14,
      "nas_quant_acc1": 85.5,
      "val_acc1": 91.1863077309237,
      "ema_acc1": 93.98045306224898,
      "best_val_acc1": 94.35209588353413,
      "best_ema_acc1": 93.98641440763052,
      "epochs_completed": 126,
      "nas_rank": 0,
      "val_rank": 6,
      "ema_rank": 0,
      "best_rank": 1
    }
  ],
  "timestamp": "2026-06-04T07:21:10.064897"
}