{
  "cycle": 44,
  "completed_arch_indices": [
    0,
    1,
    2,
    3,
    4,
    5,
    6,
    7,
    8,
    9,
    10,
    11,
    12,
    13,
    14
  ],
  "cycle_val_results": {
    "0": [
      90.39690010040161,
      92.31864959839358,
      94.50944402610442,
      92.31864959839358
    ],
    "1": [
      87.257781124498,
      87.66142695783132,
      90.93844126506023,
      87.66142695783132
    ],
    "2": [
      87.44007279116467,
      88.12531375502007,
      91.3328313253012,
      88.12531375502007
    ],
    "3": [
      89.60106049196787,
      90.36928965863453,
      92.32241465863453,
      90.36928965863453
    ],
    "4": [
      88.34070657630521,
      89.79637299196787,
      91.95296812248995,
      89.79637299196787
    ],
    "5": [
      90.31501004016064,
      91.37299196787149,
      93.44550075301206,
      91.37299196787149
    ],
    "6": [
      88.42636169678714,
      90.77293549196787,
      93.1058609437751,
      90.77293549196787
    ],
    "7": [
      88.77855170682732,
      90.7398343373494,
      92.99134036144578,
      90.7398343373494
    ],
    "8": [
      89.19192394578313,
      90.55048318273093,
      92.60071536144578,
      90.55048318273093
    ],
    "9": [
      89.1621172188755,
      86.61379894578313,
      93.18618222891565,
      86.61379894578313
    ],
    "10": [
      89.95042670682732,
      90.68775100401606,
      93.14602158634538,
      90.68775100401606
    ],
    "11": [
      90.0687123493976,
      90.74093247991968,
      93.08797690763052,
      90.74093247991968
    ],
    "12": [
      89.29499246987953,
      90.80603664658635,
      93.01691139558233,
      90.80603664658635
    ],
    "13": [
      90.33728664658635,
      90.76587600401606,
      93.02993222891565,
      90.76587600401606
    ],
    "14": [
      89.99874497991968,
      91.70180722891565,
      93.56974774096385,
      91.70180722891565
    ]
  }
}