{
  "cycle": 44,
  "n_archs": 15,
  "spearman_r": 0.36428571428571427,
  "spearman_p": 0.18191025904581395,
  "pearson_r": -0.08210793596679464,
  "pearson_p": 0.7711235146715634,
  "kendall_tau": 0.37142857142857144,
  "kendall_p": 0.058995845051235264,
  "bootstrap_ci_spearman": [
    -0.28364310373171137,
    0.9412870921127799
  ],
  "spearman_r_ema": 0.2928571428571428,
  "spearman_p_ema": 0.289471667212401,
  "pearson_r_ema": -0.1954381918938254,
  "pearson_p_ema": 0.4851522909251589,
  "kendall_tau_ema": 0.2761904761904762,
  "kendall_p_ema": 0.16857787367749338,
  "bootstrap_ci_spearman_ema": [
    -0.3746021080368907,
    0.8800000000000001
  ],
  "spearman_r_best": 0.34642857142857136,
  "spearman_p_best": 0.2058959920935512,
  "pearson_r_best": -0.2730451268996723,
  "pearson_p_best": 0.32480235835810267,
  "kendall_tau_best": 0.2761904761904762,
  "kendall_p_best": 0.16857787367749338,
  "bootstrap_ci_spearman_best": [
    -0.31648441269039035,
    0.8907153502235468
  ],
  "mean_val_acc1": 89.2373765896921,
  "std_val_acc1": 1.0162792564053258,
  "mean_ema_acc1": 90.20156668340026,
  "mean_best_val_acc1": 92.81575259370815,
  "per_arch": [
    {
      "arch_index": 0,
      "nas_quant_acc1": 10.0,
      "val_acc1": 90.39690010040161,
      "ema_acc1": 92.31864959839358,
      "best_val_acc1": 94.50944402610442,
      "best_ema_acc1": 92.31864959839358,
      "epochs_completed": 45,
      "nas_rank": 14,
      "val_rank": 0,
      "ema_rank": 0,
      "best_rank": 0
    },
    {
      "arch_index": 1,
      "nas_quant_acc1": 63.5,
      "val_acc1": 87.257781124498,
      "ema_acc1": 87.66142695783132,
      "best_val_acc1": 90.93844126506023,
      "best_ema_acc1": 87.66142695783132,
      "epochs_completed": 45,
      "nas_rank": 13,
      "val_rank": 14,
      "ema_rank": 13,
      "best_rank": 14
    },
    {
      "arch_index": 2,
      "nas_quant_acc1": 68.25,
      "val_acc1": 87.44007279116467,
      "ema_acc1": 88.12531375502007,
      "best_val_acc1": 91.3328313253012,
      "best_ema_acc1": 88.12531375502007,
      "epochs_completed": 45,
      "nas_rank": 12,
      "val_rank": 13,
      "ema_rank": 12,
      "best_rank": 13
    },
    {
      "arch_index": 3,
      "nas_quant_acc1": 71.5,
      "val_acc1": 89.60106049196787,
      "ema_acc1": 90.36928965863453,
      "best_val_acc1": 92.32241465863453,
      "best_ema_acc1": 90.36928965863453,
      "epochs_completed": 45,
      "nas_rank": 11,
      "val_rank": 6,
      "ema_rank": 10,
      "best_rank": 11
    },
    {
      "arch_index": 4,
      "nas_quant_acc1": 74.0,
      "val_acc1": 88.34070657630521,
      "ema_acc1": 89.79637299196787,
      "best_val_acc1": 91.95296812248995,
      "best_ema_acc1": 89.79637299196787,
      "epochs_completed": 45,
      "nas_rank": 10,
      "val_rank": 12,
      "ema_rank": 11,
      "best_rank": 12
    },
    {
      "arch_index": 5,
      "nas_quant_acc1": 75.5,
      "val_acc1": 90.31501004016064,
      "ema_acc1": 91.37299196787149,
      "best_val_acc1": 93.44550075301206,
      "best_ema_acc1": 91.37299196787149,
      "epochs_completed": 45,
      "nas_rank": 9,
      "val_rank": 2,
      "ema_rank": 2,
      "best_rank": 2
    },
    {
      "arch_index": 6,
      "nas_quant_acc1": 76.5,
      "val_acc1": 88.42636169678714,
      "ema_acc1": 90.77293549196787,
      "best_val_acc1": 93.1058609437751,
      "best_ema_acc1": 90.77293549196787,
      "epochs_completed": 45,
      "nas_rank": 8,
      "val_rank": 11,
      "ema_rank": 4,
      "best_rank": 5
    },
    {
      "arch_index": 7,
      "nas_quant_acc1": 77.25,
      "val_acc1": 88.77855170682732,
      "ema_acc1": 90.7398343373494,
      "best_val_acc1": 92.99134036144578,
      "best_ema_acc1": 90.7398343373494,
      "epochs_completed": 45,
      "nas_rank": 7,
      "val_rank": 10,
      "ema_rank": 7,
      "best_rank": 9
    },
    {
      "arch_index": 8,
      "nas_quant_acc1": 78.0,
      "val_acc1": 89.19192394578313,
      "ema_acc1": 90.55048318273093,
      "best_val_acc1": 92.60071536144578,
      "best_ema_acc1": 90.55048318273093,
      "epochs_completed": 45,
      "nas_rank": 6,
      "val_rank": 8,
      "ema_rank": 9,
      "best_rank": 10
    },
    {
      "arch_index": 9,
      "nas_quant_acc1": 78.5,
      "val_acc1": 89.1621172188755,
      "ema_acc1": 86.61379894578313,
      "best_val_acc1": 93.18618222891565,
      "best_ema_acc1": 86.61379894578313,
      "epochs_completed": 45,
      "nas_rank": 5,
      "val_rank": 9,
      "ema_rank": 14,
      "best_rank": 3
    },
    {
      "arch_index": 10,
      "nas_quant_acc1": 79.0,
      "val_acc1": 89.95042670682732,
      "ema_acc1": 90.68775100401606,
      "best_val_acc1": 93.14602158634538,
      "best_ema_acc1": 90.68775100401606,
      "epochs_completed": 45,
      "nas_rank": 4,
      "val_rank": 5,
      "ema_rank": 8,
      "best_rank": 4
    },
    {
      "arch_index": 11,
      "nas_quant_acc1": 79.75,
      "val_acc1": 90.0687123493976,
      "ema_acc1": 90.74093247991968,
      "best_val_acc1": 93.08797690763052,
      "best_ema_acc1": 90.74093247991968,
      "epochs_completed": 45,
      "nas_rank": 3,
      "val_rank": 3,
      "ema_rank": 6,
      "best_rank": 6
    },
    {
      "arch_index": 12,
      "nas_quant_acc1": 80.25,
      "val_acc1": 89.29499246987953,
      "ema_acc1": 90.80603664658635,
      "best_val_acc1": 93.01691139558233,
      "best_ema_acc1": 90.80603664658635,
      "epochs_completed": 45,
      "nas_rank": 2,
      "val_rank": 7,
      "ema_rank": 3,
      "best_rank": 8
    },
    {
      "arch_index": 13,
      "nas_quant_acc1": 81.25,
      "val_acc1": 90.33728664658635,
      "ema_acc1": 90.76587600401606,
      "best_val_acc1": 93.02993222891565,
      "best_ema_acc1": 90.76587600401606,
      "epochs_completed": 45,
      "nas_rank": 1,
      "val_rank": 1,
      "ema_rank": 5,
      "best_rank": 7
    },
    {
      "arch_index": 14,
      "nas_quant_acc1": 85.5,
      "val_acc1": 89.99874497991968,
      "ema_acc1": 91.70180722891565,
      "best_val_acc1": 93.56974774096385,
      "best_ema_acc1": 91.70180722891565,
      "epochs_completed": 45,
      "nas_rank": 0,
      "val_rank": 4,
      "ema_rank": 1,
      "best_rank": 1
    }
  ],
  "timestamp": "2026-06-03T18:25:26.406109"
}