{
  "cycle": 64,
  "completed_arch_indices": [
    0,
    1,
    2,
    3,
    4,
    5,
    6,
    7,
    8,
    9,
    10,
    11,
    12,
    13,
    14
  ],
  "cycle_val_results": {
    "0": [
      91.18960215863453,
      91.01546812248995,
      95.23484563253012,
      92.39081325301206
    ],
    "1": [
      87.76998619477912,
      89.35366465863453,
      91.75169427710844,
      89.36668549196787
    ],
    "2": [
      88.69226907630521,
      89.93144452811245,
      92.13416164658635,
      89.93850401606427
    ],
    "3": [
      89.88312625502007,
      91.37409011044177,
      92.78630145582329,
      91.45817645582329
    ],
    "4": [
      88.8902484939759,
      91.18364081325302,
      92.54596511044177,
      91.18364081325302
    ],
    "5": [
      90.8179593373494,
      92.10215863453816,
      93.59092620481927,
      92.20632530120481
    ],
    "6": [
      89.46645958835342,
      91.68549196787149,
      93.66089357429719,
      91.70447414658635
    ],
    "7": [
      90.58625125502007,
      92.02403363453816,
      93.51436997991968,
      92.03705446787149
    ],
    "8": [
      90.10557856425703,
      91.92692645582329,
      93.18288780120481,
      91.92692645582329
    ],
    "9": [
      89.81315888554217,
      90.14464106425703,
      93.61696787148594,
      90.14464106425703
    ],
    "10": [
      90.7175577309237,
      91.57426581325302,
      93.3792984437751,
      91.57426581325302
    ],
    "11": [
      90.4273343373494,
      91.95892946787149,
      93.38855421686748,
      91.95892946787149
    ],
    "12": [
      89.87716490963855,
      91.80973895582329,
      93.32125376506023,
      91.80973895582329
    ],
    "13": [
      88.13127510040161,
      91.92096511044177,
      93.23606927710844,
      91.96002761044177
    ],
    "14": [
      89.88642068273093,
      92.24162274096385,
      93.70215235943776,
      92.24162274096385
    ]
  }
}