{
  "cycle": 25,
  "completed_arch_indices": [
    0,
    1,
    2,
    3,
    4,
    5,
    6,
    7,
    8,
    9,
    10,
    11,
    12,
    13,
    14
  ],
  "cycle_val_results": {
    "0": [
      91.06692394578313,
      88.89197414658635,
      94.26800953815261,
      88.89197414658635
    ],
    "1": [
      87.70645080321286,
      81.37487449799197,
      89.53376004016064,
      81.37487449799197
    ],
    "2": [
      88.5371172188755,
      82.58643950803213,
      89.44261420682732,
      82.58643950803213
    ],
    "3": [
      89.51038529116467,
      85.18637048192771,
      90.76587600401606,
      85.18637048192771
    ],
    "4": [
      89.08885542168674,
      85.29916541164658,
      91.03445030120481,
      85.29916541164658
    ],
    "5": [
      89.87230170682732,
      87.01634663654619,
      92.13525978915662,
      87.01634663654619
    ],
    "6": [
      90.19892068273093,
      86.53347766064257,
      91.99909011044177,
      86.53347766064257
    ],
    "7": [
      89.79903990963855,
      86.37722766064257,
      91.94967369477912,
      86.37722766064257
    ],
    "8": [
      88.29834964859438,
      86.04354919678714,
      91.49614081325302,
      86.04354919678714
    ],
    "9": [
      90.28190888554217,
      62.30766817269077,
      92.41795306224898,
      62.30766817269077
    ],
    "10": [
      89.02861445783132,
      86.35008785140562,
      91.99203062248995,
      86.35008785140562
    ],
    "11": [
      90.51628388554217,
      86.59701305220884,
      92.2074234437751,
      86.59701305220884
    ],
    "12": [
      90.46043549196787,
      86.38648343373494,
      91.60846511044177,
      86.38648343373494
    ],
    "13": [
      90.1929593373494,
      85.82109688755021,
      91.70886671686748,
      85.82109688755021
    ],
    "14": [
      89.99545055220884,
      87.91541164658635,
      92.12553338353413,
      87.91541164658635
    ]
  }
}