{
  "cycle": 25,
  "n_archs": 15,
  "spearman_r": 0.3214285714285714,
  "spearman_p": 0.24271904680166836,
  "pearson_r": -0.21100570333905166,
  "pearson_p": 0.45031747032817315,
  "kendall_tau": 0.2571428571428572,
  "kendall_p": 0.20184282422518202,
  "bootstrap_ci_spearman": [
    -0.311271220492215,
    0.8327140925988511
  ],
  "spearman_r_ema": 0.2321428571428571,
  "spearman_p_ema": 0.40509874069364893,
  "pearson_r_ema": -0.1509743460140453,
  "pearson_p_ema": 0.5912060184703076,
  "kendall_tau_ema": 0.20000000000000004,
  "kendall_p_ema": 0.3282335876694342,
  "bootstrap_ci_spearman_ema": [
    -0.42750996713539147,
    0.8248175182481751
  ],
  "spearman_r_best": 0.28928571428571426,
  "spearman_p_best": 0.29566536100437785,
  "pearson_r_best": -0.3902783262774281,
  "pearson_p_best": 0.15038026094527018,
  "kendall_tau_best": 0.23809523809523814,
  "kendall_p_best": 0.23945881568583288,
  "bootstrap_ci_spearman_best": [
    -0.3503350836888743,
    0.8469945355191257
  ],
  "mean_val_acc1": 89.63693314926373,
  "std_val_acc1": 0.9320525025616127,
  "mean_ema_acc1": 84.31247908299866,
  "mean_best_val_acc1": 91.6456764558233,
  "per_arch": [
    {
      "arch_index": 0,
      "nas_quant_acc1": 10.0,
      "val_acc1": 91.06692394578313,
      "ema_acc1": 88.89197414658635,
      "best_val_acc1": 94.26800953815261,
      "best_ema_acc1": 88.89197414658635,
      "epochs_completed": 26,
      "nas_rank": 14,
      "val_rank": 0,
      "ema_rank": 0,
      "best_rank": 0
    },
    {
      "arch_index": 1,
      "nas_quant_acc1": 63.5,
      "val_acc1": 87.70645080321286,
      "ema_acc1": 81.37487449799197,
      "best_val_acc1": 89.53376004016064,
      "best_ema_acc1": 81.37487449799197,
      "epochs_completed": 26,
      "nas_rank": 13,
      "val_rank": 14,
      "ema_rank": 13,
      "best_rank": 13
    },
    {
      "arch_index": 2,
      "nas_quant_acc1": 68.25,
      "val_acc1": 88.5371172188755,
      "ema_acc1": 82.58643950803213,
      "best_val_acc1": 89.44261420682732,
      "best_ema_acc1": 82.58643950803213,
      "epochs_completed": 26,
      "nas_rank": 12,
      "val_rank": 12,
      "ema_rank": 12,
      "best_rank": 14
    },
    {
      "arch_index": 3,
      "nas_quant_acc1": 71.5,
      "val_acc1": 89.51038529116467,
      "ema_acc1": 85.18637048192771,
      "best_val_acc1": 90.76587600401606,
      "best_ema_acc1": 85.18637048192771,
      "epochs_completed": 26,
      "nas_rank": 11,
      "val_rank": 9,
      "ema_rank": 11,
      "best_rank": 12
    },
    {
      "arch_index": 4,
      "nas_quant_acc1": 74.0,
      "val_acc1": 89.08885542168674,
      "ema_acc1": 85.29916541164658,
      "best_val_acc1": 91.03445030120481,
      "best_ema_acc1": 85.29916541164658,
      "epochs_completed": 26,
      "nas_rank": 10,
      "val_rank": 10,
      "ema_rank": 10,
      "best_rank": 11
    },
    {
      "arch_index": 5,
      "nas_quant_acc1": 75.5,
      "val_acc1": 89.87230170682732,
      "ema_acc1": 87.01634663654619,
      "best_val_acc1": 92.13525978915662,
      "best_ema_acc1": 87.01634663654619,
      "epochs_completed": 26,
      "nas_rank": 9,
      "val_rank": 7,
      "ema_rank": 2,
      "best_rank": 3
    },
    {
      "arch_index": 6,
      "nas_quant_acc1": 76.5,
      "val_acc1": 90.19892068273093,
      "ema_acc1": 86.53347766064257,
      "best_val_acc1": 91.99909011044177,
      "best_ema_acc1": 86.53347766064257,
      "epochs_completed": 26,
      "nas_rank": 8,
      "val_rank": 4,
      "ema_rank": 4,
      "best_rank": 5
    },
    {
      "arch_index": 7,
      "nas_quant_acc1": 77.25,
      "val_acc1": 89.79903990963855,
      "ema_acc1": 86.37722766064257,
      "best_val_acc1": 91.94967369477912,
      "best_ema_acc1": 86.37722766064257,
      "epochs_completed": 26,
      "nas_rank": 7,
      "val_rank": 8,
      "ema_rank": 6,
      "best_rank": 7
    },
    {
      "arch_index": 8,
      "nas_quant_acc1": 78.0,
      "val_acc1": 88.29834964859438,
      "ema_acc1": 86.04354919678714,
      "best_val_acc1": 91.49614081325302,
      "best_ema_acc1": 86.04354919678714,
      "epochs_completed": 26,
      "nas_rank": 6,
      "val_rank": 13,
      "ema_rank": 8,
      "best_rank": 10
    },
    {
      "arch_index": 9,
      "nas_quant_acc1": 78.5,
      "val_acc1": 90.28190888554217,
      "ema_acc1": 62.30766817269077,
      "best_val_acc1": 92.41795306224898,
      "best_ema_acc1": 62.30766817269077,
      "epochs_completed": 26,
      "nas_rank": 5,
      "val_rank": 3,
      "ema_rank": 14,
      "best_rank": 1
    },
    {
      "arch_index": 10,
      "nas_quant_acc1": 79.0,
      "val_acc1": 89.02861445783132,
      "ema_acc1": 86.35008785140562,
      "best_val_acc1": 91.99203062248995,
      "best_ema_acc1": 86.35008785140562,
      "epochs_completed": 26,
      "nas_rank": 4,
      "val_rank": 11,
      "ema_rank": 7,
      "best_rank": 6
    },
    {
      "arch_index": 11,
      "nas_quant_acc1": 79.75,
      "val_acc1": 90.51628388554217,
      "ema_acc1": 86.59701305220884,
      "best_val_acc1": 92.2074234437751,
      "best_ema_acc1": 86.59701305220884,
      "epochs_completed": 26,
      "nas_rank": 3,
      "val_rank": 1,
      "ema_rank": 3,
      "best_rank": 2
    },
    {
      "arch_index": 12,
      "nas_quant_acc1": 80.25,
      "val_acc1": 90.46043549196787,
      "ema_acc1": 86.38648343373494,
      "best_val_acc1": 91.60846511044177,
      "best_ema_acc1": 86.38648343373494,
      "epochs_completed": 26,
      "nas_rank": 2,
      "val_rank": 2,
      "ema_rank": 5,
      "best_rank": 9
    },
    {
      "arch_index": 13,
      "nas_quant_acc1": 81.25,
      "val_acc1": 90.1929593373494,
      "ema_acc1": 85.82109688755021,
      "best_val_acc1": 91.70886671686748,
      "best_ema_acc1": 85.82109688755021,
      "epochs_completed": 26,
      "nas_rank": 1,
      "val_rank": 5,
      "ema_rank": 9,
      "best_rank": 8
    },
    {
      "arch_index": 14,
      "nas_quant_acc1": 85.5,
      "val_acc1": 89.99545055220884,
      "ema_acc1": 87.91541164658635,
      "best_val_acc1": 92.12553338353413,
      "best_ema_acc1": 87.91541164658635,
      "epochs_completed": 26,
      "nas_rank": 0,
      "val_rank": 6,
      "ema_rank": 1,
      "best_rank": 4
    }
  ],
  "timestamp": "2026-06-03T14:57:26.280419"
}