{
  "cycle": 157,
  "completed_arch_indices": [
    0,
    1,
    2,
    3,
    4,
    5,
    6,
    7,
    8,
    9,
    10,
    11,
    12,
    13,
    14
  ],
  "cycle_val_results": {
    "0": [
      94.03363453815261,
      95.19468498995984,
      95.79583960843372,
      95.19468498995984
    ],
    "1": [
      90.109343624498,
      92.44775978915662,
      92.46187876506023,
      92.46784011044177
    ],
    "2": [
      91.04417670682732,
      92.82536395582329,
      92.78520331325302,
      92.92953062248995
    ],
    "3": [
      92.33653363453816,
      93.8784826807229,
      93.73415537148594,
      93.98970883534136
    ],
    "4": [
      91.97681350401606,
      93.44659889558233,
      93.45852158634538,
      93.49868222891565
    ],
    "5": [
      92.41356049196787,
      94.4562625502008,
      94.22784889558233,
      94.50834588353413
    ],
    "6": [
      92.51882530120481,
      94.43837851405623,
      94.11772088353413,
      94.47744101405623
    ],
    "7": [
      92.05603664658635,
      94.1605484437751,
      94.08728664658635,
      94.2066704317269
    ],
    "8": [
      91.94481049196787,
      94.14266440763052,
      94.0504204317269,
      94.14266440763052
    ],
    "9": [
      93.4964859437751,
      94.78178338353413,
      94.4253576807229,
      94.78178338353413
    ],
    "10": [
      93.18994728915662,
      93.94029241967873,
      94.21263177710844,
      94.03143825301206
    ],
    "11": [
      92.63977786144578,
      94.21592620481927,
      94.0894829317269,
      94.21592620481927
    ],
    "12": [
      92.35441767068274,
      94.23381024096385,
      94.03849774096385,
      94.35099774096385
    ],
    "13": [
      92.75696536144578,
      94.12368222891565,
      93.97449171686748,
      94.12368222891565
    ],
    "14": [
      92.98757530120481,
      94.46112575301206,
      94.36731300200803,
      94.52136671686748
    ]
  }
}