{
  "cycle": 14,
  "completed_arch_indices": [
    0,
    1,
    2,
    3,
    4,
    5,
    6,
    7,
    8,
    9,
    10,
    11,
    12,
    13,
    14
  ],
  "cycle_val_results": {
    "0": [
      89.65471260040161,
      79.12227033132531,
      92.65499497991968,
      79.12227033132531
    ],
    "1": [
      84.32370105421687,
      61.10316265060241,
      87.45528990963855,
      61.10316265060241
    ],
    "2": [
      86.12277233935743,
      66.56124497991968,
      87.38092996987953,
      66.56124497991968
    ],
    "3": [
      87.86379894578313,
      71.27274723895583,
      89.46159638554217,
      71.27274723895583
    ],
    "4": [
      87.06027233935743,
      71.63136922690764,
      89.00963227911646,
      71.63136922690764
    ],
    "5": [
      88.33254894578313,
      74.73142570281125,
      90.76587600401606,
      74.73142570281125
    ],
    "6": [
      87.69013554216868,
      71.56140185742971,
      90.22166792168674,
      71.56140185742971
    ],
    "7": [
      88.62936119477912,
      72.56180973895583,
      89.75511420682732,
      72.56180973895583
    ],
    "8": [
      87.1714984939759,
      69.00649472891565,
      89.85002510040161,
      69.00649472891565
    ],
    "9": [
      86.99626631526104,
      32.274410140562246,
      90.8640813253012,
      32.274410140562246
    ],
    "10": [
      87.52086470883533,
      71.49519954819276,
      90.38607555220884,
      71.49519954819276
    ],
    "11": [
      87.843718624498,
      74.08101154618474,
      90.42623619477912,
      74.08101154618474
    ],
    "12": [
      87.84967996987953,
      71.04919678714859,
      90.07090863453816,
      71.04919678714859
    ],
    "13": [
      88.91801581325302,
      69.04445908634538,
      89.81049196787149,
      69.04445908634538
    ],
    "14": [
      88.72866465863453,
      73.56770833333333,
      90.5835843373494,
      73.56770833333333
    ]
  }
}