{
  "cycle": 14,
  "n_archs": 15,
  "spearman_r": 0.2821428571428571,
  "spearman_p": 0.30828445682005556,
  "pearson_r": -0.1947807381731469,
  "pearson_p": 0.4866510368469457,
  "kendall_tau": 0.2761904761904762,
  "kendall_p": 0.16857787367749338,
  "bootstrap_ci_spearman": [
    -0.38236090465066896,
    0.8582221328302723
  ],
  "spearman_r_ema": -0.0035714285714285704,
  "spearman_p_ema": 0.9899214068809781,
  "pearson_r_ema": -0.22062257572274452,
  "pearson_p_ema": 0.42944060846301807,
  "kendall_tau_ema": 0.009523809523809525,
  "kendall_p_ema": 1.0,
  "bootstrap_ci_spearman_ema": [
    -0.5754035287156885,
    0.6131417106908092
  ],
  "spearman_r_best": 0.3107142857142856,
  "spearman_p_best": 0.2596673973372179,
  "pearson_r_best": -0.35178044893593485,
  "pearson_p_best": 0.19850609157405383,
  "kendall_tau_best": 0.2571428571428572,
  "kendall_p_best": 0.20184282422518202,
  "bootstrap_ci_spearman_best": [
    -0.3297016274864375,
    0.8587020402547372
  ],
  "mean_val_acc1": 87.64706743641231,
  "std_val_acc1": 1.2749605451287227,
  "mean_ema_acc1": 68.6042607931727,
  "mean_best_val_acc1": 89.91310031793842,
  "per_arch": [
    {
      "arch_index": 0,
      "nas_quant_acc1": 10.0,
      "val_acc1": 89.65471260040161,
      "ema_acc1": 79.12227033132531,
      "best_val_acc1": 92.65499497991968,
      "best_ema_acc1": 79.12227033132531,
      "epochs_completed": 15,
      "nas_rank": 14,
      "val_rank": 0,
      "ema_rank": 0,
      "best_rank": 0
    },
    {
      "arch_index": 1,
      "nas_quant_acc1": 63.5,
      "val_acc1": 84.32370105421687,
      "ema_acc1": 61.10316265060241,
      "best_val_acc1": 87.45528990963855,
      "best_ema_acc1": 61.10316265060241,
      "epochs_completed": 15,
      "nas_rank": 13,
      "val_rank": 14,
      "ema_rank": 13,
      "best_rank": 13
    },
    {
      "arch_index": 2,
      "nas_quant_acc1": 68.25,
      "val_acc1": 86.12277233935743,
      "ema_acc1": 66.56124497991968,
      "best_val_acc1": 87.38092996987953,
      "best_ema_acc1": 66.56124497991968,
      "epochs_completed": 15,
      "nas_rank": 12,
      "val_rank": 13,
      "ema_rank": 12,
      "best_rank": 14
    },
    {
      "arch_index": 3,
      "nas_quant_acc1": 71.5,
      "val_acc1": 87.86379894578313,
      "ema_acc1": 71.27274723895583,
      "best_val_acc1": 89.46159638554217,
      "best_ema_acc1": 71.27274723895583,
      "epochs_completed": 15,
      "nas_rank": 11,
      "val_rank": 5,
      "ema_rank": 8,
      "best_rank": 11
    },
    {
      "arch_index": 4,
      "nas_quant_acc1": 74.0,
      "val_acc1": 87.06027233935743,
      "ema_acc1": 71.63136922690764,
      "best_val_acc1": 89.00963227911646,
      "best_ema_acc1": 71.63136922690764,
      "epochs_completed": 15,
      "nas_rank": 10,
      "val_rank": 11,
      "ema_rank": 5,
      "best_rank": 12
    },
    {
      "arch_index": 5,
      "nas_quant_acc1": 75.5,
      "val_acc1": 88.33254894578313,
      "ema_acc1": 74.73142570281125,
      "best_val_acc1": 90.76587600401606,
      "best_ema_acc1": 74.73142570281125,
      "epochs_completed": 15,
      "nas_rank": 9,
      "val_rank": 4,
      "ema_rank": 1,
      "best_rank": 2
    },
    {
      "arch_index": 6,
      "nas_quant_acc1": 76.5,
      "val_acc1": 87.69013554216868,
      "ema_acc1": 71.56140185742971,
      "best_val_acc1": 90.22166792168674,
      "best_ema_acc1": 71.56140185742971,
      "epochs_completed": 15,
      "nas_rank": 8,
      "val_rank": 8,
      "ema_rank": 6,
      "best_rank": 6
    },
    {
      "arch_index": 7,
      "nas_quant_acc1": 77.25,
      "val_acc1": 88.62936119477912,
      "ema_acc1": 72.56180973895583,
      "best_val_acc1": 89.75511420682732,
      "best_ema_acc1": 72.56180973895583,
      "epochs_completed": 15,
      "nas_rank": 7,
      "val_rank": 3,
      "ema_rank": 4,
      "best_rank": 10
    },
    {
      "arch_index": 8,
      "nas_quant_acc1": 78.0,
      "val_acc1": 87.1714984939759,
      "ema_acc1": 69.00649472891565,
      "best_val_acc1": 89.85002510040161,
      "best_ema_acc1": 69.00649472891565,
      "epochs_completed": 15,
      "nas_rank": 6,
      "val_rank": 10,
      "ema_rank": 11,
      "best_rank": 8
    },
    {
      "arch_index": 9,
      "nas_quant_acc1": 78.5,
      "val_acc1": 86.99626631526104,
      "ema_acc1": 32.274410140562246,
      "best_val_acc1": 90.8640813253012,
      "best_ema_acc1": 32.274410140562246,
      "epochs_completed": 15,
      "nas_rank": 5,
      "val_rank": 12,
      "ema_rank": 14,
      "best_rank": 1
    },
    {
      "arch_index": 10,
      "nas_quant_acc1": 79.0,
      "val_acc1": 87.52086470883533,
      "ema_acc1": 71.49519954819276,
      "best_val_acc1": 90.38607555220884,
      "best_ema_acc1": 71.49519954819276,
      "epochs_completed": 15,
      "nas_rank": 4,
      "val_rank": 9,
      "ema_rank": 7,
      "best_rank": 5
    },
    {
      "arch_index": 11,
      "nas_quant_acc1": 79.75,
      "val_acc1": 87.843718624498,
      "ema_acc1": 74.08101154618474,
      "best_val_acc1": 90.42623619477912,
      "best_ema_acc1": 74.08101154618474,
      "epochs_completed": 15,
      "nas_rank": 3,
      "val_rank": 7,
      "ema_rank": 2,
      "best_rank": 4
    },
    {
      "arch_index": 12,
      "nas_quant_acc1": 80.25,
      "val_acc1": 87.84967996987953,
      "ema_acc1": 71.04919678714859,
      "best_val_acc1": 90.07090863453816,
      "best_ema_acc1": 71.04919678714859,
      "epochs_completed": 15,
      "nas_rank": 2,
      "val_rank": 6,
      "ema_rank": 9,
      "best_rank": 7
    },
    {
      "arch_index": 13,
      "nas_quant_acc1": 81.25,
      "val_acc1": 88.91801581325302,
      "ema_acc1": 69.04445908634538,
      "best_val_acc1": 89.81049196787149,
      "best_ema_acc1": 69.04445908634538,
      "epochs_completed": 15,
      "nas_rank": 1,
      "val_rank": 1,
      "ema_rank": 10,
      "best_rank": 9
    },
    {
      "arch_index": 14,
      "nas_quant_acc1": 85.5,
      "val_acc1": 88.72866465863453,
      "ema_acc1": 73.56770833333333,
      "best_val_acc1": 90.5835843373494,
      "best_ema_acc1": 73.56770833333333,
      "epochs_completed": 15,
      "nas_rank": 0,
      "val_rank": 2,
      "ema_rank": 3,
      "best_rank": 3
    }
  ],
  "timestamp": "2026-06-03T14:06:00.524129"
}