{
  "cycle": 73,
  "completed_arch_indices": [
    0,
    1,
    2,
    3,
    4,
    5,
    6,
    7,
    8,
    9,
    10,
    11,
    12,
    13,
    14
  ],
  "cycle_val_results": {
    "0": [
      90.79897715863453,
      89.9976468373494,
      95.23484563253012,
      92.39081325301206
    ],
    "1": [
      87.5687123493976,
      89.74428965863453,
      91.75169427710844,
      89.74428965863453
    ],
    "2": [
      87.58330195783132,
      90.31501004016064,
      92.13416164658635,
      90.31501004016064
    ],
    "3": [
      88.5371172188755,
      91.59434613453816,
      92.80528363453816,
      91.60736696787149
    ],
    "4": [
      88.16923945783132,
      91.4652359437751,
      92.63491465863453,
      91.47119728915662
    ],
    "5": [
      89.09967996987953,
      92.22750376506023,
      93.6750125502008,
      92.22750376506023
    ],
    "6": [
      87.24146586345381,
      92.08913780120481,
      93.66089357429719,
      92.08913780120481
    ],
    "7": [
      89.79637299196787,
      91.9578313253012,
      93.70042670682732,
      92.05007530120481
    ],
    "8": [
      88.83220381526104,
      92.33763177710844,
      93.18288780120481,
      92.37669427710844
    ],
    "9": [
      89.55980170682732,
      90.8108998493976,
      93.61696787148594,
      90.8108998493976
    ],
    "10": [
      90.37791792168674,
      91.73051581325302,
      93.3863579317269,
      91.78856049196787
    ],
    "11": [
      88.98688504016064,
      92.07721511044177,
      93.62998870481927,
      92.07721511044177
    ],
    "12": [
      89.87010542168674,
      92.05713478915662,
      93.32125376506023,
      92.05713478915662
    ],
    "13": [
      88.49632906626506,
      92.16239959839358,
      93.55186370481927,
      92.16239959839358
    ],
    "14": [
      88.42369477911646,
      92.46297690763052,
      94.20290537148594,
      92.46297690763052
    ]
  }
}