{
  "cycle": 73,
  "n_archs": 15,
  "spearman_r": 0.18214285714285713,
  "spearman_p": 0.5158816817070392,
  "pearson_r": -0.3499161948767478,
  "pearson_p": 0.2010606371145813,
  "kendall_tau": 0.14285714285714288,
  "kendall_p": 0.4950508526248027,
  "bootstrap_ci_spearman": [
    -0.44627565489777565,
    0.7477156315364725
  ],
  "spearman_r_ema": 0.6928571428571427,
  "spearman_p_ema": 0.0041902329602981365,
  "pearson_r_ema": 0.6728213097900734,
  "pearson_p_ema": 0.005983616258620385,
  "kendall_tau_ema": 0.5428571428571429,
  "kendall_p_ema": 0.00414288160001619,
  "bootstrap_ci_spearman_ema": [
    0.19272727272727275,
    0.9412844036697245
  ],
  "spearman_r_best": 0.2821428571428571,
  "spearman_p_best": 0.30828445682005556,
  "pearson_r_best": -0.37895019574116606,
  "pearson_p_best": 0.16363473377136978,
  "kendall_tau_best": 0.23809523809523814,
  "kendall_p_best": 0.23945881568583288,
  "bootstrap_ci_spearman_best": [
    -0.3748284232924747,
    0.8587020402547372
  ],
  "mean_val_acc1": 88.88945364792502,
  "std_val_acc1": 1.0465214429791343,
  "mean_ema_acc1": 91.53531835676038,
  "mean_best_val_acc1": 93.36596385542167,
  "per_arch": [
    {
      "arch_index": 0,
      "nas_quant_acc1": 10.0,
      "val_acc1": 90.79897715863453,
      "ema_acc1": 89.9976468373494,
      "best_val_acc1": 95.23484563253012,
      "best_ema_acc1": 92.39081325301206,
      "epochs_completed": 74,
      "nas_rank": 14,
      "val_rank": 0,
      "ema_rank": 13,
      "best_rank": 0
    },
    {
      "arch_index": 1,
      "nas_quant_acc1": 63.5,
      "val_acc1": 87.5687123493976,
      "ema_acc1": 89.74428965863453,
      "best_val_acc1": 91.75169427710844,
      "best_ema_acc1": 89.74428965863453,
      "epochs_completed": 74,
      "nas_rank": 13,
      "val_rank": 13,
      "ema_rank": 14,
      "best_rank": 14
    },
    {
      "arch_index": 2,
      "nas_quant_acc1": 68.25,
      "val_acc1": 87.58330195783132,
      "ema_acc1": 90.31501004016064,
      "best_val_acc1": 92.13416164658635,
      "best_ema_acc1": 90.31501004016064,
      "epochs_completed": 74,
      "nas_rank": 12,
      "val_rank": 12,
      "ema_rank": 12,
      "best_rank": 13
    },
    {
      "arch_index": 3,
      "nas_quant_acc1": 71.5,
      "val_acc1": 88.5371172188755,
      "ema_acc1": 91.59434613453816,
      "best_val_acc1": 92.80528363453816,
      "best_ema_acc1": 91.60736696787149,
      "epochs_completed": 74,
      "nas_rank": 11,
      "val_rank": 8,
      "ema_rank": 9,
      "best_rank": 11
    },
    {
      "arch_index": 4,
      "nas_quant_acc1": 74.0,
      "val_acc1": 88.16923945783132,
      "ema_acc1": 91.4652359437751,
      "best_val_acc1": 92.63491465863453,
      "best_ema_acc1": 91.47119728915662,
      "epochs_completed": 74,
      "nas_rank": 10,
      "val_rank": 11,
      "ema_rank": 10,
      "best_rank": 12
    },
    {
      "arch_index": 5,
      "nas_quant_acc1": 75.5,
      "val_acc1": 89.09967996987953,
      "ema_acc1": 92.22750376506023,
      "best_val_acc1": 93.6750125502008,
      "best_ema_acc1": 92.22750376506023,
      "epochs_completed": 74,
      "nas_rank": 9,
      "val_rank": 5,
      "ema_rank": 2,
      "best_rank": 3
    },
    {
      "arch_index": 6,
      "nas_quant_acc1": 76.5,
      "val_acc1": 87.24146586345381,
      "ema_acc1": 92.08913780120481,
      "best_val_acc1": 93.66089357429719,
      "best_ema_acc1": 92.08913780120481,
      "epochs_completed": 74,
      "nas_rank": 8,
      "val_rank": 14,
      "ema_rank": 4,
      "best_rank": 4
    },
    {
      "arch_index": 7,
      "nas_quant_acc1": 77.25,
      "val_acc1": 89.79637299196787,
      "ema_acc1": 91.9578313253012,
      "best_val_acc1": 93.70042670682732,
      "best_ema_acc1": 92.05007530120481,
      "epochs_completed": 74,
      "nas_rank": 7,
      "val_rank": 3,
      "ema_rank": 7,
      "best_rank": 2
    },
    {
      "arch_index": 8,
      "nas_quant_acc1": 78.0,
      "val_acc1": 88.83220381526104,
      "ema_acc1": 92.33763177710844,
      "best_val_acc1": 93.18288780120481,
      "best_ema_acc1": 92.37669427710844,
      "epochs_completed": 74,
      "nas_rank": 6,
      "val_rank": 7,
      "ema_rank": 1,
      "best_rank": 10
    },
    {
      "arch_index": 9,
      "nas_quant_acc1": 78.5,
      "val_acc1": 89.55980170682732,
      "ema_acc1": 90.8108998493976,
      "best_val_acc1": 93.61696787148594,
      "best_ema_acc1": 90.8108998493976,
      "epochs_completed": 74,
      "nas_rank": 5,
      "val_rank": 4,
      "ema_rank": 11,
      "best_rank": 6
    },
    {
      "arch_index": 10,
      "nas_quant_acc1": 79.0,
      "val_acc1": 90.37791792168674,
      "ema_acc1": 91.73051581325302,
      "best_val_acc1": 93.3863579317269,
      "best_ema_acc1": 91.78856049196787,
      "epochs_completed": 74,
      "nas_rank": 4,
      "val_rank": 1,
      "ema_rank": 8,
      "best_rank": 8
    },
    {
      "arch_index": 11,
      "nas_quant_acc1": 79.75,
      "val_acc1": 88.98688504016064,
      "ema_acc1": 92.07721511044177,
      "best_val_acc1": 93.62998870481927,
      "best_ema_acc1": 92.07721511044177,
      "epochs_completed": 74,
      "nas_rank": 3,
      "val_rank": 6,
      "ema_rank": 5,
      "best_rank": 5
    },
    {
      "arch_index": 12,
      "nas_quant_acc1": 80.25,
      "val_acc1": 89.87010542168674,
      "ema_acc1": 92.05713478915662,
      "best_val_acc1": 93.32125376506023,
      "best_ema_acc1": 92.05713478915662,
      "epochs_completed": 74,
      "nas_rank": 2,
      "val_rank": 2,
      "ema_rank": 6,
      "best_rank": 9
    },
    {
      "arch_index": 13,
      "nas_quant_acc1": 81.25,
      "val_acc1": 88.49632906626506,
      "ema_acc1": 92.16239959839358,
      "best_val_acc1": 93.55186370481927,
      "best_ema_acc1": 92.16239959839358,
      "epochs_completed": 74,
      "nas_rank": 1,
      "val_rank": 9,
      "ema_rank": 3,
      "best_rank": 7
    },
    {
      "arch_index": 14,
      "nas_quant_acc1": 85.5,
      "val_acc1": 88.42369477911646,
      "ema_acc1": 92.46297690763052,
      "best_val_acc1": 94.20290537148594,
      "best_ema_acc1": 92.46297690763052,
      "epochs_completed": 74,
      "nas_rank": 0,
      "val_rank": 10,
      "ema_rank": 0,
      "best_rank": 1
    }
  ],
  "timestamp": "2026-06-03T22:14:16.412167"
}