{
  "cycle": 0,
  "completed_arch_indices": [
    0,
    1,
    2,
    3,
    4,
    5,
    6,
    7,
    8,
    9,
    10,
    11,
    12,
    13,
    14
  ],
  "cycle_val_results": {
    "0": [
      6.182263065852187,
      38.64421889007001,
      6.182263065852187,
      38.64421889007001
    ],
    "1": [
      56.766094670788036,
      51.71647161982763,
      56.766094670788036,
      51.71647161982763
    ],
    "2": [
      60.75721542674356,
      56.59438519832076,
      60.75721542674356,
      56.59438519832076
    ],
    "3": [
      62.201049285046,
      60.26221251206285,
      62.201049285046,
      60.26221251206285
    ],
    "4": [
      63.27601683166857,
      59.01804848657044,
      63.27601683166857,
      59.01804848657044
    ],
    "5": [
      61.14218253249012,
      57.00057117944145,
      61.14218253249012,
      57.00057117944145
    ],
    "6": [
      63.47221941912133,
      61.25650463654665,
      63.47221941912133,
      61.25650463654665
    ],
    "7": [
      60.64994342090439,
      55.09675564198907,
      60.64994342090439,
      55.09675564198907
    ],
    "8": [
      59.47895012711926,
      55.79705690730338,
      59.47895012711926,
      55.79705690730338
    ],
    "9": [
      62.983674848999975,
      59.66431598077781,
      62.983674848999975,
      59.66431598077781
    ],
    "10": [
      54.92324935460645,
      49.12845561112771,
      54.92324935460645,
      49.12845561112771
    ],
    "11": [
      59.42852076281362,
      55.353450345108,
      59.42852076281362,
      55.353450345108
    ],
    "12": [
      62.3332347077237,
      59.787279255801174,
      62.3332347077237,
      59.787279255801174
    ],
    "13": [
      62.36847246239084,
      57.45651541351724,
      62.36847246239084,
      57.45651541351724
    ],
    "14": [
      61.7764317450365,
      58.58859796511201,
      61.7764317450365,
      58.58859796511201
    ]
  }
}