{
  "cycle": 55,
  "completed_arch_indices": [
    0,
    1,
    2,
    3,
    4,
    5,
    6,
    7,
    8,
    9,
    10,
    11,
    12,
    13,
    14
  ],
  "cycle_val_results": {
    "0": [
      91.46084337349399,
      91.92802459839358,
      95.06933985943776,
      92.39081325301206
    ],
    "1": [
      88.86310868473896,
      88.97386420682732,
      91.31494728915662,
      88.97386420682732
    ],
    "2": [
      89.20337600401606,
      89.48873619477912,
      91.62525100401606,
      89.48873619477912
    ],
    "3": [
      90.63456952811245,
      91.15163780120481,
      92.32241465863453,
      91.15163780120481
    ],
    "4": [
      90.50326305220884,
      90.7398343373494,
      92.29041164658635,
      90.7398343373494
    ],
    "5": [
      91.2937688253012,
      91.98497113453816,
      93.59092620481927,
      91.98497113453816
    ],
    "6": [
      91.38381651606427,
      91.59434613453816,
      93.5968875502008,
      91.59434613453816
    ],
    "7": [
      90.33885542168674,
      91.7554593373494,
      93.34400100401606,
      91.7554593373494
    ],
    "8": [
      89.8261797188755,
      91.51731927710844,
      92.9176079317269,
      91.51731927710844
    ],
    "9": [
      91.06425702811245,
      89.20494477911646,
      93.32941139558233,
      89.20494477911646
    ],
    "10": [
      89.51148343373494,
      91.39793549196787,
      93.28925075301206,
      91.41801581325302
    ],
    "11": [
      91.28404241967873,
      91.49614081325302,
      93.38855421686748,
      91.49614081325302
    ],
    "12": [
      90.69261420682732,
      91.47825677710844,
      93.01691139558233,
      91.47825677710844
    ],
    "13": [
      90.61668549196787,
      91.6453313253012,
      93.22414658634538,
      91.6453313253012
    ],
    "14": [
      90.91396837349399,
      91.92206325301206,
      93.56974774096385,
      91.94214357429719
    ]
  }
}