{
  "cycle": 55,
  "n_archs": 15,
  "spearman_r": 0.10357142857142855,
  "spearman_p": 0.7133796306287292,
  "pearson_r": -0.13594029034655408,
  "pearson_p": 0.6290447288028707,
  "kendall_tau": 0.06666666666666668,
  "kendall_p": 0.770495669755301,
  "bootstrap_ci_spearman": [
    -0.51840093619415,
    0.6934446172869049
  ],
  "spearman_r_ema": 0.2285714285714285,
  "spearman_p_ema": 0.41256617049636035,
  "pearson_r_ema": -0.018041440733198723,
  "pearson_p_ema": 0.9491161232335145,
  "kendall_tau_ema": 0.20000000000000004,
  "kendall_p_ema": 0.3282335876694342,
  "bootstrap_ci_spearman_ema": [
    -0.3970676579319344,
    0.8090175967334239
  ],
  "spearman_r_best": 0.2178571428571428,
  "spearman_p_best": 0.43539267351553756,
  "pearson_r_best": -0.38077707330995003,
  "pearson_p_best": 0.16144668764321687,
  "kendall_tau_best": 0.18095238095238098,
  "kendall_p_best": 0.3794503959627968,
  "bootstrap_ci_spearman_best": [
    -0.4487051597051597,
    0.8254703557312252
  ],
  "mean_val_acc1": 90.50605547188756,
  "std_val_acc1": 0.8161318835330463,
  "mean_ema_acc1": 91.0852576974565,
  "mean_best_val_acc1": 93.05932061579651,
  "per_arch": [
    {
      "arch_index": 0,
      "nas_quant_acc1": 10.0,
      "val_acc1": 91.46084337349399,
      "ema_acc1": 91.92802459839358,
      "best_val_acc1": 95.06933985943776,
      "best_ema_acc1": 92.39081325301206,
      "epochs_completed": 56,
      "nas_rank": 14,
      "val_rank": 0,
      "ema_rank": 1,
      "best_rank": 0
    },
    {
      "arch_index": 1,
      "nas_quant_acc1": 63.5,
      "val_acc1": 88.86310868473896,
      "ema_acc1": 88.97386420682732,
      "best_val_acc1": 91.31494728915662,
      "best_ema_acc1": 88.97386420682732,
      "epochs_completed": 56,
      "nas_rank": 13,
      "val_rank": 14,
      "ema_rank": 14,
      "best_rank": 14
    },
    {
      "arch_index": 2,
      "nas_quant_acc1": 68.25,
      "val_acc1": 89.20337600401606,
      "ema_acc1": 89.48873619477912,
      "best_val_acc1": 91.62525100401606,
      "best_ema_acc1": 89.48873619477912,
      "epochs_completed": 56,
      "nas_rank": 12,
      "val_rank": 13,
      "ema_rank": 12,
      "best_rank": 13
    },
    {
      "arch_index": 3,
      "nas_quant_acc1": 71.5,
      "val_acc1": 90.63456952811245,
      "ema_acc1": 91.15163780120481,
      "best_val_acc1": 92.32241465863453,
      "best_ema_acc1": 91.15163780120481,
      "epochs_completed": 56,
      "nas_rank": 11,
      "val_rank": 7,
      "ema_rank": 10,
      "best_rank": 11
    },
    {
      "arch_index": 4,
      "nas_quant_acc1": 74.0,
      "val_acc1": 90.50326305220884,
      "ema_acc1": 90.7398343373494,
      "best_val_acc1": 92.29041164658635,
      "best_ema_acc1": 90.7398343373494,
      "epochs_completed": 56,
      "nas_rank": 10,
      "val_rank": 9,
      "ema_rank": 11,
      "best_rank": 12
    },
    {
      "arch_index": 5,
      "nas_quant_acc1": 75.5,
      "val_acc1": 91.2937688253012,
      "ema_acc1": 91.98497113453816,
      "best_val_acc1": 93.59092620481927,
      "best_ema_acc1": 91.98497113453816,
      "epochs_completed": 56,
      "nas_rank": 9,
      "val_rank": 2,
      "ema_rank": 0,
      "best_rank": 2
    },
    {
      "arch_index": 6,
      "nas_quant_acc1": 76.5,
      "val_acc1": 91.38381651606427,
      "ema_acc1": 91.59434613453816,
      "best_val_acc1": 93.5968875502008,
      "best_ema_acc1": 91.59434613453816,
      "epochs_completed": 56,
      "nas_rank": 8,
      "val_rank": 1,
      "ema_rank": 5,
      "best_rank": 1
    },
    {
      "arch_index": 7,
      "nas_quant_acc1": 77.25,
      "val_acc1": 90.33885542168674,
      "ema_acc1": 91.7554593373494,
      "best_val_acc1": 93.34400100401606,
      "best_ema_acc1": 91.7554593373494,
      "epochs_completed": 56,
      "nas_rank": 7,
      "val_rank": 10,
      "ema_rank": 3,
      "best_rank": 5
    },
    {
      "arch_index": 8,
      "nas_quant_acc1": 78.0,
      "val_acc1": 89.8261797188755,
      "ema_acc1": 91.51731927710844,
      "best_val_acc1": 92.9176079317269,
      "best_ema_acc1": 91.51731927710844,
      "epochs_completed": 56,
      "nas_rank": 6,
      "val_rank": 11,
      "ema_rank": 6,
      "best_rank": 10
    },
    {
      "arch_index": 9,
      "nas_quant_acc1": 78.5,
      "val_acc1": 91.06425702811245,
      "ema_acc1": 89.20494477911646,
      "best_val_acc1": 93.32941139558233,
      "best_ema_acc1": 89.20494477911646,
      "epochs_completed": 56,
      "nas_rank": 5,
      "val_rank": 4,
      "ema_rank": 13,
      "best_rank": 6
    },
    {
      "arch_index": 10,
      "nas_quant_acc1": 79.0,
      "val_acc1": 89.51148343373494,
      "ema_acc1": 91.39793549196787,
      "best_val_acc1": 93.28925075301206,
      "best_ema_acc1": 91.41801581325302,
      "epochs_completed": 56,
      "nas_rank": 4,
      "val_rank": 12,
      "ema_rank": 9,
      "best_rank": 7
    },
    {
      "arch_index": 11,
      "nas_quant_acc1": 79.75,
      "val_acc1": 91.28404241967873,
      "ema_acc1": 91.49614081325302,
      "best_val_acc1": 93.38855421686748,
      "best_ema_acc1": 91.49614081325302,
      "epochs_completed": 56,
      "nas_rank": 3,
      "val_rank": 3,
      "ema_rank": 7,
      "best_rank": 4
    },
    {
      "arch_index": 12,
      "nas_quant_acc1": 80.25,
      "val_acc1": 90.69261420682732,
      "ema_acc1": 91.47825677710844,
      "best_val_acc1": 93.01691139558233,
      "best_ema_acc1": 91.47825677710844,
      "epochs_completed": 56,
      "nas_rank": 2,
      "val_rank": 6,
      "ema_rank": 8,
      "best_rank": 9
    },
    {
      "arch_index": 13,
      "nas_quant_acc1": 81.25,
      "val_acc1": 90.61668549196787,
      "ema_acc1": 91.6453313253012,
      "best_val_acc1": 93.22414658634538,
      "best_ema_acc1": 91.6453313253012,
      "epochs_completed": 56,
      "nas_rank": 1,
      "val_rank": 8,
      "ema_rank": 4,
      "best_rank": 8
    },
    {
      "arch_index": 14,
      "nas_quant_acc1": 85.5,
      "val_acc1": 90.91396837349399,
      "ema_acc1": 91.92206325301206,
      "best_val_acc1": 93.56974774096385,
      "best_ema_acc1": 91.94214357429719,
      "epochs_completed": 56,
      "nas_rank": 0,
      "val_rank": 5,
      "ema_rank": 2,
      "best_rank": 3
    }
  ],
  "timestamp": "2026-06-03T19:30:28.884535"
}