{
  "cycle": 155,
  "completed_arch_indices": [
    0,
    1,
    2,
    3,
    4,
    5,
    6,
    7,
    8,
    9,
    10,
    11,
    12,
    13,
    14
  ],
  "cycle_val_results": {
    "0": [
      91.4429593373494,
      95.05851531124497,
      95.79583960843372,
      95.05851531124497
    ],
    "1": [
      89.5918047188755,
      92.46784011044177,
      92.46187876506023,
      92.46784011044177
    ],
    "2": [
      89.02265311244979,
      92.87744728915662,
      92.78520331325302,
      92.92953062248995
    ],
    "3": [
      90.03451305220884,
      93.96366716867469,
      93.73415537148594,
      93.98970883534136
    ],
    "4": [
      89.32103413654619,
      93.44659889558233,
      93.45852158634538,
      93.49868222891565
    ],
    "5": [
      91.46303965863453,
      94.40417921686748,
      94.22784889558233,
      94.50834588353413
    ],
    "6": [
      91.06645331325302,
      94.41233684738955,
      94.11772088353413,
      94.4253576807229
    ],
    "7": [
      90.8960843373494,
      94.1285454317269,
      94.08728664658635,
      94.1285454317269
    ],
    "8": [
      91.16842369477912,
      94.09058107429719,
      94.0504204317269,
      94.09167921686748
    ],
    "9": [
      91.90794427710844,
      94.76280120481927,
      94.4253576807229,
      94.76280120481927
    ],
    "10": [
      91.0913968373494,
      93.95331325301206,
      94.21263177710844,
      94.03143825301206
    ],
    "11": [
      89.94979919678714,
      94.1828250502008,
      94.0894829317269,
      94.21592620481927
    ],
    "12": [
      90.55691516064257,
      94.29891440763052,
      94.03849774096385,
      94.35099774096385
    ],
    "13": [
      90.80493850401606,
      94.06453940763052,
      93.97449171686748,
      94.07865838353413
    ],
    "14": [
      90.59817394578313,
      94.48826556224898,
      94.36731300200803,
      94.52136671686748
    ]
  }
}