{
  "cycle": 155,
  "n_archs": 15,
  "spearman_r": 0.14285714285714282,
  "spearman_p": 0.6115222287644655,
  "pearson_r": -0.10162028752187902,
  "pearson_p": 0.7185745692215182,
  "kendall_tau": 0.08571428571428572,
  "kendall_p": 0.6971814254173712,
  "bootstrap_ci_spearman": [
    -0.4828443148954505,
    0.666070336391437
  ],
  "spearman_r_ema": 0.2714285714285714,
  "spearman_p_ema": 0.3277893068411727,
  "pearson_r_ema": -0.17307021001259254,
  "pearson_p_ema": 0.5373466069112333,
  "kendall_tau_ema": 0.23809523809523814,
  "kendall_p_ema": 0.23945881568583288,
  "bootstrap_ci_spearman_ema": [
    -0.3908732276897414,
    0.8311926605504586
  ],
  "spearman_r_best": 0.2678571428571428,
  "spearman_p_best": 0.3344436005123538,
  "pearson_r_best": -0.43791455459394263,
  "pearson_p_best": 0.10255545278962983,
  "kendall_tau_best": 0.18095238095238098,
  "kendall_p_best": 0.3794503959627968,
  "bootstrap_ci_spearman_best": [
    -0.3941797577488627,
    0.8400072595281307
  ],
  "mean_val_acc1": 90.59440888554218,
  "std_val_acc1": 0.8435519632800832,
  "mean_ema_acc1": 94.04002468206157,
  "mean_best_val_acc1": 93.98844335676038,
  "per_arch": [
    {
      "arch_index": 0,
      "nas_quant_acc1": 10.0,
      "val_acc1": 91.4429593373494,
      "ema_acc1": 95.05851531124497,
      "best_val_acc1": 95.79583960843372,
      "best_ema_acc1": 95.05851531124497,
      "epochs_completed": 156,
      "nas_rank": 14,
      "val_rank": 2,
      "ema_rank": 0,
      "best_rank": 0
    },
    {
      "arch_index": 1,
      "nas_quant_acc1": 63.5,
      "val_acc1": 89.5918047188755,
      "ema_acc1": 92.46784011044177,
      "best_val_acc1": 92.46187876506023,
      "best_ema_acc1": 92.46784011044177,
      "epochs_completed": 156,
      "nas_rank": 13,
      "val_rank": 12,
      "ema_rank": 14,
      "best_rank": 14
    },
    {
      "arch_index": 2,
      "nas_quant_acc1": 68.25,
      "val_acc1": 89.02265311244979,
      "ema_acc1": 92.87744728915662,
      "best_val_acc1": 92.78520331325302,
      "best_ema_acc1": 92.92953062248995,
      "epochs_completed": 156,
      "nas_rank": 12,
      "val_rank": 14,
      "ema_rank": 13,
      "best_rank": 13
    },
    {
      "arch_index": 3,
      "nas_quant_acc1": 71.5,
      "val_acc1": 90.03451305220884,
      "ema_acc1": 93.96366716867469,
      "best_val_acc1": 93.73415537148594,
      "best_ema_acc1": 93.98970883534136,
      "epochs_completed": 156,
      "nas_rank": 11,
      "val_rank": 10,
      "ema_rank": 10,
      "best_rank": 11
    },
    {
      "arch_index": 4,
      "nas_quant_acc1": 74.0,
      "val_acc1": 89.32103413654619,
      "ema_acc1": 93.44659889558233,
      "best_val_acc1": 93.45852158634538,
      "best_ema_acc1": 93.49868222891565,
      "epochs_completed": 156,
      "nas_rank": 10,
      "val_rank": 13,
      "ema_rank": 12,
      "best_rank": 12
    },
    {
      "arch_index": 5,
      "nas_quant_acc1": 75.5,
      "val_acc1": 91.46303965863453,
      "ema_acc1": 94.40417921686748,
      "best_val_acc1": 94.22784889558233,
      "best_ema_acc1": 94.50834588353413,
      "epochs_completed": 156,
      "nas_rank": 9,
      "val_rank": 1,
      "ema_rank": 4,
      "best_rank": 3
    },
    {
      "arch_index": 6,
      "nas_quant_acc1": 76.5,
      "val_acc1": 91.06645331325302,
      "ema_acc1": 94.41233684738955,
      "best_val_acc1": 94.11772088353413,
      "best_ema_acc1": 94.4253576807229,
      "epochs_completed": 156,
      "nas_rank": 8,
      "val_rank": 5,
      "ema_rank": 3,
      "best_rank": 5
    },
    {
      "arch_index": 7,
      "nas_quant_acc1": 77.25,
      "val_acc1": 90.8960843373494,
      "ema_acc1": 94.1285454317269,
      "best_val_acc1": 94.08728664658635,
      "best_ema_acc1": 94.1285454317269,
      "epochs_completed": 156,
      "nas_rank": 7,
      "val_rank": 6,
      "ema_rank": 7,
      "best_rank": 7
    },
    {
      "arch_index": 8,
      "nas_quant_acc1": 78.0,
      "val_acc1": 91.16842369477912,
      "ema_acc1": 94.09058107429719,
      "best_val_acc1": 94.0504204317269,
      "best_ema_acc1": 94.09167921686748,
      "epochs_completed": 156,
      "nas_rank": 6,
      "val_rank": 3,
      "ema_rank": 8,
      "best_rank": 8
    },
    {
      "arch_index": 9,
      "nas_quant_acc1": 78.5,
      "val_acc1": 91.90794427710844,
      "ema_acc1": 94.76280120481927,
      "best_val_acc1": 94.4253576807229,
      "best_ema_acc1": 94.76280120481927,
      "epochs_completed": 156,
      "nas_rank": 5,
      "val_rank": 0,
      "ema_rank": 1,
      "best_rank": 1
    },
    {
      "arch_index": 10,
      "nas_quant_acc1": 79.0,
      "val_acc1": 91.0913968373494,
      "ema_acc1": 93.95331325301206,
      "best_val_acc1": 94.21263177710844,
      "best_ema_acc1": 94.03143825301206,
      "epochs_completed": 156,
      "nas_rank": 4,
      "val_rank": 4,
      "ema_rank": 11,
      "best_rank": 4
    },
    {
      "arch_index": 11,
      "nas_quant_acc1": 79.75,
      "val_acc1": 89.94979919678714,
      "ema_acc1": 94.1828250502008,
      "best_val_acc1": 94.0894829317269,
      "best_ema_acc1": 94.21592620481927,
      "epochs_completed": 156,
      "nas_rank": 3,
      "val_rank": 11,
      "ema_rank": 6,
      "best_rank": 6
    },
    {
      "arch_index": 12,
      "nas_quant_acc1": 80.25,
      "val_acc1": 90.55691516064257,
      "ema_acc1": 94.29891440763052,
      "best_val_acc1": 94.03849774096385,
      "best_ema_acc1": 94.35099774096385,
      "epochs_completed": 156,
      "nas_rank": 2,
      "val_rank": 9,
      "ema_rank": 5,
      "best_rank": 9
    },
    {
      "arch_index": 13,
      "nas_quant_acc1": 81.25,
      "val_acc1": 90.80493850401606,
      "ema_acc1": 94.06453940763052,
      "best_val_acc1": 93.97449171686748,
      "best_ema_acc1": 94.07865838353413,
      "epochs_completed": 156,
      "nas_rank": 1,
      "val_rank": 7,
      "ema_rank": 9,
      "best_rank": 10
    },
    {
      "arch_index": 14,
      "nas_quant_acc1": 85.5,
      "val_acc1": 90.59817394578313,
      "ema_acc1": 94.48826556224898,
      "best_val_acc1": 94.36731300200803,
      "best_ema_acc1": 94.52136671686748,
      "epochs_completed": 156,
      "nas_rank": 0,
      "val_rank": 8,
      "ema_rank": 2,
      "best_rank": 2
    }
  ],
  "timestamp": "2026-06-04T09:40:26.342464"
}