{
  "cycle": 151,
  "completed_arch_indices": [
    0,
    1,
    2,
    3,
    4,
    5,
    6,
    7,
    8,
    9,
    10,
    11,
    12,
    13,
    14
  ],
  "cycle_val_results": {
    "0": [
      88.10523343373494,
      94.86320281124497,
      95.79583960843372,
      94.86320281124497
    ],
    "1": [
      86.14175451807229,
      92.33653363453816,
      92.46187876506023,
      92.33653363453816
    ],
    "2": [
      88.30650727911646,
      92.92953062248995,
      92.78520331325302,
      92.92953062248995
    ],
    "3": [
      88.44157881526104,
      93.98264934738955,
      93.73415537148594,
      93.98970883534136
    ],
    "4": [
      87.14545682730925,
      93.48566139558233,
      93.45852158634538,
      93.49868222891565
    ],
    "5": [
      87.35645707831326,
      94.50834588353413,
      94.22784889558233,
      94.50834588353413
    ],
    "6": [
      89.61674824297188,
      94.41233684738955,
      94.11772088353413,
      94.41233684738955
    ],
    "7": [
      87.98098644578313,
      94.06344126506023,
      94.08728664658635,
      94.0894829317269
    ],
    "8": [
      88.66136420682732,
      93.97449171686748,
      94.0504204317269,
      93.98045306224898
    ],
    "9": [
      87.42705195783132,
      94.6987951807229,
      94.4253576807229,
      94.6987951807229
    ],
    "10": [
      89.08885542168674,
      93.95331325301206,
      94.21263177710844,
      94.03143825301206
    ],
    "11": [
      89.76484061244979,
      94.21592620481927,
      94.0894829317269,
      94.21592620481927
    ],
    "12": [
      89.36825426706828,
      94.27287274096385,
      94.03849774096385,
      94.35099774096385
    ],
    "13": [
      87.60008785140562,
      94.01951556224898,
      93.97449171686748,
      94.07865838353413
    ],
    "14": [
      90.4441202309237,
      94.50834588353413,
      94.36731300200803,
      94.50834588353413
    ]
  }
}