{
  "cycle": 118,
  "completed_arch_indices": [
    0,
    1,
    2,
    3,
    4,
    5,
    6,
    7,
    8,
    9,
    10,
    11,
    12,
    13,
    14
  ],
  "cycle_val_results": {
    "0": [
      94.84908383534136,
      92.13149472891565,
      95.79583960843372,
      92.39081325301206
    ],
    "1": [
      91.52704568273093,
      91.50320030120481,
      92.26546812248995,
      91.50320030120481
    ],
    "2": [
      91.4597452309237,
      91.90684613453816,
      92.4585843373494,
      91.90684613453816
    ],
    "3": [
      92.36853664658635,
      93.02397088353413,
      93.49272088353413,
      93.02397088353413
    ],
    "4": [
      93.05597389558233,
      92.74723895582329,
      93.22414658634538,
      92.7542984437751
    ],
    "5": [
      93.25505145582329,
      93.55186370481927,
      93.8703250502008,
      93.56488453815261
    ],
    "6": [
      93.3082329317269,
      93.38855421686748,
      94.03363453815261,
      93.4015750502008
    ],
    "7": [
      93.32721511044177,
      93.48346511044177,
      93.83502761044177,
      93.48346511044177
    ],
    "8": [
      93.11401857429719,
      93.3863579317269,
      93.6207329317269,
      93.3863579317269
    ],
    "9": [
      93.61257530120481,
      93.5593938253012,
      94.33091741967873,
      93.5593938253012
    ],
    "10": [
      93.6988579317269,
      93.37443524096385,
      93.82420306224898,
      93.37443524096385
    ],
    "11": [
      93.24909011044177,
      93.67987575301206,
      94.0894829317269,
      93.67987575301206
    ],
    "12": [
      93.16390562248995,
      93.41349774096385,
      93.70481927710844,
      93.41349774096385
    ],
    "13": [
      92.7542984437751,
      93.48566139558233,
      93.96256902610442,
      93.48566139558233
    ],
    "14": [
      93.63971511044177,
      93.90232806224898,
      94.35209588353413,
      93.90232806224898
    ]
  }
}