{
  "cycle": 118,
  "n_archs": 15,
  "spearman_r": 0.27499999999999997,
  "spearman_p": 0.3212111733193767,
  "pearson_r": -0.34264984620028194,
  "pearson_p": 0.21121799538251268,
  "kendall_tau": 0.2571428571428572,
  "kendall_p": 0.20184282422518202,
  "bootstrap_ci_spearman": [
    -0.3823952308196006,
    0.8589575404260318
  ],
  "spearman_r_ema": 0.7928571428571427,
  "spearman_p_ema": 0.0004220771851923507,
  "pearson_r_ema": 0.6178282014541814,
  "pearson_p_ema": 0.014109730294058319,
  "kendall_tau_ema": 0.6190476190476191,
  "kendall_p_ema": 0.0008364083878716816,
  "bootstrap_ci_spearman_ema": [
    0.39774301189998856,
    0.9421338155515371
  ],
  "spearman_r_best": 0.4035714285714285,
  "spearman_p_best": 0.13576799650365623,
  "pearson_r_best": -0.4485026831751109,
  "pearson_p_best": 0.09358034801286662,
  "kendall_tau_best": 0.3523809523809524,
  "kendall_p_best": 0.07433498084899375,
  "bootstrap_ci_spearman_best": [
    -0.25,
    0.9130474093875307
  ],
  "mean_val_acc1": 93.09222305890226,
  "std_val_acc1": 0.8425169828846757,
  "mean_ema_acc1": 93.1025455990629,
  "mean_best_val_acc1": 93.79070448460509,
  "per_arch": [
    {
      "arch_index": 0,
      "nas_quant_acc1": 10.0,
      "val_acc1": 94.84908383534136,
      "ema_acc1": 92.13149472891565,
      "best_val_acc1": 95.79583960843372,
      "best_ema_acc1": 92.39081325301206,
      "epochs_completed": 119,
      "nas_rank": 14,
      "val_rank": 0,
      "ema_rank": 12,
      "best_rank": 0
    },
    {
      "arch_index": 1,
      "nas_quant_acc1": 63.5,
      "val_acc1": 91.52704568273093,
      "ema_acc1": 91.50320030120481,
      "best_val_acc1": 92.26546812248995,
      "best_ema_acc1": 91.50320030120481,
      "epochs_completed": 119,
      "nas_rank": 13,
      "val_rank": 13,
      "ema_rank": 14,
      "best_rank": 14
    },
    {
      "arch_index": 2,
      "nas_quant_acc1": 68.25,
      "val_acc1": 91.4597452309237,
      "ema_acc1": 91.90684613453816,
      "best_val_acc1": 92.4585843373494,
      "best_ema_acc1": 91.90684613453816,
      "epochs_completed": 119,
      "nas_rank": 12,
      "val_rank": 14,
      "ema_rank": 13,
      "best_rank": 13
    },
    {
      "arch_index": 3,
      "nas_quant_acc1": 71.5,
      "val_acc1": 92.36853664658635,
      "ema_acc1": 93.02397088353413,
      "best_val_acc1": 93.49272088353413,
      "best_ema_acc1": 93.02397088353413,
      "epochs_completed": 119,
      "nas_rank": 11,
      "val_rank": 12,
      "ema_rank": 10,
      "best_rank": 11
    },
    {
      "arch_index": 4,
      "nas_quant_acc1": 74.0,
      "val_acc1": 93.05597389558233,
      "ema_acc1": 92.74723895582329,
      "best_val_acc1": 93.22414658634538,
      "best_ema_acc1": 92.7542984437751,
      "epochs_completed": 119,
      "nas_rank": 10,
      "val_rank": 10,
      "ema_rank": 11,
      "best_rank": 12
    },
    {
      "arch_index": 5,
      "nas_quant_acc1": 75.5,
      "val_acc1": 93.25505145582329,
      "ema_acc1": 93.55186370481927,
      "best_val_acc1": 93.8703250502008,
      "best_ema_acc1": 93.56488453815261,
      "epochs_completed": 119,
      "nas_rank": 9,
      "val_rank": 6,
      "ema_rank": 3,
      "best_rank": 6
    },
    {
      "arch_index": 6,
      "nas_quant_acc1": 76.5,
      "val_acc1": 93.3082329317269,
      "ema_acc1": 93.38855421686748,
      "best_val_acc1": 94.03363453815261,
      "best_ema_acc1": 93.4015750502008,
      "epochs_completed": 119,
      "nas_rank": 8,
      "val_rank": 5,
      "ema_rank": 7,
      "best_rank": 4
    },
    {
      "arch_index": 7,
      "nas_quant_acc1": 77.25,
      "val_acc1": 93.32721511044177,
      "ema_acc1": 93.48346511044177,
      "best_val_acc1": 93.83502761044177,
      "best_ema_acc1": 93.48346511044177,
      "epochs_completed": 119,
      "nas_rank": 7,
      "val_rank": 4,
      "ema_rank": 5,
      "best_rank": 7
    },
    {
      "arch_index": 8,
      "nas_quant_acc1": 78.0,
      "val_acc1": 93.11401857429719,
      "ema_acc1": 93.3863579317269,
      "best_val_acc1": 93.6207329317269,
      "best_ema_acc1": 93.3863579317269,
      "epochs_completed": 119,
      "nas_rank": 6,
      "val_rank": 9,
      "ema_rank": 8,
      "best_rank": 10
    },
    {
      "arch_index": 9,
      "nas_quant_acc1": 78.5,
      "val_acc1": 93.61257530120481,
      "ema_acc1": 93.5593938253012,
      "best_val_acc1": 94.33091741967873,
      "best_ema_acc1": 93.5593938253012,
      "epochs_completed": 119,
      "nas_rank": 5,
      "val_rank": 3,
      "ema_rank": 2,
      "best_rank": 2
    },
    {
      "arch_index": 10,
      "nas_quant_acc1": 79.0,
      "val_acc1": 93.6988579317269,
      "ema_acc1": 93.37443524096385,
      "best_val_acc1": 93.82420306224898,
      "best_ema_acc1": 93.37443524096385,
      "epochs_completed": 119,
      "nas_rank": 4,
      "val_rank": 1,
      "ema_rank": 9,
      "best_rank": 8
    },
    {
      "arch_index": 11,
      "nas_quant_acc1": 79.75,
      "val_acc1": 93.24909011044177,
      "ema_acc1": 93.67987575301206,
      "best_val_acc1": 94.0894829317269,
      "best_ema_acc1": 93.67987575301206,
      "epochs_completed": 119,
      "nas_rank": 3,
      "val_rank": 7,
      "ema_rank": 1,
      "best_rank": 3
    },
    {
      "arch_index": 12,
      "nas_quant_acc1": 80.25,
      "val_acc1": 93.16390562248995,
      "ema_acc1": 93.41349774096385,
      "best_val_acc1": 93.70481927710844,
      "best_ema_acc1": 93.41349774096385,
      "epochs_completed": 119,
      "nas_rank": 2,
      "val_rank": 8,
      "ema_rank": 6,
      "best_rank": 9
    },
    {
      "arch_index": 13,
      "nas_quant_acc1": 81.25,
      "val_acc1": 92.7542984437751,
      "ema_acc1": 93.48566139558233,
      "best_val_acc1": 93.96256902610442,
      "best_ema_acc1": 93.48566139558233,
      "epochs_completed": 119,
      "nas_rank": 1,
      "val_rank": 11,
      "ema_rank": 4,
      "best_rank": 5
    },
    {
      "arch_index": 14,
      "nas_quant_acc1": 85.5,
      "val_acc1": 93.63971511044177,
      "ema_acc1": 93.90232806224898,
      "best_val_acc1": 94.35209588353413,
      "best_ema_acc1": 93.90232806224898,
      "epochs_completed": 119,
      "nas_rank": 0,
      "val_rank": 2,
      "ema_rank": 0,
      "best_rank": 1
    }
  ],
  "timestamp": "2026-06-04T01:59:06.155012"
}