{
  "cycle": 5,
  "completed_arch_indices": [
    0,
    1,
    2,
    3,
    4,
    5,
    7,
    8,
    9,
    10,
    11
  ],
  "cycle_val_results": {
    "0": [
      64.81143142662603,
      62.27316289391052,
      64.81143142662603,
      62.27316289391052
    ],
    "1": [
      59.03998158117756,
      61.14304664958677,
      59.03998158117756,
      61.14304664958677
    ],
    "2": [
      65.44523682392877,
      66.81998246292967,
      65.44523682392877,
      66.81998246292967
    ],
    "3": [
      67.4026766076056,
      69.07367528987604,
      67.43217219639556,
      69.07367528987604
    ],
    "4": [
      66.69372143490459,
      68.41900469777943,
      66.77068957915922,
      68.41900469777943
    ],
    "5": [
      64.33732799709996,
      66.31282410514407,
      64.52310337564106,
      66.31282410514407
    ],
    "7": [
      63.79808169923428,
      65.70677528546727,
      63.79808169923428,
      65.70677528546727
    ],
    "8": [
      62.757453499821196,
      65.28324915866155,
      63.166300412953966,
      65.28324915866155
    ],
    "9": [
      67.2028010326297,
      68.96076398924264,
      67.2028010326297,
      68.96076398924264
    ],
    "10": [
      58.75623570214409,
      60.40804157951202,
      58.75623570214409,
      60.40804157951202
    ],
    "11": [
      63.643337137930494,
      65.23164902345948,
      63.90985651933242,
      65.23164902345948
    ]
  }
}