{
  "cycle": 10,
  "completed_arch_indices": [
    0,
    1,
    2,
    3,
    4,
    5,
    6,
    7,
    8,
    9,
    10,
    11,
    12,
    13,
    14
  ],
  "cycle_val_results": {
    "0": [
      92.65499497991968,
      68.48456325301206,
      92.65499497991968,
      68.48456325301206
    ],
    "1": [
      87.45528990963855,
      45.33352158634538,
      87.45528990963855,
      45.33352158634538
    ],
    "2": [
      87.38092996987953,
      49.78837223895582,
      87.38092996987953,
      49.78837223895582
    ],
    "3": [
      89.46159638554217,
      53.638303212851405,
      89.46159638554217,
      53.638303212851405
    ],
    "4": [
      89.00963227911646,
      57.12694528112449,
      89.00963227911646,
      57.12694528112449
    ],
    "5": [
      90.76587600401606,
      57.73186495983936,
      90.76587600401606,
      57.73186495983936
    ],
    "6": [
      90.22166792168674,
      52.99871360441767,
      90.22166792168674,
      52.99871360441767
    ],
    "7": [
      89.75291792168674,
      55.042984437751,
      89.75511420682732,
      55.042984437751
    ],
    "8": [
      89.85002510040161,
      52.87007404618474,
      89.85002510040161,
      52.87007404618474
    ],
    "9": [
      90.8640813253012,
      25.16864332329317,
      90.8640813253012,
      25.16864332329317
    ],
    "10": [
      90.38607555220884,
      54.22047565261044,
      90.38607555220884,
      54.22047565261044
    ],
    "11": [
      90.42623619477912,
      56.62179969879518,
      90.42623619477912,
      56.62179969879518
    ],
    "12": [
      90.07090863453816,
      54.34362449799197,
      90.07090863453816,
      54.34362449799197
    ],
    "13": [
      89.81049196787149,
      51.95641942771085,
      89.81049196787149,
      51.95641942771085
    ],
    "14": [
      90.5835843373494,
      55.164564508032136,
      90.5835843373494,
      55.164564508032136
    ]
  }
}