{
  "cycle": 10,
  "n_archs": 15,
  "spearman_r": 0.3107142857142856,
  "spearman_p": 0.2596673973372179,
  "pearson_r": -0.3518110525029408,
  "pearson_p": 0.19846433100797636,
  "kendall_tau": 0.2571428571428572,
  "kendall_p": 0.20184282422518202,
  "bootstrap_ci_spearman": [
    -0.3455786503457595,
    0.8529411764705883
  ],
  "spearman_r_ema": -0.028571428571428564,
  "spearman_p_ema": 0.9194899083821857,
  "pearson_r_ema": -0.422546588090045,
  "pearson_p_ema": 0.11662640006482466,
  "kendall_tau_ema": -0.009523809523809525,
  "kendall_p_ema": 1.0,
  "bootstrap_ci_spearman_ema": [
    -0.6145664335664337,
    0.6145953520164041
  ],
  "spearman_r_best": 0.3107142857142856,
  "spearman_p_best": 0.2596673973372179,
  "pearson_r_best": -0.35178044893593485,
  "pearson_p_best": 0.19850609157405383,
  "kendall_tau_best": 0.2571428571428572,
  "kendall_p_best": 0.20184282422518202,
  "bootstrap_ci_spearman_best": [
    -0.3297016274864375,
    0.8587020402547372
  ],
  "mean_val_acc1": 89.91295389892905,
  "std_val_acc1": 1.3016267800597432,
  "mean_ema_acc1": 52.69939131526105,
  "mean_best_val_acc1": 89.91310031793842,
  "per_arch": [
    {
      "arch_index": 0,
      "nas_quant_acc1": 10.0,
      "val_acc1": 92.65499497991968,
      "ema_acc1": 68.48456325301206,
      "best_val_acc1": 92.65499497991968,
      "best_ema_acc1": 68.48456325301206,
      "epochs_completed": 11,
      "nas_rank": 14,
      "val_rank": 0,
      "ema_rank": 0,
      "best_rank": 0
    },
    {
      "arch_index": 1,
      "nas_quant_acc1": 63.5,
      "val_acc1": 87.45528990963855,
      "ema_acc1": 45.33352158634538,
      "best_val_acc1": 87.45528990963855,
      "best_ema_acc1": 45.33352158634538,
      "epochs_completed": 11,
      "nas_rank": 13,
      "val_rank": 13,
      "ema_rank": 13,
      "best_rank": 13
    },
    {
      "arch_index": 2,
      "nas_quant_acc1": 68.25,
      "val_acc1": 87.38092996987953,
      "ema_acc1": 49.78837223895582,
      "best_val_acc1": 87.38092996987953,
      "best_ema_acc1": 49.78837223895582,
      "epochs_completed": 11,
      "nas_rank": 12,
      "val_rank": 14,
      "ema_rank": 12,
      "best_rank": 14
    },
    {
      "arch_index": 3,
      "nas_quant_acc1": 71.5,
      "val_acc1": 89.46159638554217,
      "ema_acc1": 53.638303212851405,
      "best_val_acc1": 89.46159638554217,
      "best_ema_acc1": 53.638303212851405,
      "epochs_completed": 11,
      "nas_rank": 11,
      "val_rank": 11,
      "ema_rank": 8,
      "best_rank": 11
    },
    {
      "arch_index": 4,
      "nas_quant_acc1": 74.0,
      "val_acc1": 89.00963227911646,
      "ema_acc1": 57.12694528112449,
      "best_val_acc1": 89.00963227911646,
      "best_ema_acc1": 57.12694528112449,
      "epochs_completed": 11,
      "nas_rank": 10,
      "val_rank": 12,
      "ema_rank": 2,
      "best_rank": 12
    },
    {
      "arch_index": 5,
      "nas_quant_acc1": 75.5,
      "val_acc1": 90.76587600401606,
      "ema_acc1": 57.73186495983936,
      "best_val_acc1": 90.76587600401606,
      "best_ema_acc1": 57.73186495983936,
      "epochs_completed": 11,
      "nas_rank": 9,
      "val_rank": 2,
      "ema_rank": 1,
      "best_rank": 2
    },
    {
      "arch_index": 6,
      "nas_quant_acc1": 76.5,
      "val_acc1": 90.22166792168674,
      "ema_acc1": 52.99871360441767,
      "best_val_acc1": 90.22166792168674,
      "best_ema_acc1": 52.99871360441767,
      "epochs_completed": 11,
      "nas_rank": 8,
      "val_rank": 6,
      "ema_rank": 9,
      "best_rank": 6
    },
    {
      "arch_index": 7,
      "nas_quant_acc1": 77.25,
      "val_acc1": 89.75291792168674,
      "ema_acc1": 55.042984437751,
      "best_val_acc1": 89.75511420682732,
      "best_ema_acc1": 55.042984437751,
      "epochs_completed": 11,
      "nas_rank": 7,
      "val_rank": 10,
      "ema_rank": 5,
      "best_rank": 10
    },
    {
      "arch_index": 8,
      "nas_quant_acc1": 78.0,
      "val_acc1": 89.85002510040161,
      "ema_acc1": 52.87007404618474,
      "best_val_acc1": 89.85002510040161,
      "best_ema_acc1": 52.87007404618474,
      "epochs_completed": 11,
      "nas_rank": 6,
      "val_rank": 8,
      "ema_rank": 10,
      "best_rank": 8
    },
    {
      "arch_index": 9,
      "nas_quant_acc1": 78.5,
      "val_acc1": 90.8640813253012,
      "ema_acc1": 25.16864332329317,
      "best_val_acc1": 90.8640813253012,
      "best_ema_acc1": 25.16864332329317,
      "epochs_completed": 11,
      "nas_rank": 5,
      "val_rank": 1,
      "ema_rank": 14,
      "best_rank": 1
    },
    {
      "arch_index": 10,
      "nas_quant_acc1": 79.0,
      "val_acc1": 90.38607555220884,
      "ema_acc1": 54.22047565261044,
      "best_val_acc1": 90.38607555220884,
      "best_ema_acc1": 54.22047565261044,
      "epochs_completed": 11,
      "nas_rank": 4,
      "val_rank": 5,
      "ema_rank": 7,
      "best_rank": 5
    },
    {
      "arch_index": 11,
      "nas_quant_acc1": 79.75,
      "val_acc1": 90.42623619477912,
      "ema_acc1": 56.62179969879518,
      "best_val_acc1": 90.42623619477912,
      "best_ema_acc1": 56.62179969879518,
      "epochs_completed": 11,
      "nas_rank": 3,
      "val_rank": 4,
      "ema_rank": 3,
      "best_rank": 4
    },
    {
      "arch_index": 12,
      "nas_quant_acc1": 80.25,
      "val_acc1": 90.07090863453816,
      "ema_acc1": 54.34362449799197,
      "best_val_acc1": 90.07090863453816,
      "best_ema_acc1": 54.34362449799197,
      "epochs_completed": 11,
      "nas_rank": 2,
      "val_rank": 7,
      "ema_rank": 6,
      "best_rank": 7
    },
    {
      "arch_index": 13,
      "nas_quant_acc1": 81.25,
      "val_acc1": 89.81049196787149,
      "ema_acc1": 51.95641942771085,
      "best_val_acc1": 89.81049196787149,
      "best_ema_acc1": 51.95641942771085,
      "epochs_completed": 11,
      "nas_rank": 1,
      "val_rank": 9,
      "ema_rank": 11,
      "best_rank": 9
    },
    {
      "arch_index": 14,
      "nas_quant_acc1": 85.5,
      "val_acc1": 90.5835843373494,
      "ema_acc1": 55.164564508032136,
      "best_val_acc1": 90.5835843373494,
      "best_ema_acc1": 55.164564508032136,
      "epochs_completed": 11,
      "nas_rank": 0,
      "val_rank": 3,
      "ema_rank": 4,
      "best_rank": 3
    }
  ],
  "timestamp": "2026-06-03T13:47:28.178802"
}