{
  "cycle": 94,
  "completed_arch_indices": [
    0,
    1,
    2,
    3,
    4,
    5,
    6,
    7,
    8,
    9,
    10,
    11,
    12,
    13,
    14
  ],
  "cycle_val_results": {
    "0": [
      90.33995356425703,
      89.55493850401606,
      95.42419678714859,
      92.39081325301206
    ],
    "1": [
      87.67115336345381,
      90.36223017068274,
      91.75169427710844,
      90.40835215863453
    ],
    "2": [
      88.507781124498,
      91.00134914658635,
      92.37669427710844,
      91.00134914658635
    ],
    "3": [
      88.42369477911646,
      92.27362575301206,
      93.33537274096385,
      92.27362575301206
    ],
    "4": [
      88.91629016064257,
      91.83091741967873,
      92.96969126506023,
      91.83091741967873
    ],
    "5": [
      89.68671561244979,
      92.54706325301206,
      93.79110190763052,
      92.54706325301206
    ],
    "6": [
      90.12675702811245,
      92.6832329317269,
      93.76019703815261,
      92.6832329317269
    ],
    "7": [
      89.92924824297188,
      92.55302459839358,
      93.83502761044177,
      92.55302459839358
    ],
    "8": [
      89.20008157630521,
      92.53184613453816,
      93.56159011044177,
      92.56494728915662
    ],
    "9": [
      87.75257279116467,
      91.98873619477912,
      94.00649472891565,
      91.98873619477912
    ],
    "10": [
      90.9351468373494,
      92.2535454317269,
      93.58982806224898,
      92.27958709839358
    ],
    "11": [
      89.84296561244979,
      92.7613579317269,
      93.72709588353413,
      92.7613579317269
    ],
    "12": [
      90.15279869477912,
      92.69735190763052,
      93.48456325301206,
      92.69735190763052
    ],
    "13": [
      89.75731049196787,
      92.53890562248995,
      93.64787274096385,
      92.55192645582329
    ],
    "14": [
      90.18370356425703,
      92.99683107429719,
      94.20290537148594,
      92.99683107429719
    ]
  }
}