{
  "cycle": 94,
  "n_archs": 15,
  "spearman_r": 0.4071428571428571,
  "spearman_p": 0.13201266377985377,
  "pearson_r": -0.045852743239962114,
  "pearson_p": 0.8710976169531897,
  "kendall_tau": 0.33333333333333337,
  "kendall_p": 0.09264256691158146,
  "bootstrap_ci_spearman": [
    -0.18172965696051052,
    0.8834244080145719
  ],
  "spearman_r_ema": 0.7499999999999999,
  "spearman_p_ema": 0.001280898450935536,
  "pearson_r_ema": 0.857008441112268,
  "pearson_p_ema": 4.471747883512827e-05,
  "kendall_tau_ema": 0.6000000000000001,
  "kendall_p_ema": 0.0012858607977242237,
  "bootstrap_ci_spearman_ema": [
    0.27868101843511683,
    0.9601467293026182
  ],
  "spearman_r_best": 0.2928571428571428,
  "spearman_p_best": 0.289471667212401,
  "pearson_r_best": -0.390796955057923,
  "pearson_p_best": 0.149791230475398,
  "kendall_tau_best": 0.2571428571428572,
  "kendall_p_best": 0.20184282422518202,
  "bootstrap_ci_spearman_best": [
    -0.36220317209348285,
    0.8618244514106583
  ],
  "mean_val_acc1": 89.42841156291836,
  "std_val_acc1": 0.9764896367537849,
  "mean_ema_acc1": 92.03833040495314,
  "mean_best_val_acc1": 93.56428840361444,
  "per_arch": [
    {
      "arch_index": 0,
      "nas_quant_acc1": 10.0,
      "val_acc1": 90.33995356425703,
      "ema_acc1": 89.55493850401606,
      "best_val_acc1": 95.42419678714859,
      "best_ema_acc1": 92.39081325301206,
      "epochs_completed": 95,
      "nas_rank": 14,
      "val_rank": 1,
      "ema_rank": 14,
      "best_rank": 0
    },
    {
      "arch_index": 1,
      "nas_quant_acc1": 63.5,
      "val_acc1": 87.67115336345381,
      "ema_acc1": 90.36223017068274,
      "best_val_acc1": 91.75169427710844,
      "best_ema_acc1": 90.40835215863453,
      "epochs_completed": 95,
      "nas_rank": 13,
      "val_rank": 14,
      "ema_rank": 13,
      "best_rank": 14
    },
    {
      "arch_index": 2,
      "nas_quant_acc1": 68.25,
      "val_acc1": 88.507781124498,
      "ema_acc1": 91.00134914658635,
      "best_val_acc1": 92.37669427710844,
      "best_ema_acc1": 91.00134914658635,
      "epochs_completed": 95,
      "nas_rank": 12,
      "val_rank": 11,
      "ema_rank": 12,
      "best_rank": 13
    },
    {
      "arch_index": 3,
      "nas_quant_acc1": 71.5,
      "val_acc1": 88.42369477911646,
      "ema_acc1": 92.27362575301206,
      "best_val_acc1": 93.33537274096385,
      "best_ema_acc1": 92.27362575301206,
      "epochs_completed": 95,
      "nas_rank": 11,
      "val_rank": 12,
      "ema_rank": 8,
      "best_rank": 11
    },
    {
      "arch_index": 4,
      "nas_quant_acc1": 74.0,
      "val_acc1": 88.91629016064257,
      "ema_acc1": 91.83091741967873,
      "best_val_acc1": 92.96969126506023,
      "best_ema_acc1": 91.83091741967873,
      "epochs_completed": 95,
      "nas_rank": 10,
      "val_rank": 10,
      "ema_rank": 11,
      "best_rank": 12
    },
    {
      "arch_index": 5,
      "nas_quant_acc1": 75.5,
      "val_acc1": 89.68671561244979,
      "ema_acc1": 92.54706325301206,
      "best_val_acc1": 93.79110190763052,
      "best_ema_acc1": 92.54706325301206,
      "epochs_completed": 95,
      "nas_rank": 9,
      "val_rank": 8,
      "ema_rank": 5,
      "best_rank": 4
    },
    {
      "arch_index": 6,
      "nas_quant_acc1": 76.5,
      "val_acc1": 90.12675702811245,
      "ema_acc1": 92.6832329317269,
      "best_val_acc1": 93.76019703815261,
      "best_ema_acc1": 92.6832329317269,
      "epochs_completed": 95,
      "nas_rank": 8,
      "val_rank": 4,
      "ema_rank": 3,
      "best_rank": 5
    },
    {
      "arch_index": 7,
      "nas_quant_acc1": 77.25,
      "val_acc1": 89.92924824297188,
      "ema_acc1": 92.55302459839358,
      "best_val_acc1": 93.83502761044177,
      "best_ema_acc1": 92.55302459839358,
      "epochs_completed": 95,
      "nas_rank": 7,
      "val_rank": 5,
      "ema_rank": 4,
      "best_rank": 3
    },
    {
      "arch_index": 8,
      "nas_quant_acc1": 78.0,
      "val_acc1": 89.20008157630521,
      "ema_acc1": 92.53184613453816,
      "best_val_acc1": 93.56159011044177,
      "best_ema_acc1": 92.56494728915662,
      "epochs_completed": 95,
      "nas_rank": 6,
      "val_rank": 9,
      "ema_rank": 7,
      "best_rank": 9
    },
    {
      "arch_index": 9,
      "nas_quant_acc1": 78.5,
      "val_acc1": 87.75257279116467,
      "ema_acc1": 91.98873619477912,
      "best_val_acc1": 94.00649472891565,
      "best_ema_acc1": 91.98873619477912,
      "epochs_completed": 95,
      "nas_rank": 5,
      "val_rank": 13,
      "ema_rank": 10,
      "best_rank": 2
    },
    {
      "arch_index": 10,
      "nas_quant_acc1": 79.0,
      "val_acc1": 90.9351468373494,
      "ema_acc1": 92.2535454317269,
      "best_val_acc1": 93.58982806224898,
      "best_ema_acc1": 92.27958709839358,
      "epochs_completed": 95,
      "nas_rank": 4,
      "val_rank": 0,
      "ema_rank": 9,
      "best_rank": 8
    },
    {
      "arch_index": 11,
      "nas_quant_acc1": 79.75,
      "val_acc1": 89.84296561244979,
      "ema_acc1": 92.7613579317269,
      "best_val_acc1": 93.72709588353413,
      "best_ema_acc1": 92.7613579317269,
      "epochs_completed": 95,
      "nas_rank": 3,
      "val_rank": 6,
      "ema_rank": 1,
      "best_rank": 6
    },
    {
      "arch_index": 12,
      "nas_quant_acc1": 80.25,
      "val_acc1": 90.15279869477912,
      "ema_acc1": 92.69735190763052,
      "best_val_acc1": 93.48456325301206,
      "best_ema_acc1": 92.69735190763052,
      "epochs_completed": 95,
      "nas_rank": 2,
      "val_rank": 3,
      "ema_rank": 2,
      "best_rank": 10
    },
    {
      "arch_index": 13,
      "nas_quant_acc1": 81.25,
      "val_acc1": 89.75731049196787,
      "ema_acc1": 92.53890562248995,
      "best_val_acc1": 93.64787274096385,
      "best_ema_acc1": 92.55192645582329,
      "epochs_completed": 95,
      "nas_rank": 1,
      "val_rank": 7,
      "ema_rank": 6,
      "best_rank": 7
    },
    {
      "arch_index": 14,
      "nas_quant_acc1": 85.5,
      "val_acc1": 90.18370356425703,
      "ema_acc1": 92.99683107429719,
      "best_val_acc1": 94.20290537148594,
      "best_ema_acc1": 92.99683107429719,
      "epochs_completed": 95,
      "nas_rank": 0,
      "val_rank": 2,
      "ema_rank": 0,
      "best_rank": 1
    }
  ],
  "timestamp": "2026-06-03T23:59:08.743367"
}