{
  "cycle": 140,
  "completed_arch_indices": [
    0,
    1,
    2,
    3,
    4,
    5,
    6,
    7,
    8,
    9,
    10,
    11,
    12,
    13,
    14
  ],
  "cycle_val_results": {
    "0": [
      95.63033383534136,
      94.33530998995984,
      95.79583960843372,
      94.33530998995984
    ],
    "1": [
      92.46187876506023,
      92.01101280120481,
      92.46187876506023,
      92.01101280120481
    ],
    "2": [
      92.25731049196787,
      92.66911395582329,
      92.76998619477912,
      92.66911395582329
    ],
    "3": [
      93.72113453815261,
      93.77431601405623,
      93.73415537148594,
      93.77431601405623
    ],
    "4": [
      93.21928338353413,
      93.20516440763052,
      93.37223895582329,
      93.20516440763052
    ],
    "5": [
      94.20180722891565,
      94.3000125502008,
      94.22784889558233,
      94.3000125502008
    ],
    "6": [
      94.07269703815261,
      94.12478037148594,
      94.11772088353413,
      94.12478037148594
    ],
    "7": [
      94.08728664658635,
      93.86703062248995,
      94.08728664658635,
      93.86703062248995
    ],
    "8": [
      94.0504204317269,
      93.86922690763052,
      94.0504204317269,
      93.86922690763052
    ],
    "9": [
      94.4253576807229,
      94.44324171686748,
      94.4253576807229,
      94.44324171686748
    ],
    "10": [
      94.03849774096385,
      93.79596511044177,
      94.21263177710844,
      93.79596511044177
    ],
    "11": [
      94.04069402610442,
      94.04445908634538,
      94.0894829317269,
      94.04445908634538
    ],
    "12": [
      93.58386671686748,
      93.99237575301206,
      93.97339357429719,
      93.99237575301206
    ],
    "13": [
      93.75690261044177,
      93.83722389558233,
      93.97449171686748,
      93.84538152610442
    ],
    "14": [
      94.36731300200803,
      94.37703940763052,
      94.36731300200803,
      94.37703940763052
    ]
  }
}