{
  "cycle": 140,
  "n_archs": 15,
  "spearman_r": 0.1857142857142857,
  "spearman_p": 0.5075409629336737,
  "pearson_r": -0.38861688802255384,
  "pearson_p": 0.1522776693532207,
  "kendall_tau": 0.10476190476190476,
  "kendall_p": 0.6264945175158468,
  "bootstrap_ci_spearman": [
    -0.5270086338242763,
    0.7696559388686491
  ],
  "spearman_r_ema": 0.37499999999999994,
  "spearman_p_ema": 0.16843274984674558,
  "pearson_r_ema": 0.028399087293065062,
  "pearson_p_ema": 0.9199741013386415,
  "kendall_tau_ema": 0.2761904761904762,
  "kendall_p_ema": 0.16857787367749338,
  "bootstrap_ci_spearman_ema": [
    -0.269157114624506,
    0.8519922268839236
  ],
  "spearman_r_best": 0.2714285714285714,
  "spearman_p_best": 0.3277893068411727,
  "pearson_r_best": -0.4378049545596794,
  "pearson_p_best": 0.10265138521655313,
  "kendall_tau_best": 0.20000000000000004,
  "kendall_p_best": 0.3282335876694342,
  "bootstrap_ci_spearman_best": [
    -0.3804347826086958,
    0.8411741479082606
  ],
  "mean_val_acc1": 93.8609856091031,
  "std_val_acc1": 0.80470060807415,
  "mean_ema_acc1": 93.77641817269075,
  "mean_best_val_acc1": 93.97733642904954,
  "per_arch": [
    {
      "arch_index": 0,
      "nas_quant_acc1": 10.0,
      "val_acc1": 95.63033383534136,
      "ema_acc1": 94.33530998995984,
      "best_val_acc1": 95.79583960843372,
      "best_ema_acc1": 94.33530998995984,
      "epochs_completed": 141,
      "nas_rank": 14,
      "val_rank": 0,
      "ema_rank": 2,
      "best_rank": 0
    },
    {
      "arch_index": 1,
      "nas_quant_acc1": 63.5,
      "val_acc1": 92.46187876506023,
      "ema_acc1": 92.01101280120481,
      "best_val_acc1": 92.46187876506023,
      "best_ema_acc1": 92.01101280120481,
      "epochs_completed": 141,
      "nas_rank": 13,
      "val_rank": 13,
      "ema_rank": 14,
      "best_rank": 14
    },
    {
      "arch_index": 2,
      "nas_quant_acc1": 68.25,
      "val_acc1": 92.25731049196787,
      "ema_acc1": 92.66911395582329,
      "best_val_acc1": 92.76998619477912,
      "best_ema_acc1": 92.66911395582329,
      "epochs_completed": 141,
      "nas_rank": 12,
      "val_rank": 14,
      "ema_rank": 13,
      "best_rank": 13
    },
    {
      "arch_index": 3,
      "nas_quant_acc1": 71.5,
      "val_acc1": 93.72113453815261,
      "ema_acc1": 93.77431601405623,
      "best_val_acc1": 93.73415537148594,
      "best_ema_acc1": 93.77431601405623,
      "epochs_completed": 141,
      "nas_rank": 11,
      "val_rank": 10,
      "ema_rank": 11,
      "best_rank": 11
    },
    {
      "arch_index": 4,
      "nas_quant_acc1": 74.0,
      "val_acc1": 93.21928338353413,
      "ema_acc1": 93.20516440763052,
      "best_val_acc1": 93.37223895582329,
      "best_ema_acc1": 93.20516440763052,
      "epochs_completed": 141,
      "nas_rank": 10,
      "val_rank": 12,
      "ema_rank": 12,
      "best_rank": 12
    },
    {
      "arch_index": 5,
      "nas_quant_acc1": 75.5,
      "val_acc1": 94.20180722891565,
      "ema_acc1": 94.3000125502008,
      "best_val_acc1": 94.22784889558233,
      "best_ema_acc1": 94.3000125502008,
      "epochs_completed": 141,
      "nas_rank": 9,
      "val_rank": 3,
      "ema_rank": 3,
      "best_rank": 3
    },
    {
      "arch_index": 6,
      "nas_quant_acc1": 76.5,
      "val_acc1": 94.07269703815261,
      "ema_acc1": 94.12478037148594,
      "best_val_acc1": 94.11772088353413,
      "best_ema_acc1": 94.12478037148594,
      "epochs_completed": 141,
      "nas_rank": 8,
      "val_rank": 5,
      "ema_rank": 4,
      "best_rank": 5
    },
    {
      "arch_index": 7,
      "nas_quant_acc1": 77.25,
      "val_acc1": 94.08728664658635,
      "ema_acc1": 93.86703062248995,
      "best_val_acc1": 94.08728664658635,
      "best_ema_acc1": 93.86703062248995,
      "epochs_completed": 141,
      "nas_rank": 7,
      "val_rank": 4,
      "ema_rank": 8,
      "best_rank": 7
    },
    {
      "arch_index": 8,
      "nas_quant_acc1": 78.0,
      "val_acc1": 94.0504204317269,
      "ema_acc1": 93.86922690763052,
      "best_val_acc1": 94.0504204317269,
      "best_ema_acc1": 93.86922690763052,
      "epochs_completed": 141,
      "nas_rank": 6,
      "val_rank": 6,
      "ema_rank": 7,
      "best_rank": 8
    },
    {
      "arch_index": 9,
      "nas_quant_acc1": 78.5,
      "val_acc1": 94.4253576807229,
      "ema_acc1": 94.44324171686748,
      "best_val_acc1": 94.4253576807229,
      "best_ema_acc1": 94.44324171686748,
      "epochs_completed": 141,
      "nas_rank": 5,
      "val_rank": 1,
      "ema_rank": 0,
      "best_rank": 1
    },
    {
      "arch_index": 10,
      "nas_quant_acc1": 79.0,
      "val_acc1": 94.03849774096385,
      "ema_acc1": 93.79596511044177,
      "best_val_acc1": 94.21263177710844,
      "best_ema_acc1": 93.79596511044177,
      "epochs_completed": 141,
      "nas_rank": 4,
      "val_rank": 8,
      "ema_rank": 10,
      "best_rank": 4
    },
    {
      "arch_index": 11,
      "nas_quant_acc1": 79.75,
      "val_acc1": 94.04069402610442,
      "ema_acc1": 94.04445908634538,
      "best_val_acc1": 94.0894829317269,
      "best_ema_acc1": 94.04445908634538,
      "epochs_completed": 141,
      "nas_rank": 3,
      "val_rank": 7,
      "ema_rank": 5,
      "best_rank": 6
    },
    {
      "arch_index": 12,
      "nas_quant_acc1": 80.25,
      "val_acc1": 93.58386671686748,
      "ema_acc1": 93.99237575301206,
      "best_val_acc1": 93.97339357429719,
      "best_ema_acc1": 93.99237575301206,
      "epochs_completed": 141,
      "nas_rank": 2,
      "val_rank": 11,
      "ema_rank": 6,
      "best_rank": 10
    },
    {
      "arch_index": 13,
      "nas_quant_acc1": 81.25,
      "val_acc1": 93.75690261044177,
      "ema_acc1": 93.83722389558233,
      "best_val_acc1": 93.97449171686748,
      "best_ema_acc1": 93.84538152610442,
      "epochs_completed": 141,
      "nas_rank": 1,
      "val_rank": 9,
      "ema_rank": 9,
      "best_rank": 9
    },
    {
      "arch_index": 14,
      "nas_quant_acc1": 85.5,
      "val_acc1": 94.36731300200803,
      "ema_acc1": 94.37703940763052,
      "best_val_acc1": 94.36731300200803,
      "best_ema_acc1": 94.37703940763052,
      "epochs_completed": 141,
      "nas_rank": 0,
      "val_rank": 2,
      "ema_rank": 1,
      "best_rank": 2
    }
  ],
  "timestamp": "2026-06-04T08:31:11.857217"
}