{
  "cycle": 21,
  "completed_arch_indices": [
    0,
    1,
    2,
    3,
    4,
    5,
    6,
    7,
    8,
    9,
    10,
    11,
    12,
    13,
    14
  ],
  "cycle_val_results": {
    "0": [
      89.82241465863453,
      86.76628388554217,
      94.26800953815261,
      86.76628388554217
    ],
    "1": [
      85.9605609939759,
      76.8066014056225,
      89.53376004016064,
      76.8066014056225
    ],
    "2": [
      85.68492720883533,
      79.50803212851406,
      89.44261420682732,
      79.50803212851406
    ],
    "3": [
      85.06479041164658,
      82.64558232931726,
      90.76587600401606,
      82.64558232931726
    ],
    "4": [
      86.71576932730925,
      83.02428463855422,
      91.03445030120481,
      83.02428463855422
    ],
    "5": [
      87.59522464859438,
      84.85269201807229,
      92.13525978915662,
      84.85269201807229
    ],
    "6": [
      88.40032003012047,
      83.86687374497993,
      91.99909011044177,
      83.86687374497993
    ],
    "7": [
      87.21762048192771,
      83.45397213855422,
      91.94967369477912,
      83.45397213855422
    ],
    "8": [
      87.38249874497993,
      82.68950803212851,
      91.49614081325302,
      82.68950803212851
    ],
    "9": [
      88.20014432730925,
      50.506714357429715,
      92.41795306224898,
      50.506714357429715
    ],
    "10": [
      87.63758157630521,
      83.96884412650601,
      91.99203062248995,
      83.96884412650601
    ],
    "11": [
      88.33960843373494,
      84.13874246987953,
      92.2074234437751,
      84.13874246987953
    ],
    "12": [
      88.1871234939759,
      83.56739457831326,
      91.60846511044177,
      83.56739457831326
    ],
    "13": [
      87.6722515060241,
      82.84465988955823,
      91.70886671686748,
      82.84465988955823
    ],
    "14": [
      88.66999246987953,
      85.44082580321286,
      92.12553338353413,
      85.44082580321286
    ]
  }
}