{
  "cycle": 9,
  "completed_arch_indices": [
    0,
    1,
    2,
    3,
    4,
    5,
    6,
    7,
    8,
    9,
    10,
    11,
    12,
    13,
    14
  ],
  "cycle_val_results": {
    "0": [
      92.3023343373494,
      64.4132781124498,
      92.3023343373494,
      64.4132781124498
    ],
    "1": [
      87.40320657630521,
      41.42774221887551,
      87.40320657630521,
      41.42774221887551
    ],
    "2": [
      87.20083458835342,
      45.042200050200805,
      87.20083458835342,
      45.042200050200805
    ],
    "3": [
      88.88271837349399,
      48.197634287148595,
      88.88271837349399,
      48.197634287148595
    ],
    "4": [
      88.65697163654619,
      52.614049949799195,
      88.65697163654619,
      52.614049949799195
    ],
    "5": [
      90.6155873493976,
      52.643856676706825,
      90.6155873493976,
      52.643856676706825
    ],
    "6": [
      90.09851907630521,
      47.75822038152611,
      90.09851907630521,
      47.75822038152611
    ],
    "7": [
      89.75511420682732,
      50.02117846385542,
      89.75511420682732,
      50.02117846385542
    ],
    "8": [
      89.73989708835342,
      48.836282630522085,
      89.73989708835342,
      48.836282630522085
    ],
    "9": [
      90.7078313253012,
      24.138899347389557,
      90.7078313253012,
      24.138899347389557
    ],
    "10": [
      90.17178087349399,
      49.998901857429715,
      90.17178087349399,
      49.998901857429715
    ],
    "11": [
      90.40129267068274,
      51.54900853413655,
      90.40129267068274,
      51.54900853413655
    ],
    "12": [
      89.8484563253012,
      50.065104166666664,
      89.8484563253012,
      50.065104166666664
    ],
    "13": [
      89.58803965863453,
      47.386577560240966,
      89.58803965863453,
      47.386577560240966
    ],
    "14": [
      90.4593373493976,
      49.82100276104418,
      90.4593373493976,
      49.82100276104418
    ]
  }
}