{
  "cycle": 9,
  "n_archs": 15,
  "spearman_r": 0.28571428571428564,
  "spearman_p": 0.3019363513225493,
  "pearson_r": -0.31641432753778603,
  "pearson_p": 0.2505634949816707,
  "kendall_tau": 0.21904761904761905,
  "kendall_p": 0.2815660702955676,
  "bootstrap_ci_spearman": [
    -0.369820396100483,
    0.8339506131875132
  ],
  "spearman_r_ema": -0.03214285714285714,
  "spearman_p_ema": 0.9094621170945906,
  "pearson_r_ema": -0.47397098869042675,
  "pearson_p_ema": 0.07428490996313816,
  "kendall_tau_ema": -0.009523809523809525,
  "kendall_p_ema": 1.0,
  "bootstrap_ci_spearman_ema": [
    -0.6197532503344807,
    0.602207238662415
  ],
  "spearman_r_best": 0.28571428571428564,
  "spearman_p_best": 0.3019363513225493,
  "pearson_r_best": -0.31641432753778603,
  "pearson_p_best": 0.2505634949816707,
  "kendall_tau_best": 0.21904761904761905,
  "kendall_p_best": 0.2815660702955676,
  "bootstrap_ci_spearman_best": [
    -0.3565159905373976,
    0.8354661791590494
  ],
  "mean_val_acc1": 89.72212809571619,
  "std_val_acc1": 1.2924166626215523,
  "mean_ema_acc1": 48.26092913319947,
  "mean_best_val_acc1": 89.72212809571619,
  "per_arch": [
    {
      "arch_index": 0,
      "nas_quant_acc1": 10.0,
      "val_acc1": 92.3023343373494,
      "ema_acc1": 64.4132781124498,
      "best_val_acc1": 92.3023343373494,
      "best_ema_acc1": 64.4132781124498,
      "epochs_completed": 10,
      "nas_rank": 14,
      "val_rank": 0,
      "ema_rank": 0,
      "best_rank": 0
    },
    {
      "arch_index": 1,
      "nas_quant_acc1": 63.5,
      "val_acc1": 87.40320657630521,
      "ema_acc1": 41.42774221887551,
      "best_val_acc1": 87.40320657630521,
      "best_ema_acc1": 41.42774221887551,
      "epochs_completed": 10,
      "nas_rank": 13,
      "val_rank": 13,
      "ema_rank": 13,
      "best_rank": 13
    },
    {
      "arch_index": 2,
      "nas_quant_acc1": 68.25,
      "val_acc1": 87.20083458835342,
      "ema_acc1": 45.042200050200805,
      "best_val_acc1": 87.20083458835342,
      "best_ema_acc1": 45.042200050200805,
      "epochs_completed": 10,
      "nas_rank": 12,
      "val_rank": 14,
      "ema_rank": 12,
      "best_rank": 14
    },
    {
      "arch_index": 3,
      "nas_quant_acc1": 71.5,
      "val_acc1": 88.88271837349399,
      "ema_acc1": 48.197634287148595,
      "best_val_acc1": 88.88271837349399,
      "best_ema_acc1": 48.197634287148595,
      "epochs_completed": 10,
      "nas_rank": 11,
      "val_rank": 11,
      "ema_rank": 9,
      "best_rank": 11
    },
    {
      "arch_index": 4,
      "nas_quant_acc1": 74.0,
      "val_acc1": 88.65697163654619,
      "ema_acc1": 52.614049949799195,
      "best_val_acc1": 88.65697163654619,
      "best_ema_acc1": 52.614049949799195,
      "epochs_completed": 10,
      "nas_rank": 10,
      "val_rank": 12,
      "ema_rank": 2,
      "best_rank": 12
    },
    {
      "arch_index": 5,
      "nas_quant_acc1": 75.5,
      "val_acc1": 90.6155873493976,
      "ema_acc1": 52.643856676706825,
      "best_val_acc1": 90.6155873493976,
      "best_ema_acc1": 52.643856676706825,
      "epochs_completed": 10,
      "nas_rank": 9,
      "val_rank": 2,
      "ema_rank": 1,
      "best_rank": 2
    },
    {
      "arch_index": 6,
      "nas_quant_acc1": 76.5,
      "val_acc1": 90.09851907630521,
      "ema_acc1": 47.75822038152611,
      "best_val_acc1": 90.09851907630521,
      "best_ema_acc1": 47.75822038152611,
      "epochs_completed": 10,
      "nas_rank": 8,
      "val_rank": 6,
      "ema_rank": 10,
      "best_rank": 6
    },
    {
      "arch_index": 7,
      "nas_quant_acc1": 77.25,
      "val_acc1": 89.75511420682732,
      "ema_acc1": 50.02117846385542,
      "best_val_acc1": 89.75511420682732,
      "best_ema_acc1": 50.02117846385542,
      "epochs_completed": 10,
      "nas_rank": 7,
      "val_rank": 8,
      "ema_rank": 5,
      "best_rank": 8
    },
    {
      "arch_index": 8,
      "nas_quant_acc1": 78.0,
      "val_acc1": 89.73989708835342,
      "ema_acc1": 48.836282630522085,
      "best_val_acc1": 89.73989708835342,
      "best_ema_acc1": 48.836282630522085,
      "epochs_completed": 10,
      "nas_rank": 6,
      "val_rank": 9,
      "ema_rank": 8,
      "best_rank": 9
    },
    {
      "arch_index": 9,
      "nas_quant_acc1": 78.5,
      "val_acc1": 90.7078313253012,
      "ema_acc1": 24.138899347389557,
      "best_val_acc1": 90.7078313253012,
      "best_ema_acc1": 24.138899347389557,
      "epochs_completed": 10,
      "nas_rank": 5,
      "val_rank": 1,
      "ema_rank": 14,
      "best_rank": 1
    },
    {
      "arch_index": 10,
      "nas_quant_acc1": 79.0,
      "val_acc1": 90.17178087349399,
      "ema_acc1": 49.998901857429715,
      "best_val_acc1": 90.17178087349399,
      "best_ema_acc1": 49.998901857429715,
      "epochs_completed": 10,
      "nas_rank": 4,
      "val_rank": 5,
      "ema_rank": 6,
      "best_rank": 5
    },
    {
      "arch_index": 11,
      "nas_quant_acc1": 79.75,
      "val_acc1": 90.40129267068274,
      "ema_acc1": 51.54900853413655,
      "best_val_acc1": 90.40129267068274,
      "best_ema_acc1": 51.54900853413655,
      "epochs_completed": 10,
      "nas_rank": 3,
      "val_rank": 4,
      "ema_rank": 3,
      "best_rank": 4
    },
    {
      "arch_index": 12,
      "nas_quant_acc1": 80.25,
      "val_acc1": 89.8484563253012,
      "ema_acc1": 50.065104166666664,
      "best_val_acc1": 89.8484563253012,
      "best_ema_acc1": 50.065104166666664,
      "epochs_completed": 10,
      "nas_rank": 2,
      "val_rank": 7,
      "ema_rank": 4,
      "best_rank": 7
    },
    {
      "arch_index": 13,
      "nas_quant_acc1": 81.25,
      "val_acc1": 89.58803965863453,
      "ema_acc1": 47.386577560240966,
      "best_val_acc1": 89.58803965863453,
      "best_ema_acc1": 47.386577560240966,
      "epochs_completed": 10,
      "nas_rank": 1,
      "val_rank": 10,
      "ema_rank": 11,
      "best_rank": 10
    },
    {
      "arch_index": 14,
      "nas_quant_acc1": 85.5,
      "val_acc1": 90.4593373493976,
      "ema_acc1": 49.82100276104418,
      "best_val_acc1": 90.4593373493976,
      "best_ema_acc1": 49.82100276104418,
      "epochs_completed": 10,
      "nas_rank": 0,
      "val_rank": 3,
      "ema_rank": 7,
      "best_rank": 3
    }
  ],
  "timestamp": "2026-06-03T13:42:46.280336"
}