{
  "cycle": 117,
  "completed_arch_indices": [
    0,
    1,
    2,
    3,
    4,
    5,
    6,
    7,
    8,
    9,
    10,
    11,
    12,
    13,
    14
  ],
  "cycle_val_results": {
    "0": [
      93.94625376506023,
      91.95516440763052,
      95.79583960843372,
      92.39081325301206
    ],
    "1": [
      90.10071536144578,
      91.39197414658635,
      92.26546812248995,
      91.39197414658635
    ],
    "2": [
      91.01593875502007,
      91.84174196787149,
      92.4585843373494,
      91.86778363453816
    ],
    "3": [
      92.41089357429719,
      92.94584588353413,
      93.49272088353413,
      92.94584588353413
    ],
    "4": [
      91.4890813253012,
      92.7542984437751,
      93.22414658634538,
      92.7542984437751
    ],
    "5": [
      92.9566704317269,
      93.55892319277109,
      93.8703250502008,
      93.56488453815261
    ],
    "6": [
      92.78630145582329,
      93.4015750502008,
      94.03363453815261,
      93.4015750502008
    ],
    "7": [
      92.8812123493976,
      93.4183609437751,
      93.83502761044177,
      93.4183609437751
    ],
    "8": [
      92.88450677710844,
      93.3863579317269,
      93.6207329317269,
      93.3863579317269
    ],
    "9": [
      92.95996485943776,
      93.5203313253012,
      94.33091741967873,
      93.5203313253012
    ],
    "10": [
      92.50847138554217,
      93.30227158634538,
      93.82420306224898,
      93.30227158634538
    ],
    "11": [
      92.6051079317269,
      93.66089357429719,
      94.0894829317269,
      93.66089357429719
    ],
    "12": [
      93.17096511044177,
      93.36141440763052,
      93.70481927710844,
      93.36141440763052
    ],
    "13": [
      92.47270331325302,
      93.40047690763052,
      93.96256902610442,
      93.40047690763052
    ],
    "14": [
      92.94741465863453,
      93.86922690763052,
      94.35209588353413,
      93.88224774096385
    ]
  }
}