{
  "cycle": 149,
  "completed_arch_indices": [
    0,
    1,
    2,
    3,
    4,
    5,
    6,
    7,
    8,
    9,
    10,
    11,
    12,
    13,
    14
  ],
  "cycle_val_results": {
    "0": [
      95.31893197791165,
      94.74601531124497,
      95.79583960843372,
      94.74601531124497
    ],
    "1": [
      92.1851468373494,
      92.31049196787149,
      92.46187876506023,
      92.31049196787149
    ],
    "2": [
      92.56761420682732,
      92.89046812248995,
      92.76998619477912,
      92.89046812248995
    ],
    "3": [
      93.42651857429719,
      93.93056601405623,
      93.73415537148594,
      93.93056601405623
    ],
    "4": [
      93.17316139558233,
      93.44659889558233,
      93.37223895582329,
      93.44659889558233
    ],
    "5": [
      93.86326556224898,
      94.45030120481927,
      94.22784889558233,
      94.45030120481927
    ],
    "6": [
      93.96743222891565,
      94.3862951807229,
      94.11772088353413,
      94.3862951807229
    ],
    "7": [
      93.46338478915662,
      94.0113579317269,
      94.08728664658635,
      94.0113579317269
    ],
    "8": [
      93.88114959839358,
      93.90232806224898,
      94.0504204317269,
      93.98045306224898
    ],
    "9": [
      94.13889934738955,
      94.57454819277109,
      94.4253576807229,
      94.57454819277109
    ],
    "10": [
      93.62779241967873,
      94.00539658634538,
      94.21263177710844,
      94.03143825301206
    ],
    "11": [
      93.92131024096385,
      94.16980421686748,
      94.0894829317269,
      94.16980421686748
    ],
    "12": [
      93.75203940763052,
      94.33797690763052,
      93.97339357429719,
      94.33797690763052
    ],
    "13": [
      93.66575677710844,
      94.07865838353413,
      93.97449171686748,
      94.07865838353413
    ],
    "14": [
      94.02547690763052,
      94.4953250502008,
      94.36731300200803,
      94.4953250502008
    ]
  }
}