{
  "cycle": 149,
  "n_archs": 15,
  "spearman_r": 0.34642857142857136,
  "spearman_p": 0.2058959920935512,
  "pearson_r": -0.4140177542648744,
  "pearson_p": 0.12498409078141555,
  "kendall_tau": 0.3142857142857143,
  "kendall_p": 0.11424717239544455,
  "bootstrap_ci_spearman": [
    -0.3103479397485373,
    0.8847235308703192
  ],
  "spearman_r_ema": 0.3214285714285714,
  "spearman_p_ema": 0.24271904680166836,
  "pearson_r_ema": -0.0650832137213938,
  "pearson_p_ema": 0.81774867167282,
  "kendall_tau_ema": 0.2761904761904762,
  "kendall_p_ema": 0.16857787367749338,
  "bootstrap_ci_spearman_ema": [
    -0.34664428974525413,
    0.8545505332656171
  ],
  "spearman_r_best": 0.2714285714285714,
  "spearman_p_best": 0.3277893068411727,
  "pearson_r_best": -0.4378049545596794,
  "pearson_p_best": 0.10265138521655313,
  "kendall_tau_best": 0.20000000000000004,
  "kendall_p_best": 0.3282335876694342,
  "bootstrap_ci_spearman_best": [
    -0.3804347826086958,
    0.8411741479082606
  ],
  "mean_val_acc1": 93.66519201807229,
  "std_val_acc1": 0.7109256438610384,
  "mean_ema_acc1": 93.98240880187417,
  "mean_best_val_acc1": 93.97733642904954,
  "per_arch": [
    {
      "arch_index": 0,
      "nas_quant_acc1": 10.0,
      "val_acc1": 95.31893197791165,
      "ema_acc1": 94.74601531124497,
      "best_val_acc1": 95.79583960843372,
      "best_ema_acc1": 94.74601531124497,
      "epochs_completed": 150,
      "nas_rank": 14,
      "val_rank": 0,
      "ema_rank": 0,
      "best_rank": 0
    },
    {
      "arch_index": 1,
      "nas_quant_acc1": 63.5,
      "val_acc1": 92.1851468373494,
      "ema_acc1": 92.31049196787149,
      "best_val_acc1": 92.46187876506023,
      "best_ema_acc1": 92.31049196787149,
      "epochs_completed": 150,
      "nas_rank": 13,
      "val_rank": 14,
      "ema_rank": 14,
      "best_rank": 14
    },
    {
      "arch_index": 2,
      "nas_quant_acc1": 68.25,
      "val_acc1": 92.56761420682732,
      "ema_acc1": 92.89046812248995,
      "best_val_acc1": 92.76998619477912,
      "best_ema_acc1": 92.89046812248995,
      "epochs_completed": 150,
      "nas_rank": 12,
      "val_rank": 13,
      "ema_rank": 13,
      "best_rank": 13
    },
    {
      "arch_index": 3,
      "nas_quant_acc1": 71.5,
      "val_acc1": 93.42651857429719,
      "ema_acc1": 93.93056601405623,
      "best_val_acc1": 93.73415537148594,
      "best_ema_acc1": 93.93056601405623,
      "epochs_completed": 150,
      "nas_rank": 11,
      "val_rank": 11,
      "ema_rank": 10,
      "best_rank": 11
    },
    {
      "arch_index": 4,
      "nas_quant_acc1": 74.0,
      "val_acc1": 93.17316139558233,
      "ema_acc1": 93.44659889558233,
      "best_val_acc1": 93.37223895582329,
      "best_ema_acc1": 93.44659889558233,
      "epochs_completed": 150,
      "nas_rank": 10,
      "val_rank": 12,
      "ema_rank": 12,
      "best_rank": 12
    },
    {
      "arch_index": 5,
      "nas_quant_acc1": 75.5,
      "val_acc1": 93.86326556224898,
      "ema_acc1": 94.45030120481927,
      "best_val_acc1": 94.22784889558233,
      "best_ema_acc1": 94.45030120481927,
      "epochs_completed": 150,
      "nas_rank": 9,
      "val_rank": 6,
      "ema_rank": 3,
      "best_rank": 3
    },
    {
      "arch_index": 6,
      "nas_quant_acc1": 76.5,
      "val_acc1": 93.96743222891565,
      "ema_acc1": 94.3862951807229,
      "best_val_acc1": 94.11772088353413,
      "best_ema_acc1": 94.3862951807229,
      "epochs_completed": 150,
      "nas_rank": 8,
      "val_rank": 3,
      "ema_rank": 4,
      "best_rank": 5
    },
    {
      "arch_index": 7,
      "nas_quant_acc1": 77.25,
      "val_acc1": 93.46338478915662,
      "ema_acc1": 94.0113579317269,
      "best_val_acc1": 94.08728664658635,
      "best_ema_acc1": 94.0113579317269,
      "epochs_completed": 150,
      "nas_rank": 7,
      "val_rank": 10,
      "ema_rank": 8,
      "best_rank": 7
    },
    {
      "arch_index": 8,
      "nas_quant_acc1": 78.0,
      "val_acc1": 93.88114959839358,
      "ema_acc1": 93.90232806224898,
      "best_val_acc1": 94.0504204317269,
      "best_ema_acc1": 93.98045306224898,
      "epochs_completed": 150,
      "nas_rank": 6,
      "val_rank": 5,
      "ema_rank": 11,
      "best_rank": 8
    },
    {
      "arch_index": 9,
      "nas_quant_acc1": 78.5,
      "val_acc1": 94.13889934738955,
      "ema_acc1": 94.57454819277109,
      "best_val_acc1": 94.4253576807229,
      "best_ema_acc1": 94.57454819277109,
      "epochs_completed": 150,
      "nas_rank": 5,
      "val_rank": 1,
      "ema_rank": 1,
      "best_rank": 1
    },
    {
      "arch_index": 10,
      "nas_quant_acc1": 79.0,
      "val_acc1": 93.62779241967873,
      "ema_acc1": 94.00539658634538,
      "best_val_acc1": 94.21263177710844,
      "best_ema_acc1": 94.03143825301206,
      "epochs_completed": 150,
      "nas_rank": 4,
      "val_rank": 9,
      "ema_rank": 9,
      "best_rank": 4
    },
    {
      "arch_index": 11,
      "nas_quant_acc1": 79.75,
      "val_acc1": 93.92131024096385,
      "ema_acc1": 94.16980421686748,
      "best_val_acc1": 94.0894829317269,
      "best_ema_acc1": 94.16980421686748,
      "epochs_completed": 150,
      "nas_rank": 3,
      "val_rank": 4,
      "ema_rank": 6,
      "best_rank": 6
    },
    {
      "arch_index": 12,
      "nas_quant_acc1": 80.25,
      "val_acc1": 93.75203940763052,
      "ema_acc1": 94.33797690763052,
      "best_val_acc1": 93.97339357429719,
      "best_ema_acc1": 94.33797690763052,
      "epochs_completed": 150,
      "nas_rank": 2,
      "val_rank": 7,
      "ema_rank": 5,
      "best_rank": 10
    },
    {
      "arch_index": 13,
      "nas_quant_acc1": 81.25,
      "val_acc1": 93.66575677710844,
      "ema_acc1": 94.07865838353413,
      "best_val_acc1": 93.97449171686748,
      "best_ema_acc1": 94.07865838353413,
      "epochs_completed": 150,
      "nas_rank": 1,
      "val_rank": 8,
      "ema_rank": 7,
      "best_rank": 9
    },
    {
      "arch_index": 14,
      "nas_quant_acc1": 85.5,
      "val_acc1": 94.02547690763052,
      "ema_acc1": 94.4953250502008,
      "best_val_acc1": 94.36731300200803,
      "best_ema_acc1": 94.4953250502008,
      "epochs_completed": 150,
      "nas_rank": 0,
      "val_rank": 2,
      "ema_rank": 2,
      "best_rank": 2
    }
  ],
  "timestamp": "2026-06-04T09:12:45.118094"
}