{
  "cycle": 56,
  "completed_arch_indices": [
    0,
    1,
    2,
    3,
    4,
    5,
    6,
    7,
    8,
    9,
    10,
    11,
    12,
    13,
    14
  ],
  "cycle_val_results": {
    "0": [
      92.0288968373494,
      91.87594126506023,
      95.06933985943776,
      92.39081325301206
    ],
    "1": [
      88.99284638554217,
      89.03896837349399,
      91.31494728915662,
      89.03896837349399
    ],
    "2": [
      88.99551330321286,
      89.59290286144578,
      91.62525100401606,
      89.59290286144578
    ],
    "3": [
      90.74909011044177,
      91.19070030120481,
      92.32241465863453,
      91.19070030120481
    ],
    "4": [
      91.4722954317269,
      90.75285517068274,
      92.29041164658635,
      90.75285517068274
    ],
    "5": [
      92.54925953815261,
      92.01101280120481,
      93.59092620481927,
      92.01101280120481
    ],
    "6": [
      91.86778363453816,
      91.62038780120481,
      93.5968875502008,
      91.62038780120481
    ],
    "7": [
      91.38052208835342,
      91.7945218373494,
      93.34400100401606,
      91.7945218373494
    ],
    "8": [
      91.47982555220884,
      91.55638177710844,
      92.9176079317269,
      91.55638177710844
    ],
    "9": [
      91.54822414658635,
      89.45940010040161,
      93.32941139558233,
      89.45940010040161
    ],
    "10": [
      91.10112324297188,
      91.3257718373494,
      93.28925075301206,
      91.41801581325302
    ],
    "11": [
      91.45598017068274,
      91.61332831325302,
      93.38855421686748,
      91.61332831325302
    ],
    "12": [
      91.44782254016064,
      91.5504204317269,
      93.01691139558233,
      91.5504204317269
    ],
    "13": [
      91.31275100401606,
      91.64642946787149,
      93.22414658634538,
      91.64642946787149
    ],
    "14": [
      92.26436997991968,
      91.8949234437751,
      93.56974774096385,
      91.94214357429719
    ]
  }
}