{
  "cycle": 56,
  "n_archs": 15,
  "spearman_r": 0.18214285714285713,
  "spearman_p": 0.5158816817070392,
  "pearson_r": 0.030630018528548332,
  "pearson_p": 0.9137083717849833,
  "kendall_tau": 0.12380952380952381,
  "kendall_p": 0.5589660721223221,
  "bootstrap_ci_spearman": [
    -0.496351026129271,
    0.7545126353790613
  ],
  "spearman_r_ema": 0.28928571428571426,
  "spearman_p_ema": 0.29566536100437785,
  "pearson_r_ema": 0.0027437763300807855,
  "pearson_p_ema": 0.992256972336459,
  "kendall_tau_ema": 0.23809523809523814,
  "kendall_p_ema": 0.23945881568583288,
  "bootstrap_ci_spearman_ema": [
    -0.3333636363636364,
    0.8155650474943358
  ],
  "spearman_r_best": 0.2178571428571428,
  "spearman_p_best": 0.43539267351553756,
  "pearson_r_best": -0.38077707330995003,
  "pearson_p_best": 0.16144668764321687,
  "kendall_tau_best": 0.18095238095238098,
  "kendall_p_best": 0.3794503959627968,
  "bootstrap_ci_spearman_best": [
    -0.4487051597051597,
    0.8254703557312252
  ],
  "mean_val_acc1": 91.24308693105755,
  "std_val_acc1": 1.015904858341345,
  "mean_ema_acc1": 91.12826305220884,
  "mean_best_val_acc1": 93.05932061579651,
  "per_arch": [
    {
      "arch_index": 0,
      "nas_quant_acc1": 10.0,
      "val_acc1": 92.0288968373494,
      "ema_acc1": 91.87594126506023,
      "best_val_acc1": 95.06933985943776,
      "best_ema_acc1": 92.39081325301206,
      "epochs_completed": 57,
      "nas_rank": 14,
      "val_rank": 2,
      "ema_rank": 2,
      "best_rank": 0
    },
    {
      "arch_index": 1,
      "nas_quant_acc1": 63.5,
      "val_acc1": 88.99284638554217,
      "ema_acc1": 89.03896837349399,
      "best_val_acc1": 91.31494728915662,
      "best_ema_acc1": 89.03896837349399,
      "epochs_completed": 57,
      "nas_rank": 13,
      "val_rank": 14,
      "ema_rank": 14,
      "best_rank": 14
    },
    {
      "arch_index": 2,
      "nas_quant_acc1": 68.25,
      "val_acc1": 88.99551330321286,
      "ema_acc1": 89.59290286144578,
      "best_val_acc1": 91.62525100401606,
      "best_ema_acc1": 89.59290286144578,
      "epochs_completed": 57,
      "nas_rank": 12,
      "val_rank": 13,
      "ema_rank": 12,
      "best_rank": 13
    },
    {
      "arch_index": 3,
      "nas_quant_acc1": 71.5,
      "val_acc1": 90.74909011044177,
      "ema_acc1": 91.19070030120481,
      "best_val_acc1": 92.32241465863453,
      "best_ema_acc1": 91.19070030120481,
      "epochs_completed": 57,
      "nas_rank": 11,
      "val_rank": 12,
      "ema_rank": 10,
      "best_rank": 11
    },
    {
      "arch_index": 4,
      "nas_quant_acc1": 74.0,
      "val_acc1": 91.4722954317269,
      "ema_acc1": 90.75285517068274,
      "best_val_acc1": 92.29041164658635,
      "best_ema_acc1": 90.75285517068274,
      "epochs_completed": 57,
      "nas_rank": 10,
      "val_rank": 6,
      "ema_rank": 11,
      "best_rank": 12
    },
    {
      "arch_index": 5,
      "nas_quant_acc1": 75.5,
      "val_acc1": 92.54925953815261,
      "ema_acc1": 92.01101280120481,
      "best_val_acc1": 93.59092620481927,
      "best_ema_acc1": 92.01101280120481,
      "epochs_completed": 57,
      "nas_rank": 9,
      "val_rank": 0,
      "ema_rank": 0,
      "best_rank": 2
    },
    {
      "arch_index": 6,
      "nas_quant_acc1": 76.5,
      "val_acc1": 91.86778363453816,
      "ema_acc1": 91.62038780120481,
      "best_val_acc1": 93.5968875502008,
      "best_ema_acc1": 91.62038780120481,
      "epochs_completed": 57,
      "nas_rank": 8,
      "val_rank": 3,
      "ema_rank": 5,
      "best_rank": 1
    },
    {
      "arch_index": 7,
      "nas_quant_acc1": 77.25,
      "val_acc1": 91.38052208835342,
      "ema_acc1": 91.7945218373494,
      "best_val_acc1": 93.34400100401606,
      "best_ema_acc1": 91.7945218373494,
      "epochs_completed": 57,
      "nas_rank": 7,
      "val_rank": 9,
      "ema_rank": 3,
      "best_rank": 5
    },
    {
      "arch_index": 8,
      "nas_quant_acc1": 78.0,
      "val_acc1": 91.47982555220884,
      "ema_acc1": 91.55638177710844,
      "best_val_acc1": 92.9176079317269,
      "best_ema_acc1": 91.55638177710844,
      "epochs_completed": 57,
      "nas_rank": 6,
      "val_rank": 5,
      "ema_rank": 7,
      "best_rank": 10
    },
    {
      "arch_index": 9,
      "nas_quant_acc1": 78.5,
      "val_acc1": 91.54822414658635,
      "ema_acc1": 89.45940010040161,
      "best_val_acc1": 93.32941139558233,
      "best_ema_acc1": 89.45940010040161,
      "epochs_completed": 57,
      "nas_rank": 5,
      "val_rank": 4,
      "ema_rank": 13,
      "best_rank": 6
    },
    {
      "arch_index": 10,
      "nas_quant_acc1": 79.0,
      "val_acc1": 91.10112324297188,
      "ema_acc1": 91.3257718373494,
      "best_val_acc1": 93.28925075301206,
      "best_ema_acc1": 91.41801581325302,
      "epochs_completed": 57,
      "nas_rank": 4,
      "val_rank": 11,
      "ema_rank": 9,
      "best_rank": 7
    },
    {
      "arch_index": 11,
      "nas_quant_acc1": 79.75,
      "val_acc1": 91.45598017068274,
      "ema_acc1": 91.61332831325302,
      "best_val_acc1": 93.38855421686748,
      "best_ema_acc1": 91.61332831325302,
      "epochs_completed": 57,
      "nas_rank": 3,
      "val_rank": 7,
      "ema_rank": 6,
      "best_rank": 4
    },
    {
      "arch_index": 12,
      "nas_quant_acc1": 80.25,
      "val_acc1": 91.44782254016064,
      "ema_acc1": 91.5504204317269,
      "best_val_acc1": 93.01691139558233,
      "best_ema_acc1": 91.5504204317269,
      "epochs_completed": 57,
      "nas_rank": 2,
      "val_rank": 8,
      "ema_rank": 8,
      "best_rank": 9
    },
    {
      "arch_index": 13,
      "nas_quant_acc1": 81.25,
      "val_acc1": 91.31275100401606,
      "ema_acc1": 91.64642946787149,
      "best_val_acc1": 93.22414658634538,
      "best_ema_acc1": 91.64642946787149,
      "epochs_completed": 57,
      "nas_rank": 1,
      "val_rank": 10,
      "ema_rank": 4,
      "best_rank": 8
    },
    {
      "arch_index": 14,
      "nas_quant_acc1": 85.5,
      "val_acc1": 92.26436997991968,
      "ema_acc1": 91.8949234437751,
      "best_val_acc1": 93.56974774096385,
      "best_ema_acc1": 91.94214357429719,
      "epochs_completed": 57,
      "nas_rank": 0,
      "val_rank": 1,
      "ema_rank": 1,
      "best_rank": 3
    }
  ],
  "timestamp": "2026-06-03T19:36:21.113802"
}