{
  "cycle": 72,
  "completed_arch_indices": [
    0,
    1,
    2,
    3,
    4,
    5,
    6,
    7,
    8,
    9,
    10,
    11,
    12,
    13,
    14
  ],
  "cycle_val_results": {
    "0": [
      90.12346260040161,
      90.13381651606427,
      95.23484563253012,
      92.39081325301206
    ],
    "1": [
      86.41519201807229,
      89.7242093373494,
      91.75169427710844,
      89.7242093373494
    ],
    "2": [
      87.39504894578313,
      90.29602786144578,
      92.13416164658635,
      90.29602786144578
    ],
    "3": [
      88.71831074297188,
      91.60736696787149,
      92.80528363453816,
      91.60736696787149
    ],
    "4": [
      88.59296561244979,
      91.43213478915662,
      92.63491465863453,
      91.47119728915662
    ],
    "5": [
      88.24140311244979,
      92.20146209839358,
      93.6750125502008,
      92.2144829317269
    ],
    "6": [
      87.63428714859438,
      92.00395331325302,
      93.66089357429719,
      92.00395331325302
    ],
    "7": [
      87.15847766064257,
      91.92473017068274,
      93.70042670682732,
      92.05007530120481
    ],
    "8": [
      89.76923318273093,
      92.37669427710844,
      93.18288780120481,
      92.37669427710844
    ],
    "9": [
      90.18699799196787,
      90.66061119477912,
      93.61696787148594,
      90.66767068273093
    ],
    "10": [
      89.5136797188755,
      91.78856049196787,
      93.3863579317269,
      91.78856049196787
    ],
    "11": [
      89.40355170682732,
      92.01807228915662,
      93.62998870481927,
      92.05007530120481
    ],
    "12": [
      88.835968875502,
      92.00505145582329,
      93.32125376506023,
      92.00505145582329
    ],
    "13": [
      87.87085843373494,
      92.11031626506023,
      93.55186370481927,
      92.11627761044177
    ],
    "14": [
      89.7480547188755,
      92.37183107429719,
      94.20290537148594,
      92.37183107429719
    ]
  }
}