{
  "cycle": 36,
  "completed_arch_indices": [
    0,
    1,
    2,
    3,
    4,
    5,
    6,
    7,
    8,
    9,
    10,
    11,
    12,
    13,
    14
  ],
  "cycle_val_results": {
    "0": [
      93.29740838353413,
      91.68172690763052,
      94.50944402610442,
      91.68172690763052
    ],
    "1": [
      88.31952811244979,
      85.97844503012047,
      90.47455446787149,
      85.97844503012047
    ],
    "2": [
      89.52670055220884,
      86.67670682730925,
      90.9671498493976,
      86.67670682730925
    ],
    "3": [
      90.51628388554217,
      88.88271837349399,
      92.05980170682732,
      88.88271837349399
    ],
    "4": [
      90.57166164658635,
      88.79863202811245,
      91.61928965863453,
      88.79863202811245
    ],
    "5": [
      91.40985818273093,
      90.3562688253012,
      93.12703940763052,
      90.3562688253012
    ],
    "6": [
      91.64046812248995,
      89.84029869477912,
      92.67507530120481,
      89.84029869477912
    ],
    "7": [
      91.22427208835342,
      89.6628702309237,
      92.55302459839358,
      89.6628702309237
    ],
    "8": [
      91.14944151606427,
      89.29232555220884,
      92.53184613453816,
      89.29232555220884
    ],
    "9": [
      91.26772715863453,
      81.47480547188755,
      92.57200677710844,
      81.47480547188755
    ],
    "10": [
      90.9183609437751,
      89.4284952309237,
      92.90678338353413,
      89.4284952309237
    ],
    "11": [
      91.54932228915662,
      89.88265562248995,
      92.71037274096385,
      89.88265562248995
    ],
    "12": [
      91.03115587349399,
      89.89944151606427,
      92.47380145582329,
      89.89944151606427
    ],
    "13": [
      91.4500188253012,
      89.52293549196787,
      92.47003639558233,
      89.52293549196787
    ],
    "14": [
      92.43473895582329,
      90.77136671686748,
      93.25128639558233,
      90.77136671686748
    ]
  }
}