{
  "cycle": 36,
  "n_archs": 15,
  "spearman_r": 0.3714285714285714,
  "spearman_p": 0.17284974708033998,
  "pearson_r": -0.27538728868207835,
  "pearson_p": 0.320502424048545,
  "kendall_tau": 0.33333333333333337,
  "kendall_p": 0.09264256691158146,
  "bootstrap_ci_spearman": [
    -0.3006057795859758,
    0.9239164832140893
  ],
  "spearman_r_ema": 0.2821428571428571,
  "spearman_p_ema": 0.30828445682005556,
  "pearson_r_ema": -0.1949464342851816,
  "pearson_p_ema": 0.4862731051771335,
  "kendall_tau_ema": 0.2571428571428572,
  "kendall_p_ema": 0.20184282422518202,
  "bootstrap_ci_spearman_ema": [
    -0.3815617294098307,
    0.8620689655172413
  ],
  "spearman_r_best": 0.28928571428571426,
  "spearman_p_best": 0.29566536100437785,
  "pearson_r_best": -0.3563367088186171,
  "pearson_p_best": 0.1923508345902231,
  "kendall_tau_best": 0.21904761904761905,
  "kendall_p_best": 0.2815660702955676,
  "bootstrap_ci_spearman_best": [
    -0.37545699646851477,
    0.8648080438756843
  ],
  "mean_val_acc1": 91.08712976907631,
  "std_val_acc1": 1.1411173186064654,
  "mean_ema_acc1": 88.80997950133869,
  "mean_best_val_acc1": 92.46010081994646,
  "per_arch": [
    {
      "arch_index": 0,
      "nas_quant_acc1": 10.0,
      "val_acc1": 93.29740838353413,
      "ema_acc1": 91.68172690763052,
      "best_val_acc1": 94.50944402610442,
      "best_ema_acc1": 91.68172690763052,
      "epochs_completed": 37,
      "nas_rank": 14,
      "val_rank": 0,
      "ema_rank": 0,
      "best_rank": 0
    },
    {
      "arch_index": 1,
      "nas_quant_acc1": 63.5,
      "val_acc1": 88.31952811244979,
      "ema_acc1": 85.97844503012047,
      "best_val_acc1": 90.47455446787149,
      "best_ema_acc1": 85.97844503012047,
      "epochs_completed": 37,
      "nas_rank": 13,
      "val_rank": 14,
      "ema_rank": 13,
      "best_rank": 14
    },
    {
      "arch_index": 2,
      "nas_quant_acc1": 68.25,
      "val_acc1": 89.52670055220884,
      "ema_acc1": 86.67670682730925,
      "best_val_acc1": 90.9671498493976,
      "best_ema_acc1": 86.67670682730925,
      "epochs_completed": 37,
      "nas_rank": 12,
      "val_rank": 13,
      "ema_rank": 12,
      "best_rank": 13
    },
    {
      "arch_index": 3,
      "nas_quant_acc1": 71.5,
      "val_acc1": 90.51628388554217,
      "ema_acc1": 88.88271837349399,
      "best_val_acc1": 92.05980170682732,
      "best_ema_acc1": 88.88271837349399,
      "epochs_completed": 37,
      "nas_rank": 11,
      "val_rank": 12,
      "ema_rank": 10,
      "best_rank": 11
    },
    {
      "arch_index": 4,
      "nas_quant_acc1": 74.0,
      "val_acc1": 90.57166164658635,
      "ema_acc1": 88.79863202811245,
      "best_val_acc1": 91.61928965863453,
      "best_ema_acc1": 88.79863202811245,
      "epochs_completed": 37,
      "nas_rank": 10,
      "val_rank": 11,
      "ema_rank": 11,
      "best_rank": 12
    },
    {
      "arch_index": 5,
      "nas_quant_acc1": 75.5,
      "val_acc1": 91.40985818273093,
      "ema_acc1": 90.3562688253012,
      "best_val_acc1": 93.12703940763052,
      "best_ema_acc1": 90.3562688253012,
      "epochs_completed": 37,
      "nas_rank": 9,
      "val_rank": 5,
      "ema_rank": 2,
      "best_rank": 2
    },
    {
      "arch_index": 6,
      "nas_quant_acc1": 76.5,
      "val_acc1": 91.64046812248995,
      "ema_acc1": 89.84029869477912,
      "best_val_acc1": 92.67507530120481,
      "best_ema_acc1": 89.84029869477912,
      "epochs_completed": 37,
      "nas_rank": 8,
      "val_rank": 2,
      "ema_rank": 5,
      "best_rank": 5
    },
    {
      "arch_index": 7,
      "nas_quant_acc1": 77.25,
      "val_acc1": 91.22427208835342,
      "ema_acc1": 89.6628702309237,
      "best_val_acc1": 92.55302459839358,
      "best_ema_acc1": 89.6628702309237,
      "epochs_completed": 37,
      "nas_rank": 7,
      "val_rank": 7,
      "ema_rank": 6,
      "best_rank": 7
    },
    {
      "arch_index": 8,
      "nas_quant_acc1": 78.0,
      "val_acc1": 91.14944151606427,
      "ema_acc1": 89.29232555220884,
      "best_val_acc1": 92.53184613453816,
      "best_ema_acc1": 89.29232555220884,
      "epochs_completed": 37,
      "nas_rank": 6,
      "val_rank": 8,
      "ema_rank": 9,
      "best_rank": 8
    },
    {
      "arch_index": 9,
      "nas_quant_acc1": 78.5,
      "val_acc1": 91.26772715863453,
      "ema_acc1": 81.47480547188755,
      "best_val_acc1": 92.57200677710844,
      "best_ema_acc1": 81.47480547188755,
      "epochs_completed": 37,
      "nas_rank": 5,
      "val_rank": 6,
      "ema_rank": 14,
      "best_rank": 6
    },
    {
      "arch_index": 10,
      "nas_quant_acc1": 79.0,
      "val_acc1": 90.9183609437751,
      "ema_acc1": 89.4284952309237,
      "best_val_acc1": 92.90678338353413,
      "best_ema_acc1": 89.4284952309237,
      "epochs_completed": 37,
      "nas_rank": 4,
      "val_rank": 10,
      "ema_rank": 8,
      "best_rank": 3
    },
    {
      "arch_index": 11,
      "nas_quant_acc1": 79.75,
      "val_acc1": 91.54932228915662,
      "ema_acc1": 89.88265562248995,
      "best_val_acc1": 92.71037274096385,
      "best_ema_acc1": 89.88265562248995,
      "epochs_completed": 37,
      "nas_rank": 3,
      "val_rank": 3,
      "ema_rank": 4,
      "best_rank": 4
    },
    {
      "arch_index": 12,
      "nas_quant_acc1": 80.25,
      "val_acc1": 91.03115587349399,
      "ema_acc1": 89.89944151606427,
      "best_val_acc1": 92.47380145582329,
      "best_ema_acc1": 89.89944151606427,
      "epochs_completed": 37,
      "nas_rank": 2,
      "val_rank": 9,
      "ema_rank": 3,
      "best_rank": 9
    },
    {
      "arch_index": 13,
      "nas_quant_acc1": 81.25,
      "val_acc1": 91.4500188253012,
      "ema_acc1": 89.52293549196787,
      "best_val_acc1": 92.47003639558233,
      "best_ema_acc1": 89.52293549196787,
      "epochs_completed": 37,
      "nas_rank": 1,
      "val_rank": 4,
      "ema_rank": 7,
      "best_rank": 10
    },
    {
      "arch_index": 14,
      "nas_quant_acc1": 85.5,
      "val_acc1": 92.43473895582329,
      "ema_acc1": 90.77136671686748,
      "best_val_acc1": 93.25128639558233,
      "best_ema_acc1": 90.77136671686748,
      "epochs_completed": 37,
      "nas_rank": 0,
      "val_rank": 1,
      "ema_rank": 1,
      "best_rank": 1
    }
  ],
  "timestamp": "2026-06-03T17:37:53.207478"
}