{
  "cycle": 40,
  "completed_arch_indices": [
    0,
    1,
    2,
    3,
    4,
    5,
    6,
    7,
    8,
    9,
    10,
    11,
    12,
    13,
    14
  ],
  "cycle_val_results": {
    "0": [
      94.35695908634538,
      92.04521209839358,
      94.50944402610442,
      92.04521209839358
    ],
    "1": [
      90.93844126506023,
      86.87201932730925,
      90.93844126506023,
      86.87201932730925
    ],
    "2": [
      91.3328313253012,
      87.453093624498,
      91.3328313253012,
      87.453093624498
    ],
    "3": [
      92.32241465863453,
      89.79417670682732,
      92.32241465863453,
      89.79417670682732
    ],
    "4": [
      91.95296812248995,
      89.39162901606427,
      91.95296812248995,
      89.39162901606427
    ],
    "5": [
      93.44550075301206,
      90.87114081325302,
      93.44550075301206,
      90.87114081325302
    ],
    "6": [
      93.1058609437751,
      90.42513805220884,
      93.1058609437751,
      90.42513805220884
    ],
    "7": [
      92.99134036144578,
      90.35407254016064,
      92.99134036144578,
      90.35407254016064
    ],
    "8": [
      92.60071536144578,
      90.04863202811245,
      92.60071536144578,
      90.04863202811245
    ],
    "9": [
      93.18618222891565,
      84.50112951807229,
      93.18618222891565,
      84.50112951807229
    ],
    "10": [
      93.14602158634538,
      90.08879267068274,
      93.14602158634538,
      90.08879267068274
    ],
    "11": [
      93.08797690763052,
      90.43659011044177,
      93.08797690763052,
      90.43659011044177
    ],
    "12": [
      93.01691139558233,
      90.45447414658635,
      93.01691139558233,
      90.45447414658635
    ],
    "13": [
      93.02993222891565,
      90.24504267068274,
      93.02993222891565,
      90.24504267068274
    ],
    "14": [
      93.56974774096385,
      91.42240838353413,
      93.56974774096385,
      91.42240838353413
    ]
  }
}