{
  "cycle": 40,
  "n_archs": 15,
  "spearman_r": 0.34642857142857136,
  "spearman_p": 0.2058959920935512,
  "pearson_r": -0.23622727698108686,
  "pearson_p": 0.39664654688440915,
  "kendall_tau": 0.2761904761904762,
  "kendall_p": 0.16857787367749338,
  "bootstrap_ci_spearman": [
    -0.3430670327462666,
    0.8909189723320159
  ],
  "spearman_r_ema": 0.2821428571428571,
  "spearman_p_ema": 0.30828445682005556,
  "pearson_r_ema": -0.18806217706835,
  "pearson_p_ema": 0.5020918511473017,
  "kendall_tau_ema": 0.2571428571428572,
  "kendall_p_ema": 0.20184282422518202,
  "bootstrap_ci_spearman_ema": [
    -0.3815617294098307,
    0.8620689655172413
  ],
  "spearman_r_best": 0.34642857142857136,
  "spearman_p_best": 0.2058959920935512,
  "pearson_r_best": -0.2730451268996723,
  "pearson_p_best": 0.32480235835810267,
  "kendall_tau_best": 0.2761904761904762,
  "kendall_p_best": 0.16857787367749338,
  "bootstrap_ci_spearman_best": [
    -0.31648441269039035,
    0.8907153502235468
  ],
  "mean_val_acc1": 92.80558693105756,
  "std_val_acc1": 0.8708766499829518,
  "mean_ema_acc1": 89.62690344712182,
  "mean_best_val_acc1": 92.81575259370815,
  "per_arch": [
    {
      "arch_index": 0,
      "nas_quant_acc1": 10.0,
      "val_acc1": 94.35695908634538,
      "ema_acc1": 92.04521209839358,
      "best_val_acc1": 94.50944402610442,
      "best_ema_acc1": 92.04521209839358,
      "epochs_completed": 41,
      "nas_rank": 14,
      "val_rank": 0,
      "ema_rank": 0,
      "best_rank": 0
    },
    {
      "arch_index": 1,
      "nas_quant_acc1": 63.5,
      "val_acc1": 90.93844126506023,
      "ema_acc1": 86.87201932730925,
      "best_val_acc1": 90.93844126506023,
      "best_ema_acc1": 86.87201932730925,
      "epochs_completed": 41,
      "nas_rank": 13,
      "val_rank": 14,
      "ema_rank": 13,
      "best_rank": 14
    },
    {
      "arch_index": 2,
      "nas_quant_acc1": 68.25,
      "val_acc1": 91.3328313253012,
      "ema_acc1": 87.453093624498,
      "best_val_acc1": 91.3328313253012,
      "best_ema_acc1": 87.453093624498,
      "epochs_completed": 41,
      "nas_rank": 12,
      "val_rank": 13,
      "ema_rank": 12,
      "best_rank": 13
    },
    {
      "arch_index": 3,
      "nas_quant_acc1": 71.5,
      "val_acc1": 92.32241465863453,
      "ema_acc1": 89.79417670682732,
      "best_val_acc1": 92.32241465863453,
      "best_ema_acc1": 89.79417670682732,
      "epochs_completed": 41,
      "nas_rank": 11,
      "val_rank": 11,
      "ema_rank": 10,
      "best_rank": 11
    },
    {
      "arch_index": 4,
      "nas_quant_acc1": 74.0,
      "val_acc1": 91.95296812248995,
      "ema_acc1": 89.39162901606427,
      "best_val_acc1": 91.95296812248995,
      "best_ema_acc1": 89.39162901606427,
      "epochs_completed": 41,
      "nas_rank": 10,
      "val_rank": 12,
      "ema_rank": 11,
      "best_rank": 12
    },
    {
      "arch_index": 5,
      "nas_quant_acc1": 75.5,
      "val_acc1": 93.44550075301206,
      "ema_acc1": 90.87114081325302,
      "best_val_acc1": 93.44550075301206,
      "best_ema_acc1": 90.87114081325302,
      "epochs_completed": 41,
      "nas_rank": 9,
      "val_rank": 2,
      "ema_rank": 2,
      "best_rank": 2
    },
    {
      "arch_index": 6,
      "nas_quant_acc1": 76.5,
      "val_acc1": 93.1058609437751,
      "ema_acc1": 90.42513805220884,
      "best_val_acc1": 93.1058609437751,
      "best_ema_acc1": 90.42513805220884,
      "epochs_completed": 41,
      "nas_rank": 8,
      "val_rank": 5,
      "ema_rank": 5,
      "best_rank": 5
    },
    {
      "arch_index": 7,
      "nas_quant_acc1": 77.25,
      "val_acc1": 92.99134036144578,
      "ema_acc1": 90.35407254016064,
      "best_val_acc1": 92.99134036144578,
      "best_ema_acc1": 90.35407254016064,
      "epochs_completed": 41,
      "nas_rank": 7,
      "val_rank": 9,
      "ema_rank": 6,
      "best_rank": 9
    },
    {
      "arch_index": 8,
      "nas_quant_acc1": 78.0,
      "val_acc1": 92.60071536144578,
      "ema_acc1": 90.04863202811245,
      "best_val_acc1": 92.60071536144578,
      "best_ema_acc1": 90.04863202811245,
      "epochs_completed": 41,
      "nas_rank": 6,
      "val_rank": 10,
      "ema_rank": 9,
      "best_rank": 10
    },
    {
      "arch_index": 9,
      "nas_quant_acc1": 78.5,
      "val_acc1": 93.18618222891565,
      "ema_acc1": 84.50112951807229,
      "best_val_acc1": 93.18618222891565,
      "best_ema_acc1": 84.50112951807229,
      "epochs_completed": 41,
      "nas_rank": 5,
      "val_rank": 3,
      "ema_rank": 14,
      "best_rank": 3
    },
    {
      "arch_index": 10,
      "nas_quant_acc1": 79.0,
      "val_acc1": 93.14602158634538,
      "ema_acc1": 90.08879267068274,
      "best_val_acc1": 93.14602158634538,
      "best_ema_acc1": 90.08879267068274,
      "epochs_completed": 41,
      "nas_rank": 4,
      "val_rank": 4,
      "ema_rank": 8,
      "best_rank": 4
    },
    {
      "arch_index": 11,
      "nas_quant_acc1": 79.75,
      "val_acc1": 93.08797690763052,
      "ema_acc1": 90.43659011044177,
      "best_val_acc1": 93.08797690763052,
      "best_ema_acc1": 90.43659011044177,
      "epochs_completed": 41,
      "nas_rank": 3,
      "val_rank": 6,
      "ema_rank": 4,
      "best_rank": 6
    },
    {
      "arch_index": 12,
      "nas_quant_acc1": 80.25,
      "val_acc1": 93.01691139558233,
      "ema_acc1": 90.45447414658635,
      "best_val_acc1": 93.01691139558233,
      "best_ema_acc1": 90.45447414658635,
      "epochs_completed": 41,
      "nas_rank": 2,
      "val_rank": 8,
      "ema_rank": 3,
      "best_rank": 8
    },
    {
      "arch_index": 13,
      "nas_quant_acc1": 81.25,
      "val_acc1": 93.02993222891565,
      "ema_acc1": 90.24504267068274,
      "best_val_acc1": 93.02993222891565,
      "best_ema_acc1": 90.24504267068274,
      "epochs_completed": 41,
      "nas_rank": 1,
      "val_rank": 7,
      "ema_rank": 7,
      "best_rank": 7
    },
    {
      "arch_index": 14,
      "nas_quant_acc1": 85.5,
      "val_acc1": 93.56974774096385,
      "ema_acc1": 91.42240838353413,
      "best_val_acc1": 93.56974774096385,
      "best_ema_acc1": 91.42240838353413,
      "epochs_completed": 41,
      "nas_rank": 0,
      "val_rank": 1,
      "ema_rank": 1,
      "best_rank": 1
    }
  ],
  "timestamp": "2026-06-03T18:01:44.820947"
}