{
  "cycle": 70,
  "completed_arch_indices": [
    0,
    1,
    2,
    3,
    4,
    5,
    6,
    7,
    8,
    9,
    10,
    11,
    12,
    13,
    14
  ],
  "cycle_val_results": {
    "0": [
      95.10950050200803,
      90.2249623493976,
      95.23484563253012,
      92.39081325301206
    ],
    "1": [
      91.33612575301206,
      89.6922063253012,
      91.75169427710844,
      89.6922063253012
    ],
    "2": [
      91.6312123493976,
      90.27594754016064,
      92.13416164658635,
      90.27594754016064
    ],
    "3": [
      92.80528363453816,
      91.58132530120481,
      92.80528363453816,
      91.58132530120481
    ],
    "4": [
      92.63491465863453,
      91.34098895582329,
      92.63491465863453,
      91.34695030120481
    ],
    "5": [
      93.6750125502008,
      92.18844126506023,
      93.6750125502008,
      92.20632530120481
    ],
    "6": [
      93.55076556224898,
      91.8797063253012,
      93.66089357429719,
      91.8797063253012
    ],
    "7": [
      93.70042670682732,
      91.9578313253012,
      93.70042670682732,
      92.05007530120481
    ],
    "8": [
      93.06460215863453,
      92.19330446787149,
      93.18288780120481,
      92.20632530120481
    ],
    "9": [
      93.61586972891565,
      90.62154869477912,
      93.61696787148594,
      90.62154869477912
    ],
    "10": [
      93.3863579317269,
      91.75059613453816,
      93.3863579317269,
      91.75059613453816
    ],
    "11": [
      93.62998870481927,
      91.92692645582329,
      93.62998870481927,
      92.05007530120481
    ],
    "12": [
      93.30007530120481,
      91.95892946787149,
      93.32125376506023,
      91.95892946787149
    ],
    "13": [
      93.55186370481927,
      92.0121109437751,
      93.55186370481927,
      92.0121109437751
    ],
    "14": [
      94.20290537148594,
      92.31974774096385,
      94.20290537148594,
      92.31974774096385
    ]
  }
}