{
  "cycle": 70,
  "n_archs": 15,
  "spearman_r": 0.33571428571428563,
  "spearman_p": 0.22121153763932594,
  "pearson_r": -0.28849189416782944,
  "pearson_p": 0.297052536784282,
  "kendall_tau": 0.29523809523809524,
  "kendall_p": 0.13946285911906778,
  "bootstrap_ci_spearman": [
    -0.3490930696360313,
    0.8917141651540824
  ],
  "spearman_r_ema": 0.7249999999999999,
  "spearman_p_ema": 0.0022270323137542148,
  "pearson_r_ema": 0.6071788747433574,
  "pearson_p_ema": 0.016373204802709932,
  "kendall_tau_ema": 0.6000000000000001,
  "kendall_p_ema": 0.0012858607977242237,
  "bootstrap_ci_spearman_ema": [
    0.25038910248569385,
    0.9565217391304351
  ],
  "spearman_r_best": 0.2821428571428571,
  "spearman_p_best": 0.30828445682005556,
  "pearson_r_best": -0.37895019574116606,
  "pearson_p_best": 0.16363473377136978,
  "kendall_tau_best": 0.23809523809523814,
  "kendall_p_best": 0.23945881568583288,
  "bootstrap_ci_spearman_best": [
    -0.3748284232924747,
    0.8587020402547372
  ],
  "mean_val_acc1": 93.27966030789824,
  "std_val_acc1": 0.930088030815349,
  "mean_ema_acc1": 91.46163821954482,
  "mean_best_val_acc1": 93.36596385542167,
  "per_arch": [
    {
      "arch_index": 0,
      "nas_quant_acc1": 10.0,
      "val_acc1": 95.10950050200803,
      "ema_acc1": 90.2249623493976,
      "best_val_acc1": 95.23484563253012,
      "best_ema_acc1": 92.39081325301206,
      "epochs_completed": 71,
      "nas_rank": 14,
      "val_rank": 0,
      "ema_rank": 13,
      "best_rank": 0
    },
    {
      "arch_index": 1,
      "nas_quant_acc1": 63.5,
      "val_acc1": 91.33612575301206,
      "ema_acc1": 89.6922063253012,
      "best_val_acc1": 91.75169427710844,
      "best_ema_acc1": 89.6922063253012,
      "epochs_completed": 71,
      "nas_rank": 13,
      "val_rank": 14,
      "ema_rank": 14,
      "best_rank": 14
    },
    {
      "arch_index": 2,
      "nas_quant_acc1": 68.25,
      "val_acc1": 91.6312123493976,
      "ema_acc1": 90.27594754016064,
      "best_val_acc1": 92.13416164658635,
      "best_ema_acc1": 90.27594754016064,
      "epochs_completed": 71,
      "nas_rank": 12,
      "val_rank": 13,
      "ema_rank": 12,
      "best_rank": 13
    },
    {
      "arch_index": 3,
      "nas_quant_acc1": 71.5,
      "val_acc1": 92.80528363453816,
      "ema_acc1": 91.58132530120481,
      "best_val_acc1": 92.80528363453816,
      "best_ema_acc1": 91.58132530120481,
      "epochs_completed": 71,
      "nas_rank": 11,
      "val_rank": 11,
      "ema_rank": 9,
      "best_rank": 11
    },
    {
      "arch_index": 4,
      "nas_quant_acc1": 74.0,
      "val_acc1": 92.63491465863453,
      "ema_acc1": 91.34098895582329,
      "best_val_acc1": 92.63491465863453,
      "best_ema_acc1": 91.34695030120481,
      "epochs_completed": 71,
      "nas_rank": 10,
      "val_rank": 12,
      "ema_rank": 10,
      "best_rank": 12
    },
    {
      "arch_index": 5,
      "nas_quant_acc1": 75.5,
      "val_acc1": 93.6750125502008,
      "ema_acc1": 92.18844126506023,
      "best_val_acc1": 93.6750125502008,
      "best_ema_acc1": 92.20632530120481,
      "epochs_completed": 71,
      "nas_rank": 9,
      "val_rank": 3,
      "ema_rank": 2,
      "best_rank": 3
    },
    {
      "arch_index": 6,
      "nas_quant_acc1": 76.5,
      "val_acc1": 93.55076556224898,
      "ema_acc1": 91.8797063253012,
      "best_val_acc1": 93.66089357429719,
      "best_ema_acc1": 91.8797063253012,
      "epochs_completed": 71,
      "nas_rank": 8,
      "val_rank": 7,
      "ema_rank": 7,
      "best_rank": 4
    },
    {
      "arch_index": 7,
      "nas_quant_acc1": 77.25,
      "val_acc1": 93.70042670682732,
      "ema_acc1": 91.9578313253012,
      "best_val_acc1": 93.70042670682732,
      "best_ema_acc1": 92.05007530120481,
      "epochs_completed": 71,
      "nas_rank": 7,
      "val_rank": 2,
      "ema_rank": 5,
      "best_rank": 2
    },
    {
      "arch_index": 8,
      "nas_quant_acc1": 78.0,
      "val_acc1": 93.06460215863453,
      "ema_acc1": 92.19330446787149,
      "best_val_acc1": 93.18288780120481,
      "best_ema_acc1": 92.20632530120481,
      "epochs_completed": 71,
      "nas_rank": 6,
      "val_rank": 10,
      "ema_rank": 1,
      "best_rank": 10
    },
    {
      "arch_index": 9,
      "nas_quant_acc1": 78.5,
      "val_acc1": 93.61586972891565,
      "ema_acc1": 90.62154869477912,
      "best_val_acc1": 93.61696787148594,
      "best_ema_acc1": 90.62154869477912,
      "epochs_completed": 71,
      "nas_rank": 5,
      "val_rank": 5,
      "ema_rank": 11,
      "best_rank": 6
    },
    {
      "arch_index": 10,
      "nas_quant_acc1": 79.0,
      "val_acc1": 93.3863579317269,
      "ema_acc1": 91.75059613453816,
      "best_val_acc1": 93.3863579317269,
      "best_ema_acc1": 91.75059613453816,
      "epochs_completed": 71,
      "nas_rank": 4,
      "val_rank": 8,
      "ema_rank": 8,
      "best_rank": 8
    },
    {
      "arch_index": 11,
      "nas_quant_acc1": 79.75,
      "val_acc1": 93.62998870481927,
      "ema_acc1": 91.92692645582329,
      "best_val_acc1": 93.62998870481927,
      "best_ema_acc1": 92.05007530120481,
      "epochs_completed": 71,
      "nas_rank": 3,
      "val_rank": 4,
      "ema_rank": 6,
      "best_rank": 5
    },
    {
      "arch_index": 12,
      "nas_quant_acc1": 80.25,
      "val_acc1": 93.30007530120481,
      "ema_acc1": 91.95892946787149,
      "best_val_acc1": 93.32125376506023,
      "best_ema_acc1": 91.95892946787149,
      "epochs_completed": 71,
      "nas_rank": 2,
      "val_rank": 9,
      "ema_rank": 4,
      "best_rank": 9
    },
    {
      "arch_index": 13,
      "nas_quant_acc1": 81.25,
      "val_acc1": 93.55186370481927,
      "ema_acc1": 92.0121109437751,
      "best_val_acc1": 93.55186370481927,
      "best_ema_acc1": 92.0121109437751,
      "epochs_completed": 71,
      "nas_rank": 1,
      "val_rank": 6,
      "ema_rank": 3,
      "best_rank": 7
    },
    {
      "arch_index": 14,
      "nas_quant_acc1": 85.5,
      "val_acc1": 94.20290537148594,
      "ema_acc1": 92.31974774096385,
      "best_val_acc1": 94.20290537148594,
      "best_ema_acc1": 92.31974774096385,
      "epochs_completed": 71,
      "nas_rank": 0,
      "val_rank": 1,
      "ema_rank": 0,
      "best_rank": 1
    }
  ],
  "timestamp": "2026-06-03T21:59:08.664289"
}