{
  "cycle": 101,
  "completed_arch_indices": [
    0,
    1,
    2,
    3,
    4,
    5,
    6,
    7,
    8,
    9,
    10,
    11,
    12,
    13,
    14
  ],
  "cycle_val_results": {
    "0": [
      90.58734939759036,
      89.77142946787149,
      95.52616716867469,
      92.39081325301206
    ],
    "1": [
      85.4847515060241,
      90.73387299196787,
      92.05007530120481,
      90.73387299196787
    ],
    "2": [
      87.27456701807229,
      91.19556350401606,
      92.37669427710844,
      91.19556350401606
    ],
    "3": [
      87.74551330321286,
      92.61812876506023,
      93.49272088353413,
      92.61812876506023
    ],
    "4": [
      88.429656124498,
      92.11031626506023,
      92.96969126506023,
      92.11031626506023
    ],
    "5": [
      89.53266189759036,
      92.99086972891565,
      93.8703250502008,
      92.99086972891565
    ],
    "6": [
      87.05101656626506,
      92.93768825301206,
      93.9175451807229,
      92.93768825301206
    ],
    "7": [
      88.55500125502007,
      92.92466741967873,
      93.83502761044177,
      92.95776857429719
    ],
    "8": [
      89.68561746987953,
      92.76622113453816,
      93.56159011044177,
      92.76622113453816
    ],
    "9": [
      88.74435240963855,
      92.54267068273093,
      94.04665537148594,
      92.54267068273093
    ],
    "10": [
      89.29279618473896,
      92.4027359437751,
      93.58982806224898,
      92.41575677710844
    ],
    "11": [
      89.46159638554217,
      92.94364959839358,
      93.72709588353413,
      92.94364959839358
    ],
    "12": [
      87.273468875502,
      92.88560491967873,
      93.70481927710844,
      92.88560491967873
    ],
    "13": [
      88.937468624498,
      92.94474774096385,
      93.96256902610442,
      92.97078940763052
    ],
    "14": [
      89.45940010040161,
      93.32831325301206,
      94.23600652610442,
      93.33537274096385
    ]
  }
}