{
  "cycle": 101,
  "n_archs": 15,
  "spearman_r": 0.20357142857142854,
  "spearman_p": 0.46679507248911234,
  "pearson_r": -0.22015459640168789,
  "pearson_p": 0.4304449109328831,
  "kendall_tau": 0.21904761904761905,
  "kendall_p": 0.2815660702955676,
  "bootstrap_ci_spearman": [
    -0.4224070462989801,
    0.830905540918378
  ],
  "spearman_r_ema": 0.7071428571428571,
  "spearman_p_ema": 0.0031954812582450634,
  "pearson_r_ema": 0.863999205927951,
  "pearson_p_ema": 3.2857669767394216e-05,
  "kendall_tau_ema": 0.5428571428571429,
  "kendall_p_ema": 0.00414288160001619,
  "bootstrap_ci_spearman_ema": [
    0.16598099908262337,
    0.9600018148820328
  ],
  "spearman_r_best": 0.38928571428571423,
  "spearman_p_best": 0.15151193679039388,
  "pearson_r_best": -0.41150021504331435,
  "pearson_p_best": 0.127527464377873,
  "kendall_tau_best": 0.3523809523809524,
  "kendall_p_best": 0.07433498084899375,
  "bootstrap_ci_spearman_best": [
    -0.2614301994688519,
    0.9127351778656128
  ],
  "mean_val_acc1": 88.50101447456493,
  "std_val_acc1": 1.3182343423245844,
  "mean_ema_acc1": 92.33976531124499,
  "mean_best_val_acc1": 93.65778739959838,
  "per_arch": [
    {
      "arch_index": 0,
      "nas_quant_acc1": 10.0,
      "val_acc1": 90.58734939759036,
      "ema_acc1": 89.77142946787149,
      "best_val_acc1": 95.52616716867469,
      "best_ema_acc1": 92.39081325301206,
      "epochs_completed": 102,
      "nas_rank": 14,
      "val_rank": 0,
      "ema_rank": 14,
      "best_rank": 0
    },
    {
      "arch_index": 1,
      "nas_quant_acc1": 63.5,
      "val_acc1": 85.4847515060241,
      "ema_acc1": 90.73387299196787,
      "best_val_acc1": 92.05007530120481,
      "best_ema_acc1": 90.73387299196787,
      "epochs_completed": 102,
      "nas_rank": 13,
      "val_rank": 14,
      "ema_rank": 13,
      "best_rank": 14
    },
    {
      "arch_index": 2,
      "nas_quant_acc1": 68.25,
      "val_acc1": 87.27456701807229,
      "ema_acc1": 91.19556350401606,
      "best_val_acc1": 92.37669427710844,
      "best_ema_acc1": 91.19556350401606,
      "epochs_completed": 102,
      "nas_rank": 12,
      "val_rank": 11,
      "ema_rank": 12,
      "best_rank": 13
    },
    {
      "arch_index": 3,
      "nas_quant_acc1": 71.5,
      "val_acc1": 87.74551330321286,
      "ema_acc1": 92.61812876506023,
      "best_val_acc1": 93.49272088353413,
      "best_ema_acc1": 92.61812876506023,
      "epochs_completed": 102,
      "nas_rank": 11,
      "val_rank": 10,
      "ema_rank": 8,
      "best_rank": 11
    },
    {
      "arch_index": 4,
      "nas_quant_acc1": 74.0,
      "val_acc1": 88.429656124498,
      "ema_acc1": 92.11031626506023,
      "best_val_acc1": 92.96969126506023,
      "best_ema_acc1": 92.11031626506023,
      "epochs_completed": 102,
      "nas_rank": 10,
      "val_rank": 9,
      "ema_rank": 11,
      "best_rank": 12
    },
    {
      "arch_index": 5,
      "nas_quant_acc1": 75.5,
      "val_acc1": 89.53266189759036,
      "ema_acc1": 92.99086972891565,
      "best_val_acc1": 93.8703250502008,
      "best_ema_acc1": 92.99086972891565,
      "epochs_completed": 102,
      "nas_rank": 9,
      "val_rank": 2,
      "ema_rank": 1,
      "best_rank": 5
    },
    {
      "arch_index": 6,
      "nas_quant_acc1": 76.5,
      "val_acc1": 87.05101656626506,
      "ema_acc1": 92.93768825301206,
      "best_val_acc1": 93.9175451807229,
      "best_ema_acc1": 92.93768825301206,
      "epochs_completed": 102,
      "nas_rank": 8,
      "val_rank": 13,
      "ema_rank": 4,
      "best_rank": 4
    },
    {
      "arch_index": 7,
      "nas_quant_acc1": 77.25,
      "val_acc1": 88.55500125502007,
      "ema_acc1": 92.92466741967873,
      "best_val_acc1": 93.83502761044177,
      "best_ema_acc1": 92.95776857429719,
      "epochs_completed": 102,
      "nas_rank": 7,
      "val_rank": 8,
      "ema_rank": 5,
      "best_rank": 6
    },
    {
      "arch_index": 8,
      "nas_quant_acc1": 78.0,
      "val_acc1": 89.68561746987953,
      "ema_acc1": 92.76622113453816,
      "best_val_acc1": 93.56159011044177,
      "best_ema_acc1": 92.76622113453816,
      "epochs_completed": 102,
      "nas_rank": 6,
      "val_rank": 1,
      "ema_rank": 7,
      "best_rank": 10
    },
    {
      "arch_index": 9,
      "nas_quant_acc1": 78.5,
      "val_acc1": 88.74435240963855,
      "ema_acc1": 92.54267068273093,
      "best_val_acc1": 94.04665537148594,
      "best_ema_acc1": 92.54267068273093,
      "epochs_completed": 102,
      "nas_rank": 5,
      "val_rank": 7,
      "ema_rank": 9,
      "best_rank": 2
    },
    {
      "arch_index": 10,
      "nas_quant_acc1": 79.0,
      "val_acc1": 89.29279618473896,
      "ema_acc1": 92.4027359437751,
      "best_val_acc1": 93.58982806224898,
      "best_ema_acc1": 92.41575677710844,
      "epochs_completed": 102,
      "nas_rank": 4,
      "val_rank": 5,
      "ema_rank": 10,
      "best_rank": 9
    },
    {
      "arch_index": 11,
      "nas_quant_acc1": 79.75,
      "val_acc1": 89.46159638554217,
      "ema_acc1": 92.94364959839358,
      "best_val_acc1": 93.72709588353413,
      "best_ema_acc1": 92.94364959839358,
      "epochs_completed": 102,
      "nas_rank": 3,
      "val_rank": 3,
      "ema_rank": 3,
      "best_rank": 7
    },
    {
      "arch_index": 12,
      "nas_quant_acc1": 80.25,
      "val_acc1": 87.273468875502,
      "ema_acc1": 92.88560491967873,
      "best_val_acc1": 93.70481927710844,
      "best_ema_acc1": 92.88560491967873,
      "epochs_completed": 102,
      "nas_rank": 2,
      "val_rank": 12,
      "ema_rank": 6,
      "best_rank": 8
    },
    {
      "arch_index": 13,
      "nas_quant_acc1": 81.25,
      "val_acc1": 88.937468624498,
      "ema_acc1": 92.94474774096385,
      "best_val_acc1": 93.96256902610442,
      "best_ema_acc1": 92.97078940763052,
      "epochs_completed": 102,
      "nas_rank": 1,
      "val_rank": 6,
      "ema_rank": 2,
      "best_rank": 3
    },
    {
      "arch_index": 14,
      "nas_quant_acc1": 85.5,
      "val_acc1": 89.45940010040161,
      "ema_acc1": 93.32831325301206,
      "best_val_acc1": 94.23600652610442,
      "best_ema_acc1": 93.33537274096385,
      "epochs_completed": 102,
      "nas_rank": 0,
      "val_rank": 4,
      "ema_rank": 0,
      "best_rank": 1
    }
  ],
  "timestamp": "2026-06-04T00:34:14.086926"
}