{
  "cycle": 130,
  "completed_arch_indices": [
    0,
    1,
    2,
    3,
    4,
    5,
    6,
    7,
    8,
    9,
    10,
    11,
    12,
    13,
    14
  ],
  "cycle_val_results": {
    "0": [
      95.60429216867469,
      93.50087851405623,
      95.79583960843372,
      93.50087851405623
    ],
    "1": [
      91.98716741967873,
      91.69851280120481,
      92.26546812248995,
      91.69851280120481
    ],
    "2": [
      92.47866465863453,
      92.62409011044177,
      92.76998619477912,
      92.62409011044177
    ],
    "3": [
      93.73415537148594,
      93.5187625502008,
      93.73415537148594,
      93.5187625502008
    ],
    "4": [
      93.37223895582329,
      92.91164658634538,
      93.37223895582329,
      93.02177459839358
    ],
    "5": [
      93.90562248995984,
      94.03959588353413,
      94.22784889558233,
      94.03959588353413
    ],
    "6": [
      94.09873870481927,
      93.85730421686748,
      94.11772088353413,
      93.89040537148594
    ],
    "7": [
      93.90609312248995,
      93.6136734437751,
      93.95817645582329,
      93.66575677710844
    ],
    "8": [
      93.5816704317269,
      93.58872991967873,
      93.75800075301206,
      93.58872991967873
    ],
    "9": [
      93.92131024096385,
      94.1285454317269,
      94.33091741967873,
      94.1285454317269
    ],
    "10": [
      93.78780747991968,
      93.74497991967873,
      94.21263177710844,
      93.74497991967873
    ],
    "11": [
      94.01841741967873,
      93.86216741967873,
      94.0894829317269,
      93.86216741967873
    ],
    "12": [
      93.97339357429719,
      93.75800075301206,
      93.97339357429719,
      93.75800075301206
    ],
    "13": [
      93.97449171686748,
      93.78027735943776,
      93.97449171686748,
      93.78027735943776
    ],
    "14": [
      94.36511671686748,
      94.09058107429719,
      94.36511671686748,
      94.09058107429719
    ]
  }
}