{
  "cycle": 130,
  "n_archs": 15,
  "spearman_r": 0.4464285714285714,
  "spearman_p": 0.09529321315352625,
  "pearson_r": -0.3868761022214185,
  "pearson_p": 0.15428279531954744,
  "kendall_tau": 0.4285714285714286,
  "kendall_p": 0.027495265215751328,
  "bootstrap_ci_spearman": [
    -0.21104247489968195,
    0.9447539202144949
  ],
  "spearman_r_ema": 0.7178571428571427,
  "spearman_p_ema": 0.002581165308218854,
  "pearson_r_ema": 0.2657756117492863,
  "pearson_p_ema": 0.3383569267373656,
  "kendall_tau_ema": 0.5428571428571429,
  "kendall_p_ema": 0.00414288160001619,
  "bootstrap_ci_spearman_ema": [
    0.25989749279634355,
    0.9177608453061794
  ],
  "spearman_r_best": 0.3607142857142856,
  "spearman_p_best": 0.18655437415416354,
  "pearson_r_best": -0.43086991350983994,
  "pearson_p_best": 0.10884976631270904,
  "kendall_tau_best": 0.29523809523809524,
  "kendall_p_best": 0.13946285911906778,
  "bootstrap_ci_spearman_best": [
    -0.2960303934816369,
    0.8919630156472249
  ],
  "mean_val_acc1": 93.78061203145919,
  "std_val_acc1": 0.8049490212674438,
  "mean_ema_acc1": 93.51451639892908,
  "mean_best_val_acc1": 93.92969795850068,
  "per_arch": [
    {
      "arch_index": 0,
      "nas_quant_acc1": 10.0,
      "val_acc1": 95.60429216867469,
      "ema_acc1": 93.50087851405623,
      "best_val_acc1": 95.79583960843372,
      "best_ema_acc1": 93.50087851405623,
      "epochs_completed": 131,
      "nas_rank": 14,
      "val_rank": 0,
      "ema_rank": 11,
      "best_rank": 0
    },
    {
      "arch_index": 1,
      "nas_quant_acc1": 63.5,
      "val_acc1": 91.98716741967873,
      "ema_acc1": 91.69851280120481,
      "best_val_acc1": 92.26546812248995,
      "best_ema_acc1": 91.69851280120481,
      "epochs_completed": 131,
      "nas_rank": 13,
      "val_rank": 14,
      "ema_rank": 14,
      "best_rank": 14
    },
    {
      "arch_index": 2,
      "nas_quant_acc1": 68.25,
      "val_acc1": 92.47866465863453,
      "ema_acc1": 92.62409011044177,
      "best_val_acc1": 92.76998619477912,
      "best_ema_acc1": 92.62409011044177,
      "epochs_completed": 131,
      "nas_rank": 12,
      "val_rank": 13,
      "ema_rank": 13,
      "best_rank": 13
    },
    {
      "arch_index": 3,
      "nas_quant_acc1": 71.5,
      "val_acc1": 93.73415537148594,
      "ema_acc1": 93.5187625502008,
      "best_val_acc1": 93.73415537148594,
      "best_ema_acc1": 93.5187625502008,
      "epochs_completed": 131,
      "nas_rank": 11,
      "val_rank": 10,
      "ema_rank": 10,
      "best_rank": 11
    },
    {
      "arch_index": 4,
      "nas_quant_acc1": 74.0,
      "val_acc1": 93.37223895582329,
      "ema_acc1": 92.91164658634538,
      "best_val_acc1": 93.37223895582329,
      "best_ema_acc1": 93.02177459839358,
      "epochs_completed": 131,
      "nas_rank": 10,
      "val_rank": 12,
      "ema_rank": 12,
      "best_rank": 12
    },
    {
      "arch_index": 5,
      "nas_quant_acc1": 75.5,
      "val_acc1": 93.90562248995984,
      "ema_acc1": 94.03959588353413,
      "best_val_acc1": 94.22784889558233,
      "best_ema_acc1": 94.03959588353413,
      "epochs_completed": 131,
      "nas_rank": 9,
      "val_rank": 8,
      "ema_rank": 2,
      "best_rank": 3
    },
    {
      "arch_index": 6,
      "nas_quant_acc1": 76.5,
      "val_acc1": 94.09873870481927,
      "ema_acc1": 93.85730421686748,
      "best_val_acc1": 94.11772088353413,
      "best_ema_acc1": 93.89040537148594,
      "epochs_completed": 131,
      "nas_rank": 8,
      "val_rank": 2,
      "ema_rank": 4,
      "best_rank": 5
    },
    {
      "arch_index": 7,
      "nas_quant_acc1": 77.25,
      "val_acc1": 93.90609312248995,
      "ema_acc1": 93.6136734437751,
      "best_val_acc1": 93.95817645582329,
      "best_ema_acc1": 93.66575677710844,
      "epochs_completed": 131,
      "nas_rank": 7,
      "val_rank": 7,
      "ema_rank": 8,
      "best_rank": 9
    },
    {
      "arch_index": 8,
      "nas_quant_acc1": 78.0,
      "val_acc1": 93.5816704317269,
      "ema_acc1": 93.58872991967873,
      "best_val_acc1": 93.75800075301206,
      "best_ema_acc1": 93.58872991967873,
      "epochs_completed": 131,
      "nas_rank": 6,
      "val_rank": 11,
      "ema_rank": 9,
      "best_rank": 10
    },
    {
      "arch_index": 9,
      "nas_quant_acc1": 78.5,
      "val_acc1": 93.92131024096385,
      "ema_acc1": 94.1285454317269,
      "best_val_acc1": 94.33091741967873,
      "best_ema_acc1": 94.1285454317269,
      "epochs_completed": 131,
      "nas_rank": 5,
      "val_rank": 6,
      "ema_rank": 0,
      "best_rank": 2
    },
    {
      "arch_index": 10,
      "nas_quant_acc1": 79.0,
      "val_acc1": 93.78780747991968,
      "ema_acc1": 93.74497991967873,
      "best_val_acc1": 94.21263177710844,
      "best_ema_acc1": 93.74497991967873,
      "epochs_completed": 131,
      "nas_rank": 4,
      "val_rank": 9,
      "ema_rank": 7,
      "best_rank": 4
    },
    {
      "arch_index": 11,
      "nas_quant_acc1": 79.75,
      "val_acc1": 94.01841741967873,
      "ema_acc1": 93.86216741967873,
      "best_val_acc1": 94.0894829317269,
      "best_ema_acc1": 93.86216741967873,
      "epochs_completed": 131,
      "nas_rank": 3,
      "val_rank": 3,
      "ema_rank": 3,
      "best_rank": 6
    },
    {
      "arch_index": 12,
      "nas_quant_acc1": 80.25,
      "val_acc1": 93.97339357429719,
      "ema_acc1": 93.75800075301206,
      "best_val_acc1": 93.97339357429719,
      "best_ema_acc1": 93.75800075301206,
      "epochs_completed": 131,
      "nas_rank": 2,
      "val_rank": 5,
      "ema_rank": 6,
      "best_rank": 8
    },
    {
      "arch_index": 13,
      "nas_quant_acc1": 81.25,
      "val_acc1": 93.97449171686748,
      "ema_acc1": 93.78027735943776,
      "best_val_acc1": 93.97449171686748,
      "best_ema_acc1": 93.78027735943776,
      "epochs_completed": 131,
      "nas_rank": 1,
      "val_rank": 4,
      "ema_rank": 5,
      "best_rank": 7
    },
    {
      "arch_index": 14,
      "nas_quant_acc1": 85.5,
      "val_acc1": 94.36511671686748,
      "ema_acc1": 94.09058107429719,
      "best_val_acc1": 94.36511671686748,
      "best_ema_acc1": 94.09058107429719,
      "epochs_completed": 131,
      "nas_rank": 0,
      "val_rank": 1,
      "ema_rank": 1,
      "best_rank": 1
    }
  ],
  "timestamp": "2026-06-04T07:44:44.019459"
}