{
  "cycle": 110,
  "completed_arch_indices": [
    0,
    1,
    2,
    3,
    4,
    5,
    6,
    7,
    8,
    9,
    10,
    11,
    12,
    13,
    14
  ],
  "cycle_val_results": {
    "0": [
      95.79583960843372,
      90.81419427710844,
      95.79583960843372,
      92.39081325301206
    ],
    "1": [
      92.26546812248995,
      91.07947414658635,
      92.26546812248995,
      91.11853664658635
    ],
    "2": [
      92.4585843373494,
      91.54226280120481,
      92.4585843373494,
      91.54226280120481
    ],
    "3": [
      93.41569402610442,
      92.63930722891565,
      93.49272088353413,
      92.63930722891565
    ],
    "4": [
      93.22414658634538,
      92.46187876506023,
      93.22414658634538,
      92.46187876506023
    ],
    "5": [
      93.74607806224898,
      93.20516440763052,
      93.8703250502008,
      93.25128639558233
    ],
    "6": [
      94.03363453815261,
      93.15308107429719,
      94.03363453815261,
      93.15308107429719
    ],
    "7": [
      93.6136734437751,
      93.21818524096385,
      93.83502761044177,
      93.21818524096385
    ],
    "8": [
      93.6207329317269,
      93.05973895582329,
      93.6207329317269,
      93.05973895582329
    ],
    "9": [
      94.33091741967873,
      93.01361696787149,
      94.33091741967873,
      93.01361696787149
    ],
    "10": [
      93.82420306224898,
      92.93768825301206,
      93.82420306224898,
      92.93768825301206
    ],
    "11": [
      94.0894829317269,
      93.36737575301206,
      94.0894829317269,
      93.36737575301206
    ],
    "12": [
      93.69775978915662,
      93.27622991967873,
      93.70481927710844,
      93.27622991967873
    ],
    "13": [
      93.82420306224898,
      93.25018825301206,
      93.96256902610442,
      93.25018825301206
    ],
    "14": [
      94.35209588353413,
      93.69995607429719,
      94.35209588353413,
      93.69995607429719
    ]
  }
}