{
  "cycle": 110,
  "n_archs": 15,
  "spearman_r": 0.4486150138101662,
  "spearman_p": 0.09348820539341617,
  "pearson_r": -0.4621220934206183,
  "pearson_p": 0.0828686103757159,
  "kendall_tau": 0.421057451293024,
  "kendall_p": 0.02924957136957992,
  "bootstrap_ci_spearman": [
    -0.21090909090909093,
    0.9350209776563568
  ],
  "spearman_r_ema": 0.8678571428571429,
  "spearman_p_ema": 2.7518063955129248e-05,
  "pearson_r_ema": 0.7992774161105233,
  "pearson_p_ema": 0.0003497335645113435,
  "kendall_tau_ema": 0.6761904761904762,
  "kendall_p_ema": 0.00019989992034469547,
  "bootstrap_ci_spearman_ema": [
    0.5126176597224523,
    0.9746376811594204
  ],
  "spearman_r_best": 0.4035714285714285,
  "spearman_p_best": 0.13576799650365623,
  "pearson_r_best": -0.4485026831751109,
  "pearson_p_best": 0.09358034801286662,
  "kendall_tau_best": 0.3523809523809524,
  "kendall_p_best": 0.07433498084899375,
  "bootstrap_ci_spearman_best": [
    -0.25,
    0.9130474093875307
  ],
  "mean_val_acc1": 93.75283425368139,
  "std_val_acc1": 0.8189690401900552,
  "mean_ema_acc1": 92.71455614123161,
  "mean_best_val_acc1": 93.79070448460509,
  "per_arch": [
    {
      "arch_index": 0,
      "nas_quant_acc1": 10.0,
      "val_acc1": 95.79583960843372,
      "ema_acc1": 90.81419427710844,
      "best_val_acc1": 95.79583960843372,
      "best_ema_acc1": 92.39081325301206,
      "epochs_completed": 111,
      "nas_rank": 14,
      "val_rank": 0,
      "ema_rank": 14,
      "best_rank": 0
    },
    {
      "arch_index": 1,
      "nas_quant_acc1": 63.5,
      "val_acc1": 92.26546812248995,
      "ema_acc1": 91.07947414658635,
      "best_val_acc1": 92.26546812248995,
      "best_ema_acc1": 91.11853664658635,
      "epochs_completed": 111,
      "nas_rank": 13,
      "val_rank": 14,
      "ema_rank": 13,
      "best_rank": 14
    },
    {
      "arch_index": 2,
      "nas_quant_acc1": 68.25,
      "val_acc1": 92.4585843373494,
      "ema_acc1": 91.54226280120481,
      "best_val_acc1": 92.4585843373494,
      "best_ema_acc1": 91.54226280120481,
      "epochs_completed": 111,
      "nas_rank": 12,
      "val_rank": 13,
      "ema_rank": 12,
      "best_rank": 13
    },
    {
      "arch_index": 3,
      "nas_quant_acc1": 71.5,
      "val_acc1": 93.41569402610442,
      "ema_acc1": 92.63930722891565,
      "best_val_acc1": 93.49272088353413,
      "best_ema_acc1": 92.63930722891565,
      "epochs_completed": 111,
      "nas_rank": 11,
      "val_rank": 11,
      "ema_rank": 10,
      "best_rank": 11
    },
    {
      "arch_index": 4,
      "nas_quant_acc1": 74.0,
      "val_acc1": 93.22414658634538,
      "ema_acc1": 92.46187876506023,
      "best_val_acc1": 93.22414658634538,
      "best_ema_acc1": 92.46187876506023,
      "epochs_completed": 111,
      "nas_rank": 10,
      "val_rank": 12,
      "ema_rank": 11,
      "best_rank": 12
    },
    {
      "arch_index": 5,
      "nas_quant_acc1": 75.5,
      "val_acc1": 93.74607806224898,
      "ema_acc1": 93.20516440763052,
      "best_val_acc1": 93.8703250502008,
      "best_ema_acc1": 93.25128639558233,
      "epochs_completed": 111,
      "nas_rank": 9,
      "val_rank": 7,
      "ema_rank": 5,
      "best_rank": 6
    },
    {
      "arch_index": 6,
      "nas_quant_acc1": 76.5,
      "val_acc1": 94.03363453815261,
      "ema_acc1": 93.15308107429719,
      "best_val_acc1": 94.03363453815261,
      "best_ema_acc1": 93.15308107429719,
      "epochs_completed": 111,
      "nas_rank": 8,
      "val_rank": 4,
      "ema_rank": 6,
      "best_rank": 4
    },
    {
      "arch_index": 7,
      "nas_quant_acc1": 77.25,
      "val_acc1": 93.6136734437751,
      "ema_acc1": 93.21818524096385,
      "best_val_acc1": 93.83502761044177,
      "best_ema_acc1": 93.21818524096385,
      "epochs_completed": 111,
      "nas_rank": 7,
      "val_rank": 10,
      "ema_rank": 4,
      "best_rank": 7
    },
    {
      "arch_index": 8,
      "nas_quant_acc1": 78.0,
      "val_acc1": 93.6207329317269,
      "ema_acc1": 93.05973895582329,
      "best_val_acc1": 93.6207329317269,
      "best_ema_acc1": 93.05973895582329,
      "epochs_completed": 111,
      "nas_rank": 6,
      "val_rank": 9,
      "ema_rank": 7,
      "best_rank": 10
    },
    {
      "arch_index": 9,
      "nas_quant_acc1": 78.5,
      "val_acc1": 94.33091741967873,
      "ema_acc1": 93.01361696787149,
      "best_val_acc1": 94.33091741967873,
      "best_ema_acc1": 93.01361696787149,
      "epochs_completed": 111,
      "nas_rank": 5,
      "val_rank": 2,
      "ema_rank": 8,
      "best_rank": 2
    },
    {
      "arch_index": 10,
      "nas_quant_acc1": 79.0,
      "val_acc1": 93.82420306224898,
      "ema_acc1": 92.93768825301206,
      "best_val_acc1": 93.82420306224898,
      "best_ema_acc1": 92.93768825301206,
      "epochs_completed": 111,
      "nas_rank": 4,
      "val_rank": 5,
      "ema_rank": 9,
      "best_rank": 8
    },
    {
      "arch_index": 11,
      "nas_quant_acc1": 79.75,
      "val_acc1": 94.0894829317269,
      "ema_acc1": 93.36737575301206,
      "best_val_acc1": 94.0894829317269,
      "best_ema_acc1": 93.36737575301206,
      "epochs_completed": 111,
      "nas_rank": 3,
      "val_rank": 3,
      "ema_rank": 1,
      "best_rank": 3
    },
    {
      "arch_index": 12,
      "nas_quant_acc1": 80.25,
      "val_acc1": 93.69775978915662,
      "ema_acc1": 93.27622991967873,
      "best_val_acc1": 93.70481927710844,
      "best_ema_acc1": 93.27622991967873,
      "epochs_completed": 111,
      "nas_rank": 2,
      "val_rank": 8,
      "ema_rank": 2,
      "best_rank": 9
    },
    {
      "arch_index": 13,
      "nas_quant_acc1": 81.25,
      "val_acc1": 93.82420306224898,
      "ema_acc1": 93.25018825301206,
      "best_val_acc1": 93.96256902610442,
      "best_ema_acc1": 93.25018825301206,
      "epochs_completed": 111,
      "nas_rank": 1,
      "val_rank": 6,
      "ema_rank": 3,
      "best_rank": 5
    },
    {
      "arch_index": 14,
      "nas_quant_acc1": 85.5,
      "val_acc1": 94.35209588353413,
      "ema_acc1": 93.69995607429719,
      "best_val_acc1": 94.35209588353413,
      "best_ema_acc1": 93.69995607429719,
      "epochs_completed": 111,
      "nas_rank": 0,
      "val_rank": 1,
      "ema_rank": 0,
      "best_rank": 1
    }
  ],
  "timestamp": "2026-06-04T01:19:19.090587"
}