{
  "cycle": 89,
  "completed_arch_indices": [
    0,
    1,
    2,
    3,
    4,
    5,
    6,
    7,
    8,
    9,
    10,
    11,
    12,
    13,
    14
  ],
  "cycle_val_results": {
    "0": [
      95.07263428714859,
      89.19521837349399,
      95.42419678714859,
      92.39081325301206
    ],
    "1": [
      91.4038968373494,
      90.18103664658635,
      91.75169427710844,
      90.18103664658635
    ],
    "2": [
      92.14122113453816,
      90.82392068273093,
      92.14122113453816,
      90.82392068273093
    ],
    "3": [
      93.09989959839358,
      92.16239959839358,
      93.09989959839358,
      92.16239959839358
    ],
    "4": [
      92.85250376506023,
      91.78589357429719,
      92.85250376506023,
      91.78589357429719
    ],
    "5": [
      93.64191139558233,
      92.45591741967873,
      93.6750125502008,
      92.45591741967873
    ],
    "6": [
      93.67877761044177,
      92.5589859437751,
      93.76019703815261,
      92.5589859437751
    ],
    "7": [
      93.58763177710844,
      92.35661395582329,
      93.70042670682732,
      92.36257530120481
    ],
    "8": [
      93.19481049196787,
      92.48682228915662,
      93.43247991967873,
      92.48682228915662
    ],
    "9": [
      93.84538152610442,
      91.58509036144578,
      94.00649472891565,
      91.58509036144578
    ],
    "10": [
      93.54370607429719,
      92.12333709839358,
      93.54370607429719,
      92.12333709839358
    ],
    "11": [
      93.17316139558233,
      92.65719126506023,
      93.72709588353413,
      92.65719126506023
    ],
    "12": [
      93.32235190763052,
      92.52211972891565,
      93.39341741967873,
      92.52211972891565
    ],
    "13": [
      93.36141440763052,
      92.4808609437751,
      93.55186370481927,
      92.4808609437751
    ],
    "14": [
      93.98045306224898,
      92.83352158634538,
      94.20290537148594,
      92.83352158634538
    ]
  }
}