{
  "cycle": 89,
  "n_archs": 15,
  "spearman_r": 0.28571428571428564,
  "spearman_p": 0.3019363513225493,
  "pearson_r": -0.3485105674604933,
  "pearson_p": 0.20300060405930126,
  "kendall_tau": 0.23809523809523814,
  "kendall_p": 0.23945881568583288,
  "bootstrap_ci_spearman": [
    -0.4327272727272728,
    0.8589511754068715
  ],
  "spearman_r_ema": 0.7499999999999999,
  "spearman_p_ema": 0.001280898450935536,
  "pearson_r_ema": 0.8619859462629166,
  "pearson_p_ema": 3.596796394932445e-05,
  "kendall_tau_ema": 0.6000000000000001,
  "kendall_p_ema": 0.0012858607977242237,
  "bootstrap_ci_spearman_ema": [
    0.3076714801444043,
    0.9591172201797806
  ],
  "spearman_r_best": 0.3285714285714285,
  "spearman_p_best": 0.23180969720615968,
  "pearson_r_best": -0.3904632497618764,
  "pearson_p_best": 0.15017005722720636,
  "kendall_tau_best": 0.29523809523809524,
  "kendall_p_best": 0.13946285911906778,
  "bootstrap_ci_spearman_best": [
    -0.32222826086956524,
    0.8786931054414451
  ],
  "mean_val_acc1": 93.3266503514056,
  "std_val_acc1": 0.8239378254018089,
  "mean_ema_acc1": 91.8805952978581,
  "mean_best_val_acc1": 93.48420766398928,
  "per_arch": [
    {
      "arch_index": 0,
      "nas_quant_acc1": 10.0,
      "val_acc1": 95.07263428714859,
      "ema_acc1": 89.19521837349399,
      "best_val_acc1": 95.42419678714859,
      "best_ema_acc1": 92.39081325301206,
      "epochs_completed": 90,
      "nas_rank": 14,
      "val_rank": 0,
      "ema_rank": 14,
      "best_rank": 0
    },
    {
      "arch_index": 1,
      "nas_quant_acc1": 63.5,
      "val_acc1": 91.4038968373494,
      "ema_acc1": 90.18103664658635,
      "best_val_acc1": 91.75169427710844,
      "best_ema_acc1": 90.18103664658635,
      "epochs_completed": 90,
      "nas_rank": 13,
      "val_rank": 14,
      "ema_rank": 13,
      "best_rank": 14
    },
    {
      "arch_index": 2,
      "nas_quant_acc1": 68.25,
      "val_acc1": 92.14122113453816,
      "ema_acc1": 90.82392068273093,
      "best_val_acc1": 92.14122113453816,
      "best_ema_acc1": 90.82392068273093,
      "epochs_completed": 90,
      "nas_rank": 12,
      "val_rank": 13,
      "ema_rank": 12,
      "best_rank": 13
    },
    {
      "arch_index": 3,
      "nas_quant_acc1": 71.5,
      "val_acc1": 93.09989959839358,
      "ema_acc1": 92.16239959839358,
      "best_val_acc1": 93.09989959839358,
      "best_ema_acc1": 92.16239959839358,
      "epochs_completed": 90,
      "nas_rank": 11,
      "val_rank": 11,
      "ema_rank": 8,
      "best_rank": 11
    },
    {
      "arch_index": 4,
      "nas_quant_acc1": 74.0,
      "val_acc1": 92.85250376506023,
      "ema_acc1": 91.78589357429719,
      "best_val_acc1": 92.85250376506023,
      "best_ema_acc1": 91.78589357429719,
      "epochs_completed": 90,
      "nas_rank": 10,
      "val_rank": 12,
      "ema_rank": 10,
      "best_rank": 12
    },
    {
      "arch_index": 5,
      "nas_quant_acc1": 75.5,
      "val_acc1": 93.64191139558233,
      "ema_acc1": 92.45591741967873,
      "best_val_acc1": 93.6750125502008,
      "best_ema_acc1": 92.45591741967873,
      "epochs_completed": 90,
      "nas_rank": 9,
      "val_rank": 4,
      "ema_rank": 6,
      "best_rank": 6
    },
    {
      "arch_index": 6,
      "nas_quant_acc1": 76.5,
      "val_acc1": 93.67877761044177,
      "ema_acc1": 92.5589859437751,
      "best_val_acc1": 93.76019703815261,
      "best_ema_acc1": 92.5589859437751,
      "epochs_completed": 90,
      "nas_rank": 8,
      "val_rank": 3,
      "ema_rank": 2,
      "best_rank": 3
    },
    {
      "arch_index": 7,
      "nas_quant_acc1": 77.25,
      "val_acc1": 93.58763177710844,
      "ema_acc1": 92.35661395582329,
      "best_val_acc1": 93.70042670682732,
      "best_ema_acc1": 92.36257530120481,
      "epochs_completed": 90,
      "nas_rank": 7,
      "val_rank": 5,
      "ema_rank": 7,
      "best_rank": 5
    },
    {
      "arch_index": 8,
      "nas_quant_acc1": 78.0,
      "val_acc1": 93.19481049196787,
      "ema_acc1": 92.48682228915662,
      "best_val_acc1": 93.43247991967873,
      "best_ema_acc1": 92.48682228915662,
      "epochs_completed": 90,
      "nas_rank": 6,
      "val_rank": 9,
      "ema_rank": 4,
      "best_rank": 9
    },
    {
      "arch_index": 9,
      "nas_quant_acc1": 78.5,
      "val_acc1": 93.84538152610442,
      "ema_acc1": 91.58509036144578,
      "best_val_acc1": 94.00649472891565,
      "best_ema_acc1": 91.58509036144578,
      "epochs_completed": 90,
      "nas_rank": 5,
      "val_rank": 2,
      "ema_rank": 11,
      "best_rank": 2
    },
    {
      "arch_index": 10,
      "nas_quant_acc1": 79.0,
      "val_acc1": 93.54370607429719,
      "ema_acc1": 92.12333709839358,
      "best_val_acc1": 93.54370607429719,
      "best_ema_acc1": 92.12333709839358,
      "epochs_completed": 90,
      "nas_rank": 4,
      "val_rank": 6,
      "ema_rank": 9,
      "best_rank": 8
    },
    {
      "arch_index": 11,
      "nas_quant_acc1": 79.75,
      "val_acc1": 93.17316139558233,
      "ema_acc1": 92.65719126506023,
      "best_val_acc1": 93.72709588353413,
      "best_ema_acc1": 92.65719126506023,
      "epochs_completed": 90,
      "nas_rank": 3,
      "val_rank": 10,
      "ema_rank": 1,
      "best_rank": 4
    },
    {
      "arch_index": 12,
      "nas_quant_acc1": 80.25,
      "val_acc1": 93.32235190763052,
      "ema_acc1": 92.52211972891565,
      "best_val_acc1": 93.39341741967873,
      "best_ema_acc1": 92.52211972891565,
      "epochs_completed": 90,
      "nas_rank": 2,
      "val_rank": 8,
      "ema_rank": 3,
      "best_rank": 10
    },
    {
      "arch_index": 13,
      "nas_quant_acc1": 81.25,
      "val_acc1": 93.36141440763052,
      "ema_acc1": 92.4808609437751,
      "best_val_acc1": 93.55186370481927,
      "best_ema_acc1": 92.4808609437751,
      "epochs_completed": 90,
      "nas_rank": 1,
      "val_rank": 7,
      "ema_rank": 5,
      "best_rank": 7
    },
    {
      "arch_index": 14,
      "nas_quant_acc1": 85.5,
      "val_acc1": 93.98045306224898,
      "ema_acc1": 92.83352158634538,
      "best_val_acc1": 94.20290537148594,
      "best_ema_acc1": 92.83352158634538,
      "epochs_completed": 90,
      "nas_rank": 0,
      "val_rank": 1,
      "ema_rank": 0,
      "best_rank": 1
    }
  ],
  "timestamp": "2026-06-03T23:34:07.609259"
}