{
  "cycle": 79,
  "completed_arch_indices": [
    0,
    1,
    2,
    3,
    4,
    5,
    6,
    7,
    8,
    9,
    10,
    11,
    12,
    13,
    14
  ],
  "cycle_val_results": {
    "0": [
      94.86806601405623,
      89.55980170682732,
      95.23484563253012,
      92.39081325301206
    ],
    "1": [
      91.61332831325302,
      89.8023343373494,
      91.75169427710844,
      89.8023343373494
    ],
    "2": [
      92.12710215863453,
      90.30198920682732,
      92.13416164658635,
      90.31501004016064
    ],
    "3": [
      92.4879204317269,
      91.77067645582329,
      92.80528363453816,
      91.77067645582329
    ],
    "4": [
      92.3246109437751,
      91.62744728915662,
      92.63491465863453,
      91.62744728915662
    ],
    "5": [
      93.49868222891565,
      92.27958709839358,
      93.6750125502008,
      92.27958709839358
    ],
    "6": [
      93.74717620481927,
      92.07015562248995,
      93.74717620481927,
      92.08913780120481
    ],
    "7": [
      93.31309613453816,
      92.24538780120481,
      93.70042670682732,
      92.24538780120481
    ],
    "8": [
      93.23606927710844,
      92.33057228915662,
      93.23606927710844,
      92.37669427710844
    ],
    "9": [
      93.79816139558233,
      91.07727786144578,
      93.79816139558233,
      91.07727786144578
    ],
    "10": [
      93.3863579317269,
      91.95892946787149,
      93.3863579317269,
      91.95892946787149
    ],
    "11": [
      93.62183107429719,
      92.33653363453816,
      93.62998870481927,
      92.33653363453816
    ],
    "12": [
      93.05487575301206,
      92.20852158634538,
      93.32125376506023,
      92.20852158634538
    ],
    "13": [
      93.34839357429719,
      92.32570908634538,
      93.55186370481927,
      92.32570908634538
    ],
    "14": [
      93.81933985943776,
      92.45591741967873,
      94.20290537148594,
      92.49497991967873
    ]
  }
}