{
  "cycle": 79,
  "n_archs": 15,
  "spearman_r": 0.3428571428571428,
  "spearman_p": 0.21092379341475206,
  "pearson_r": -0.32499154983210743,
  "pearson_p": 0.23723834445097317,
  "kendall_tau": 0.29523809523809524,
  "kendall_p": 0.13946285911906778,
  "bootstrap_ci_spearman": [
    -0.3333634719710668,
    0.8876853921170258
  ],
  "spearman_r_ema": 0.7749999999999999,
  "spearman_p_ema": 0.0006896453939514363,
  "pearson_r_ema": 0.7627222831074207,
  "pearson_p_ema": 0.0009432653156008222,
  "kendall_tau_ema": 0.6380952380952382,
  "kendall_p_ema": 0.0005320215605847219,
  "bootstrap_ci_spearman_ema": [
    0.3639663875147866,
    0.9634385967253367
  ],
  "spearman_r_best": 0.3071428571428571,
  "spearman_p_best": 0.2654726857102779,
  "pearson_r_best": -0.3668011493027181,
  "pearson_p_best": 0.17868494096601778,
  "kendall_tau_best": 0.2761904761904762,
  "kendall_p_best": 0.16857787367749338,
  "bootstrap_ci_spearman_best": [
    -0.34553684432569265,
    0.8686250829462506
  ],
  "mean_val_acc1": 93.21633408634538,
  "std_val_acc1": 0.8071235643762116,
  "mean_ema_acc1": 91.62338939089692,
  "mean_best_val_acc1": 93.38734103078981,
  "per_arch": [
    {
      "arch_index": 0,
      "nas_quant_acc1": 10.0,
      "val_acc1": 94.86806601405623,
      "ema_acc1": 89.55980170682732,
      "best_val_acc1": 95.23484563253012,
      "best_ema_acc1": 92.39081325301206,
      "epochs_completed": 80,
      "nas_rank": 14,
      "val_rank": 0,
      "ema_rank": 14,
      "best_rank": 0
    },
    {
      "arch_index": 1,
      "nas_quant_acc1": 63.5,
      "val_acc1": 91.61332831325302,
      "ema_acc1": 89.8023343373494,
      "best_val_acc1": 91.75169427710844,
      "best_ema_acc1": 89.8023343373494,
      "epochs_completed": 80,
      "nas_rank": 13,
      "val_rank": 14,
      "ema_rank": 13,
      "best_rank": 14
    },
    {
      "arch_index": 2,
      "nas_quant_acc1": 68.25,
      "val_acc1": 92.12710215863453,
      "ema_acc1": 90.30198920682732,
      "best_val_acc1": 92.13416164658635,
      "best_ema_acc1": 90.31501004016064,
      "epochs_completed": 80,
      "nas_rank": 12,
      "val_rank": 13,
      "ema_rank": 12,
      "best_rank": 13
    },
    {
      "arch_index": 3,
      "nas_quant_acc1": 71.5,
      "val_acc1": 92.4879204317269,
      "ema_acc1": 91.77067645582329,
      "best_val_acc1": 92.80528363453816,
      "best_ema_acc1": 91.77067645582329,
      "epochs_completed": 80,
      "nas_rank": 11,
      "val_rank": 11,
      "ema_rank": 9,
      "best_rank": 11
    },
    {
      "arch_index": 4,
      "nas_quant_acc1": 74.0,
      "val_acc1": 92.3246109437751,
      "ema_acc1": 91.62744728915662,
      "best_val_acc1": 92.63491465863453,
      "best_ema_acc1": 91.62744728915662,
      "epochs_completed": 80,
      "nas_rank": 10,
      "val_rank": 12,
      "ema_rank": 10,
      "best_rank": 12
    },
    {
      "arch_index": 5,
      "nas_quant_acc1": 75.5,
      "val_acc1": 93.49868222891565,
      "ema_acc1": 92.27958709839358,
      "best_val_acc1": 93.6750125502008,
      "best_ema_acc1": 92.27958709839358,
      "epochs_completed": 80,
      "nas_rank": 9,
      "val_rank": 5,
      "ema_rank": 4,
      "best_rank": 5
    },
    {
      "arch_index": 6,
      "nas_quant_acc1": 76.5,
      "val_acc1": 93.74717620481927,
      "ema_acc1": 92.07015562248995,
      "best_val_acc1": 93.74717620481927,
      "best_ema_acc1": 92.08913780120481,
      "epochs_completed": 80,
      "nas_rank": 8,
      "val_rank": 3,
      "ema_rank": 7,
      "best_rank": 3
    },
    {
      "arch_index": 7,
      "nas_quant_acc1": 77.25,
      "val_acc1": 93.31309613453816,
      "ema_acc1": 92.24538780120481,
      "best_val_acc1": 93.70042670682732,
      "best_ema_acc1": 92.24538780120481,
      "epochs_completed": 80,
      "nas_rank": 7,
      "val_rank": 8,
      "ema_rank": 5,
      "best_rank": 4
    },
    {
      "arch_index": 8,
      "nas_quant_acc1": 78.0,
      "val_acc1": 93.23606927710844,
      "ema_acc1": 92.33057228915662,
      "best_val_acc1": 93.23606927710844,
      "best_ema_acc1": 92.37669427710844,
      "epochs_completed": 80,
      "nas_rank": 6,
      "val_rank": 9,
      "ema_rank": 2,
      "best_rank": 10
    },
    {
      "arch_index": 9,
      "nas_quant_acc1": 78.5,
      "val_acc1": 93.79816139558233,
      "ema_acc1": 91.07727786144578,
      "best_val_acc1": 93.79816139558233,
      "best_ema_acc1": 91.07727786144578,
      "epochs_completed": 80,
      "nas_rank": 5,
      "val_rank": 2,
      "ema_rank": 11,
      "best_rank": 2
    },
    {
      "arch_index": 10,
      "nas_quant_acc1": 79.0,
      "val_acc1": 93.3863579317269,
      "ema_acc1": 91.95892946787149,
      "best_val_acc1": 93.3863579317269,
      "best_ema_acc1": 91.95892946787149,
      "epochs_completed": 80,
      "nas_rank": 4,
      "val_rank": 6,
      "ema_rank": 8,
      "best_rank": 8
    },
    {
      "arch_index": 11,
      "nas_quant_acc1": 79.75,
      "val_acc1": 93.62183107429719,
      "ema_acc1": 92.33653363453816,
      "best_val_acc1": 93.62998870481927,
      "best_ema_acc1": 92.33653363453816,
      "epochs_completed": 80,
      "nas_rank": 3,
      "val_rank": 4,
      "ema_rank": 1,
      "best_rank": 6
    },
    {
      "arch_index": 12,
      "nas_quant_acc1": 80.25,
      "val_acc1": 93.05487575301206,
      "ema_acc1": 92.20852158634538,
      "best_val_acc1": 93.32125376506023,
      "best_ema_acc1": 92.20852158634538,
      "epochs_completed": 80,
      "nas_rank": 2,
      "val_rank": 10,
      "ema_rank": 6,
      "best_rank": 9
    },
    {
      "arch_index": 13,
      "nas_quant_acc1": 81.25,
      "val_acc1": 93.34839357429719,
      "ema_acc1": 92.32570908634538,
      "best_val_acc1": 93.55186370481927,
      "best_ema_acc1": 92.32570908634538,
      "epochs_completed": 80,
      "nas_rank": 1,
      "val_rank": 7,
      "ema_rank": 3,
      "best_rank": 7
    },
    {
      "arch_index": 14,
      "nas_quant_acc1": 85.5,
      "val_acc1": 93.81933985943776,
      "ema_acc1": 92.45591741967873,
      "best_val_acc1": 94.20290537148594,
      "best_ema_acc1": 92.49497991967873,
      "epochs_completed": 80,
      "nas_rank": 0,
      "val_rank": 1,
      "ema_rank": 0,
      "best_rank": 1
    }
  ],
  "timestamp": "2026-06-03T22:44:04.236510"
}