{
  "cycle": 141,
  "completed_arch_indices": [
    0,
    1,
    2,
    3,
    4,
    5,
    6,
    7,
    8,
    9,
    10,
    11,
    12,
    13,
    14
  ],
  "cycle_val_results": {
    "0": [
      90.93844126506023,
      94.41343498995984,
      95.79583960843372,
      94.41343498995984
    ],
    "1": [
      87.06623368473896,
      92.07611696787149,
      92.46187876506023,
      92.07611696787149
    ],
    "2": [
      87.35755522088354,
      92.76731927710844,
      92.76998619477912,
      92.76731927710844
    ],
    "3": [
      88.62716490963855,
      93.77431601405623,
      93.73415537148594,
      93.77431601405623
    ],
    "4": [
      89.02861445783132,
      93.24422690763052,
      93.37223895582329,
      93.24422690763052
    ],
    "5": [
      89.47948042168674,
      94.35209588353413,
      94.22784889558233,
      94.35209588353413
    ],
    "6": [
      86.18301330321286,
      94.20996485943776,
      94.11772088353413,
      94.20996485943776
    ],
    "7": [
      88.79910266064257,
      93.93213478915662,
      94.08728664658635,
      93.93213478915662
    ],
    "8": [
      89.08069779116467,
      93.90828940763052,
      94.0504204317269,
      93.90828940763052
    ],
    "9": [
      90.1777422188755,
      94.4172000502008,
      94.4253576807229,
      94.44324171686748
    ],
    "10": [
      88.99112073293172,
      93.8089859437751,
      94.21263177710844,
      93.8089859437751
    ],
    "11": [
      88.88052208835342,
      94.06453940763052,
      94.0894829317269,
      94.06453940763052
    ],
    "12": [
      86.99783509036145,
      94.08352158634538,
      93.97339357429719,
      94.08352158634538
    ],
    "13": [
      90.15656375502007,
      93.82420306224898,
      93.97449171686748,
      93.84538152610442
    ],
    "14": [
      88.87016817269075,
      94.32495607429719,
      94.36731300200803,
      94.37703940763052
    ]
  }
}