{
  "cycle": 141,
  "n_archs": 15,
  "spearman_r": 0.06071428571428571,
  "spearman_p": 0.8298120954425188,
  "pearson_r": -0.33433066310469134,
  "pearson_p": 0.22324020715715123,
  "kendall_tau": 0.06666666666666668,
  "kendall_p": 0.770495669755301,
  "bootstrap_ci_spearman": [
    -0.522957623416339,
    0.6642740557539009
  ],
  "spearman_r_ema": 0.2928571428571428,
  "spearman_p_ema": 0.289471667212401,
  "pearson_r_ema": 0.0018538425892019941,
  "pearson_p_ema": 0.9947683555799441,
  "kendall_tau_ema": 0.23809523809523814,
  "kendall_p_ema": 0.23945881568583288,
  "bootstrap_ci_spearman_ema": [
    -0.3566471600107934,
    0.8342423489666134
  ],
  "spearman_r_best": 0.2714285714285714,
  "spearman_p_best": 0.3277893068411727,
  "pearson_r_best": -0.4378049545596794,
  "pearson_p_best": 0.10265138521655313,
  "kendall_tau_best": 0.20000000000000004,
  "kendall_p_best": 0.3282335876694342,
  "bootstrap_ci_spearman_best": [
    -0.3804347826086958,
    0.8411741479082606
  ],
  "mean_val_acc1": 88.70895038487282,
  "std_val_acc1": 1.3104139602643543,
  "mean_ema_acc1": 93.81342034805888,
  "mean_best_val_acc1": 93.97733642904954,
  "per_arch": [
    {
      "arch_index": 0,
      "nas_quant_acc1": 10.0,
      "val_acc1": 90.93844126506023,
      "ema_acc1": 94.41343498995984,
      "best_val_acc1": 95.79583960843372,
      "best_ema_acc1": 94.41343498995984,
      "epochs_completed": 142,
      "nas_rank": 14,
      "val_rank": 0,
      "ema_rank": 1,
      "best_rank": 0
    },
    {
      "arch_index": 1,
      "nas_quant_acc1": 63.5,
      "val_acc1": 87.06623368473896,
      "ema_acc1": 92.07611696787149,
      "best_val_acc1": 92.46187876506023,
      "best_ema_acc1": 92.07611696787149,
      "epochs_completed": 142,
      "nas_rank": 13,
      "val_rank": 12,
      "ema_rank": 14,
      "best_rank": 14
    },
    {
      "arch_index": 2,
      "nas_quant_acc1": 68.25,
      "val_acc1": 87.35755522088354,
      "ema_acc1": 92.76731927710844,
      "best_val_acc1": 92.76998619477912,
      "best_ema_acc1": 92.76731927710844,
      "epochs_completed": 142,
      "nas_rank": 12,
      "val_rank": 11,
      "ema_rank": 13,
      "best_rank": 13
    },
    {
      "arch_index": 3,
      "nas_quant_acc1": 71.5,
      "val_acc1": 88.62716490963855,
      "ema_acc1": 93.77431601405623,
      "best_val_acc1": 93.73415537148594,
      "best_ema_acc1": 93.77431601405623,
      "epochs_completed": 142,
      "nas_rank": 11,
      "val_rank": 10,
      "ema_rank": 11,
      "best_rank": 11
    },
    {
      "arch_index": 4,
      "nas_quant_acc1": 74.0,
      "val_acc1": 89.02861445783132,
      "ema_acc1": 93.24422690763052,
      "best_val_acc1": 93.37223895582329,
      "best_ema_acc1": 93.24422690763052,
      "epochs_completed": 142,
      "nas_rank": 10,
      "val_rank": 5,
      "ema_rank": 12,
      "best_rank": 12
    },
    {
      "arch_index": 5,
      "nas_quant_acc1": 75.5,
      "val_acc1": 89.47948042168674,
      "ema_acc1": 94.35209588353413,
      "best_val_acc1": 94.22784889558233,
      "best_ema_acc1": 94.35209588353413,
      "epochs_completed": 142,
      "nas_rank": 9,
      "val_rank": 3,
      "ema_rank": 2,
      "best_rank": 3
    },
    {
      "arch_index": 6,
      "nas_quant_acc1": 76.5,
      "val_acc1": 86.18301330321286,
      "ema_acc1": 94.20996485943776,
      "best_val_acc1": 94.11772088353413,
      "best_ema_acc1": 94.20996485943776,
      "epochs_completed": 142,
      "nas_rank": 8,
      "val_rank": 14,
      "ema_rank": 4,
      "best_rank": 5
    },
    {
      "arch_index": 7,
      "nas_quant_acc1": 77.25,
      "val_acc1": 88.79910266064257,
      "ema_acc1": 93.93213478915662,
      "best_val_acc1": 94.08728664658635,
      "best_ema_acc1": 93.93213478915662,
      "epochs_completed": 142,
      "nas_rank": 7,
      "val_rank": 9,
      "ema_rank": 7,
      "best_rank": 7
    },
    {
      "arch_index": 8,
      "nas_quant_acc1": 78.0,
      "val_acc1": 89.08069779116467,
      "ema_acc1": 93.90828940763052,
      "best_val_acc1": 94.0504204317269,
      "best_ema_acc1": 93.90828940763052,
      "epochs_completed": 142,
      "nas_rank": 6,
      "val_rank": 4,
      "ema_rank": 8,
      "best_rank": 8
    },
    {
      "arch_index": 9,
      "nas_quant_acc1": 78.5,
      "val_acc1": 90.1777422188755,
      "ema_acc1": 94.4172000502008,
      "best_val_acc1": 94.4253576807229,
      "best_ema_acc1": 94.44324171686748,
      "epochs_completed": 142,
      "nas_rank": 5,
      "val_rank": 1,
      "ema_rank": 0,
      "best_rank": 1
    },
    {
      "arch_index": 10,
      "nas_quant_acc1": 79.0,
      "val_acc1": 88.99112073293172,
      "ema_acc1": 93.8089859437751,
      "best_val_acc1": 94.21263177710844,
      "best_ema_acc1": 93.8089859437751,
      "epochs_completed": 142,
      "nas_rank": 4,
      "val_rank": 6,
      "ema_rank": 10,
      "best_rank": 4
    },
    {
      "arch_index": 11,
      "nas_quant_acc1": 79.75,
      "val_acc1": 88.88052208835342,
      "ema_acc1": 94.06453940763052,
      "best_val_acc1": 94.0894829317269,
      "best_ema_acc1": 94.06453940763052,
      "epochs_completed": 142,
      "nas_rank": 3,
      "val_rank": 7,
      "ema_rank": 6,
      "best_rank": 6
    },
    {
      "arch_index": 12,
      "nas_quant_acc1": 80.25,
      "val_acc1": 86.99783509036145,
      "ema_acc1": 94.08352158634538,
      "best_val_acc1": 93.97339357429719,
      "best_ema_acc1": 94.08352158634538,
      "epochs_completed": 142,
      "nas_rank": 2,
      "val_rank": 13,
      "ema_rank": 5,
      "best_rank": 10
    },
    {
      "arch_index": 13,
      "nas_quant_acc1": 81.25,
      "val_acc1": 90.15656375502007,
      "ema_acc1": 93.82420306224898,
      "best_val_acc1": 93.97449171686748,
      "best_ema_acc1": 93.84538152610442,
      "epochs_completed": 142,
      "nas_rank": 1,
      "val_rank": 2,
      "ema_rank": 9,
      "best_rank": 9
    },
    {
      "arch_index": 14,
      "nas_quant_acc1": 85.5,
      "val_acc1": 88.87016817269075,
      "ema_acc1": 94.32495607429719,
      "best_val_acc1": 94.36731300200803,
      "best_ema_acc1": 94.37703940763052,
      "epochs_completed": 142,
      "nas_rank": 0,
      "val_rank": 8,
      "ema_rank": 3,
      "best_rank": 2
    }
  ],
  "timestamp": "2026-06-04T08:35:50.163621"
}