{
  "cycle": 137,
  "completed_arch_indices": [
    0,
    1,
    2,
    3,
    4,
    5,
    6,
    7,
    8,
    9,
    10,
    11,
    12,
    13,
    14
  ],
  "cycle_val_results": {
    "0": [
      94.39225652610442,
      94.02877133534136,
      95.79583960843372,
      94.02877133534136
    ],
    "1": [
      90.20268574297188,
      91.86778363453816,
      92.26546812248995,
      91.86778363453816
    ],
    "2": [
      91.1933672188755,
      92.49984312248995,
      92.76998619477912,
      92.62409011044177
    ],
    "3": [
      92.46893825301206,
      93.6831701807229,
      93.73415537148594,
      93.6831701807229
    ],
    "4": [
      91.60736696787149,
      93.13300075301206,
      93.37223895582329,
      93.13300075301206
    ],
    "5": [
      93.22524472891565,
      94.17576556224898,
      94.22784889558233,
      94.17576556224898
    ],
    "6": [
      92.55192645582329,
      94.02061370481927,
      94.11772088353413,
      94.02061370481927
    ],
    "7": [
      93.38196536144578,
      93.70481927710844,
      93.95817645582329,
      93.7699234437751
    ],
    "8": [
      92.51066767068274,
      93.68693524096385,
      93.75800075301206,
      93.69995607429719
    ],
    "9": [
      92.91870607429719,
      94.29891440763052,
      94.33091741967873,
      94.29891440763052
    ],
    "10": [
      92.48572414658635,
      93.78294427710844,
      94.21263177710844,
      93.78294427710844
    ],
    "11": [
      92.7542984437751,
      93.93433107429719,
      94.0894829317269,
      93.93433107429719
    ],
    "12": [
      92.53294427710844,
      93.90122991967873,
      93.97339357429719,
      93.90122991967873
    ],
    "13": [
      92.68699799196787,
      93.81228037148594,
      93.97449171686748,
      93.84538152610442
    ],
    "14": [
      92.29747113453816,
      94.26691139558233,
      94.36511671686748,
      94.26691139558233
    ]
  }
}