{
  "cycle": 137,
  "n_archs": 15,
  "spearman_r": 0.12857142857142856,
  "spearman_p": 0.6479163294665075,
  "pearson_r": -0.34422003700600984,
  "pearson_p": 0.20899601675854798,
  "kendall_tau": 0.08571428571428572,
  "kendall_p": 0.6971814254173712,
  "bootstrap_ci_spearman": [
    -0.5415162454873647,
    0.770935429056924
  ],
  "spearman_r_ema": 0.4464285714285714,
  "spearman_p_ema": 0.09529321315352625,
  "pearson_r_ema": 0.10773853939089975,
  "pearson_p_ema": 0.7023239377869893,
  "kendall_tau_ema": 0.3523809523809524,
  "kendall_p_ema": 0.07433498084899375,
  "bootstrap_ci_spearman_ema": [
    -0.15964220183486236,
    0.884057971014493
  ],
  "spearman_r_best": 0.3607142857142856,
  "spearman_p_best": 0.18655437415416354,
  "pearson_r_best": -0.43086991350983994,
  "pearson_p_best": 0.10884976631270904,
  "kendall_tau_best": 0.29523809523809524,
  "kendall_p_best": 0.13946285911906778,
  "bootstrap_ci_spearman_best": [
    -0.2960303934816369,
    0.8919630156472249
  ],
  "mean_val_acc1": 92.48070406626508,
  "std_val_acc1": 0.9629441872879526,
  "mean_ema_acc1": 93.6531542838019,
  "mean_best_val_acc1": 93.92969795850068,
  "per_arch": [
    {
      "arch_index": 0,
      "nas_quant_acc1": 10.0,
      "val_acc1": 94.39225652610442,
      "ema_acc1": 94.02877133534136,
      "best_val_acc1": 95.79583960843372,
      "best_ema_acc1": 94.02877133534136,
      "epochs_completed": 138,
      "nas_rank": 14,
      "val_rank": 0,
      "ema_rank": 3,
      "best_rank": 0
    },
    {
      "arch_index": 1,
      "nas_quant_acc1": 63.5,
      "val_acc1": 90.20268574297188,
      "ema_acc1": 91.86778363453816,
      "best_val_acc1": 92.26546812248995,
      "best_ema_acc1": 91.86778363453816,
      "epochs_completed": 138,
      "nas_rank": 13,
      "val_rank": 14,
      "ema_rank": 14,
      "best_rank": 14
    },
    {
      "arch_index": 2,
      "nas_quant_acc1": 68.25,
      "val_acc1": 91.1933672188755,
      "ema_acc1": 92.49984312248995,
      "best_val_acc1": 92.76998619477912,
      "best_ema_acc1": 92.62409011044177,
      "epochs_completed": 138,
      "nas_rank": 12,
      "val_rank": 13,
      "ema_rank": 13,
      "best_rank": 13
    },
    {
      "arch_index": 3,
      "nas_quant_acc1": 71.5,
      "val_acc1": 92.46893825301206,
      "ema_acc1": 93.6831701807229,
      "best_val_acc1": 93.73415537148594,
      "best_ema_acc1": 93.6831701807229,
      "epochs_completed": 138,
      "nas_rank": 11,
      "val_rank": 10,
      "ema_rank": 11,
      "best_rank": 11
    },
    {
      "arch_index": 4,
      "nas_quant_acc1": 74.0,
      "val_acc1": 91.60736696787149,
      "ema_acc1": 93.13300075301206,
      "best_val_acc1": 93.37223895582329,
      "best_ema_acc1": 93.13300075301206,
      "epochs_completed": 138,
      "nas_rank": 10,
      "val_rank": 12,
      "ema_rank": 12,
      "best_rank": 12
    },
    {
      "arch_index": 5,
      "nas_quant_acc1": 75.5,
      "val_acc1": 93.22524472891565,
      "ema_acc1": 94.17576556224898,
      "best_val_acc1": 94.22784889558233,
      "best_ema_acc1": 94.17576556224898,
      "epochs_completed": 138,
      "nas_rank": 9,
      "val_rank": 2,
      "ema_rank": 2,
      "best_rank": 3
    },
    {
      "arch_index": 6,
      "nas_quant_acc1": 76.5,
      "val_acc1": 92.55192645582329,
      "ema_acc1": 94.02061370481927,
      "best_val_acc1": 94.11772088353413,
      "best_ema_acc1": 94.02061370481927,
      "epochs_completed": 138,
      "nas_rank": 8,
      "val_rank": 6,
      "ema_rank": 4,
      "best_rank": 5
    },
    {
      "arch_index": 7,
      "nas_quant_acc1": 77.25,
      "val_acc1": 93.38196536144578,
      "ema_acc1": 93.70481927710844,
      "best_val_acc1": 93.95817645582329,
      "best_ema_acc1": 93.7699234437751,
      "epochs_completed": 138,
      "nas_rank": 7,
      "val_rank": 1,
      "ema_rank": 9,
      "best_rank": 9
    },
    {
      "arch_index": 8,
      "nas_quant_acc1": 78.0,
      "val_acc1": 92.51066767068274,
      "ema_acc1": 93.68693524096385,
      "best_val_acc1": 93.75800075301206,
      "best_ema_acc1": 93.69995607429719,
      "epochs_completed": 138,
      "nas_rank": 6,
      "val_rank": 8,
      "ema_rank": 10,
      "best_rank": 10
    },
    {
      "arch_index": 9,
      "nas_quant_acc1": 78.5,
      "val_acc1": 92.91870607429719,
      "ema_acc1": 94.29891440763052,
      "best_val_acc1": 94.33091741967873,
      "best_ema_acc1": 94.29891440763052,
      "epochs_completed": 138,
      "nas_rank": 5,
      "val_rank": 3,
      "ema_rank": 0,
      "best_rank": 2
    },
    {
      "arch_index": 10,
      "nas_quant_acc1": 79.0,
      "val_acc1": 92.48572414658635,
      "ema_acc1": 93.78294427710844,
      "best_val_acc1": 94.21263177710844,
      "best_ema_acc1": 93.78294427710844,
      "epochs_completed": 138,
      "nas_rank": 4,
      "val_rank": 9,
      "ema_rank": 8,
      "best_rank": 4
    },
    {
      "arch_index": 11,
      "nas_quant_acc1": 79.75,
      "val_acc1": 92.7542984437751,
      "ema_acc1": 93.93433107429719,
      "best_val_acc1": 94.0894829317269,
      "best_ema_acc1": 93.93433107429719,
      "epochs_completed": 138,
      "nas_rank": 3,
      "val_rank": 4,
      "ema_rank": 5,
      "best_rank": 6
    },
    {
      "arch_index": 12,
      "nas_quant_acc1": 80.25,
      "val_acc1": 92.53294427710844,
      "ema_acc1": 93.90122991967873,
      "best_val_acc1": 93.97339357429719,
      "best_ema_acc1": 93.90122991967873,
      "epochs_completed": 138,
      "nas_rank": 2,
      "val_rank": 7,
      "ema_rank": 6,
      "best_rank": 8
    },
    {
      "arch_index": 13,
      "nas_quant_acc1": 81.25,
      "val_acc1": 92.68699799196787,
      "ema_acc1": 93.81228037148594,
      "best_val_acc1": 93.97449171686748,
      "best_ema_acc1": 93.84538152610442,
      "epochs_completed": 138,
      "nas_rank": 1,
      "val_rank": 5,
      "ema_rank": 7,
      "best_rank": 7
    },
    {
      "arch_index": 14,
      "nas_quant_acc1": 85.5,
      "val_acc1": 92.29747113453816,
      "ema_acc1": 94.26691139558233,
      "best_val_acc1": 94.36511671686748,
      "best_ema_acc1": 94.26691139558233,
      "epochs_completed": 138,
      "nas_rank": 0,
      "val_rank": 11,
      "ema_rank": 1,
      "best_rank": 1
    }
  ],
  "timestamp": "2026-06-04T08:17:16.145801"
}