{
  "cycle": 31,
  "completed_arch_indices": [
    0,
    1,
    2,
    3,
    4,
    5,
    6,
    7,
    8,
    9,
    10,
    11,
    12,
    13,
    14
  ],
  "cycle_val_results": {
    "0": [
      89.78821536144578,
      90.72414658634538,
      94.50944402610442,
      90.72414658634538
    ],
    "1": [
      84.93238579317268,
      84.53140687751005,
      90.47455446787149,
      84.53140687751005
    ],
    "2": [
      86.56438253012047,
      85.24818022088354,
      90.9671498493976,
      85.24818022088354
    ],
    "3": [
      88.04828689759036,
      87.75696536144578,
      92.05980170682732,
      87.75696536144578
    ],
    "4": [
      86.17046310240964,
      87.41732555220884,
      91.61928965863453,
      87.41732555220884
    ],
    "5": [
      88.83659638554217,
      89.2874623493976,
      93.12703940763052,
      89.2874623493976
    ],
    "6": [
      88.15512048192771,
      88.66512926706828,
      92.67507530120481,
      88.66512926706828
    ],
    "7": [
      89.34707580321286,
      88.49695657630521,
      92.55302459839358,
      88.49695657630521
    ],
    "8": [
      86.60454317269075,
      88.3027422188755,
      92.53184613453816,
      88.3027422188755
    ],
    "9": [
      89.2793047188755,
      75.65982680722891,
      92.57200677710844,
      75.65982680722891
    ],
    "10": [
      88.64018574297188,
      88.39765311244979,
      92.90678338353413,
      88.39765311244979
    ],
    "11": [
      88.14915913654619,
      89.00210215863453,
      92.71037274096385,
      89.00210215863453
    ],
    "12": [
      87.62456074297188,
      88.77855170682732,
      92.47380145582329,
      88.77855170682732
    ],
    "13": [
      87.6331890060241,
      88.5371172188755,
      92.47003639558233,
      88.5371172188755
    ],
    "14": [
      88.97166792168674,
      89.89787274096385,
      93.25128639558233,
      89.89787274096385
    ]
  }
}