{
  "cycle": 31,
  "n_archs": 15,
  "spearman_r": 0.16428571428571426,
  "spearman_p": 0.5584973732486012,
  "pearson_r": -0.17698961215694672,
  "pearson_p": 0.5280255565754852,
  "kendall_tau": 0.12380952380952381,
  "kendall_p": 0.5589660721223221,
  "bootstrap_ci_spearman": [
    -0.4918766546229541,
    0.7364691886826074
  ],
  "spearman_r_ema": 0.3,
  "spearman_p_ema": 0.27731678036838386,
  "pearson_r_ema": -0.16721091838869978,
  "pearson_p_ema": 0.5514149258883732,
  "kendall_tau_ema": 0.2571428571428572,
  "kendall_p_ema": 0.20184282422518202,
  "bootstrap_ci_spearman_ema": [
    -0.3589814814814814,
    0.864735083928868
  ],
  "spearman_r_best": 0.28928571428571426,
  "spearman_p_best": 0.29566536100437785,
  "pearson_r_best": -0.3563367088186171,
  "pearson_p_best": 0.1923508345902231,
  "kendall_tau_best": 0.21904761904761905,
  "kendall_p_best": 0.2815660702955676,
  "bootstrap_ci_spearman_best": [
    -0.37545699646851477,
    0.8648080438756843
  ],
  "mean_val_acc1": 87.91634245314592,
  "std_val_acc1": 1.3545622874623697,
  "mean_ema_acc1": 87.38022925033466,
  "mean_best_val_acc1": 92.46010081994646,
  "per_arch": [
    {
      "arch_index": 0,
      "nas_quant_acc1": 10.0,
      "val_acc1": 89.78821536144578,
      "ema_acc1": 90.72414658634538,
      "best_val_acc1": 94.50944402610442,
      "best_ema_acc1": 90.72414658634538,
      "epochs_completed": 32,
      "nas_rank": 14,
      "val_rank": 0,
      "ema_rank": 0,
      "best_rank": 0
    },
    {
      "arch_index": 1,
      "nas_quant_acc1": 63.5,
      "val_acc1": 84.93238579317268,
      "ema_acc1": 84.53140687751005,
      "best_val_acc1": 90.47455446787149,
      "best_ema_acc1": 84.53140687751005,
      "epochs_completed": 32,
      "nas_rank": 13,
      "val_rank": 14,
      "ema_rank": 13,
      "best_rank": 14
    },
    {
      "arch_index": 2,
      "nas_quant_acc1": 68.25,
      "val_acc1": 86.56438253012047,
      "ema_acc1": 85.24818022088354,
      "best_val_acc1": 90.9671498493976,
      "best_ema_acc1": 85.24818022088354,
      "epochs_completed": 32,
      "nas_rank": 12,
      "val_rank": 12,
      "ema_rank": 12,
      "best_rank": 13
    },
    {
      "arch_index": 3,
      "nas_quant_acc1": 71.5,
      "val_acc1": 88.04828689759036,
      "ema_acc1": 87.75696536144578,
      "best_val_acc1": 92.05980170682732,
      "best_ema_acc1": 87.75696536144578,
      "epochs_completed": 32,
      "nas_rank": 11,
      "val_rank": 8,
      "ema_rank": 10,
      "best_rank": 11
    },
    {
      "arch_index": 4,
      "nas_quant_acc1": 74.0,
      "val_acc1": 86.17046310240964,
      "ema_acc1": 87.41732555220884,
      "best_val_acc1": 91.61928965863453,
      "best_ema_acc1": 87.41732555220884,
      "epochs_completed": 32,
      "nas_rank": 10,
      "val_rank": 13,
      "ema_rank": 11,
      "best_rank": 12
    },
    {
      "arch_index": 5,
      "nas_quant_acc1": 75.5,
      "val_acc1": 88.83659638554217,
      "ema_acc1": 89.2874623493976,
      "best_val_acc1": 93.12703940763052,
      "best_ema_acc1": 89.2874623493976,
      "epochs_completed": 32,
      "nas_rank": 9,
      "val_rank": 4,
      "ema_rank": 2,
      "best_rank": 2
    },
    {
      "arch_index": 6,
      "nas_quant_acc1": 76.5,
      "val_acc1": 88.15512048192771,
      "ema_acc1": 88.66512926706828,
      "best_val_acc1": 92.67507530120481,
      "best_ema_acc1": 88.66512926706828,
      "epochs_completed": 32,
      "nas_rank": 8,
      "val_rank": 6,
      "ema_rank": 5,
      "best_rank": 5
    },
    {
      "arch_index": 7,
      "nas_quant_acc1": 77.25,
      "val_acc1": 89.34707580321286,
      "ema_acc1": 88.49695657630521,
      "best_val_acc1": 92.55302459839358,
      "best_ema_acc1": 88.49695657630521,
      "epochs_completed": 32,
      "nas_rank": 7,
      "val_rank": 1,
      "ema_rank": 7,
      "best_rank": 7
    },
    {
      "arch_index": 8,
      "nas_quant_acc1": 78.0,
      "val_acc1": 86.60454317269075,
      "ema_acc1": 88.3027422188755,
      "best_val_acc1": 92.53184613453816,
      "best_ema_acc1": 88.3027422188755,
      "epochs_completed": 32,
      "nas_rank": 6,
      "val_rank": 11,
      "ema_rank": 9,
      "best_rank": 8
    },
    {
      "arch_index": 9,
      "nas_quant_acc1": 78.5,
      "val_acc1": 89.2793047188755,
      "ema_acc1": 75.65982680722891,
      "best_val_acc1": 92.57200677710844,
      "best_ema_acc1": 75.65982680722891,
      "epochs_completed": 32,
      "nas_rank": 5,
      "val_rank": 2,
      "ema_rank": 14,
      "best_rank": 6
    },
    {
      "arch_index": 10,
      "nas_quant_acc1": 79.0,
      "val_acc1": 88.64018574297188,
      "ema_acc1": 88.39765311244979,
      "best_val_acc1": 92.90678338353413,
      "best_ema_acc1": 88.39765311244979,
      "epochs_completed": 32,
      "nas_rank": 4,
      "val_rank": 5,
      "ema_rank": 8,
      "best_rank": 3
    },
    {
      "arch_index": 11,
      "nas_quant_acc1": 79.75,
      "val_acc1": 88.14915913654619,
      "ema_acc1": 89.00210215863453,
      "best_val_acc1": 92.71037274096385,
      "best_ema_acc1": 89.00210215863453,
      "epochs_completed": 32,
      "nas_rank": 3,
      "val_rank": 7,
      "ema_rank": 3,
      "best_rank": 4
    },
    {
      "arch_index": 12,
      "nas_quant_acc1": 80.25,
      "val_acc1": 87.62456074297188,
      "ema_acc1": 88.77855170682732,
      "best_val_acc1": 92.47380145582329,
      "best_ema_acc1": 88.77855170682732,
      "epochs_completed": 32,
      "nas_rank": 2,
      "val_rank": 10,
      "ema_rank": 4,
      "best_rank": 9
    },
    {
      "arch_index": 13,
      "nas_quant_acc1": 81.25,
      "val_acc1": 87.6331890060241,
      "ema_acc1": 88.5371172188755,
      "best_val_acc1": 92.47003639558233,
      "best_ema_acc1": 88.5371172188755,
      "epochs_completed": 32,
      "nas_rank": 1,
      "val_rank": 9,
      "ema_rank": 6,
      "best_rank": 10
    },
    {
      "arch_index": 14,
      "nas_quant_acc1": 85.5,
      "val_acc1": 88.97166792168674,
      "ema_acc1": 89.89787274096385,
      "best_val_acc1": 93.25128639558233,
      "best_ema_acc1": 89.89787274096385,
      "epochs_completed": 32,
      "nas_rank": 0,
      "val_rank": 3,
      "ema_rank": 1,
      "best_rank": 1
    }
  ],
  "timestamp": "2026-06-03T17:08:00.709093"
}