{
  "cycle": 128,
  "completed_arch_indices": [
    0,
    1,
    2,
    3,
    4,
    5,
    6,
    7,
    8,
    9,
    10,
    11,
    12,
    13,
    14
  ],
  "cycle_val_results": {
    "0": [
      95.02431601405623,
      93.30556601405623,
      95.79583960843372,
      93.30556601405623
    ],
    "1": [
      91.4652359437751,
      91.65945030120481,
      92.26546812248995,
      91.69851280120481
    ],
    "2": [
      91.68329568273093,
      92.49388177710844,
      92.76998619477912,
      92.49388177710844
    ],
    "3": [
      93.18022088353413,
      93.41459588353413,
      93.49272088353413,
      93.41459588353413
    ],
    "4": [
      92.6929593373494,
      92.97675075301206,
      93.22414658634538,
      93.02177459839358
    ],
    "5": [
      93.55076556224898,
      93.9875125502008,
      94.22784889558233,
      93.9875125502008
    ],
    "6": [
      93.44440261044177,
      93.83832203815261,
      94.11772088353413,
      93.83832203815261
    ],
    "7": [
      93.41349774096385,
      93.54150978915662,
      93.95817645582329,
      93.66575677710844
    ],
    "8": [
      92.93549196787149,
      93.47154241967873,
      93.73901857429719,
      93.49758408634538
    ],
    "9": [
      93.39451556224898,
      94.09654241967873,
      94.33091741967873,
      94.09654241967873
    ],
    "10": [
      93.0738579317269,
      93.73195908634538,
      94.21263177710844,
      93.73195908634538
    ],
    "11": [
      93.13896209839358,
      93.79706325301206,
      94.0894829317269,
      93.85620607429719
    ],
    "12": [
      93.42761671686748,
      93.71297690763052,
      93.90828940763052,
      93.7531375502008
    ],
    "13": [
      93.22634287148594,
      93.69509287148594,
      93.96256902610442,
      93.72113453815261
    ],
    "14": [
      93.90232806224898,
      94.08461972891565,
      94.35209588353413,
      94.08461972891565
    ]
  }
}