{
  "cycle": 128,
  "n_archs": 15,
  "spearman_r": 0.23571428571428568,
  "spearman_p": 0.3977029459032728,
  "pearson_r": -0.38215454122203213,
  "pearson_p": 0.15980979191350142,
  "kendall_tau": 0.20000000000000004,
  "kendall_p": 0.3282335876694342,
  "bootstrap_ci_spearman": [
    -0.43491304347826093,
    0.820842314933559
  ],
  "spearman_r_ema": 0.6785714285714285,
  "spearman_p_ema": 0.005416550219591705,
  "pearson_r_ema": 0.32253087485847154,
  "pearson_p_ema": 0.24101516137970186,
  "kendall_tau_ema": 0.4666666666666667,
  "kendall_p_ema": 0.015510823225067603,
  "bootstrap_ci_spearman_ema": [
    0.15226583780351263,
    0.895117540687161
  ],
  "spearman_r_best": 0.3428571428571428,
  "spearman_p_best": 0.21092379341475206,
  "pearson_r_best": -0.4288817563117705,
  "pearson_p_best": 0.11067363089830666,
  "kendall_tau_best": 0.2761904761904762,
  "kendall_p_best": 0.16857787367749338,
  "bootstrap_ci_spearman_best": [
    -0.3126198795997237,
    0.8866596498485435
  ],
  "mean_val_acc1": 93.17025393239625,
  "std_val_acc1": 0.8359636411043904,
  "mean_ema_acc1": 93.45382571954484,
  "mean_best_val_acc1": 93.89646084337349,
  "per_arch": [
    {
      "arch_index": 0,
      "nas_quant_acc1": 10.0,
      "val_acc1": 95.02431601405623,
      "ema_acc1": 93.30556601405623,
      "best_val_acc1": 95.79583960843372,
      "best_ema_acc1": 93.30556601405623,
      "epochs_completed": 129,
      "nas_rank": 14,
      "val_rank": 0,
      "ema_rank": 11,
      "best_rank": 0
    },
    {
      "arch_index": 1,
      "nas_quant_acc1": 63.5,
      "val_acc1": 91.4652359437751,
      "ema_acc1": 91.65945030120481,
      "best_val_acc1": 92.26546812248995,
      "best_ema_acc1": 91.69851280120481,
      "epochs_completed": 129,
      "nas_rank": 13,
      "val_rank": 14,
      "ema_rank": 14,
      "best_rank": 14
    },
    {
      "arch_index": 2,
      "nas_quant_acc1": 68.25,
      "val_acc1": 91.68329568273093,
      "ema_acc1": 92.49388177710844,
      "best_val_acc1": 92.76998619477912,
      "best_ema_acc1": 92.49388177710844,
      "epochs_completed": 129,
      "nas_rank": 12,
      "val_rank": 13,
      "ema_rank": 13,
      "best_rank": 13
    },
    {
      "arch_index": 3,
      "nas_quant_acc1": 71.5,
      "val_acc1": 93.18022088353413,
      "ema_acc1": 93.41459588353413,
      "best_val_acc1": 93.49272088353413,
      "best_ema_acc1": 93.41459588353413,
      "epochs_completed": 129,
      "nas_rank": 11,
      "val_rank": 8,
      "ema_rank": 10,
      "best_rank": 11
    },
    {
      "arch_index": 4,
      "nas_quant_acc1": 74.0,
      "val_acc1": 92.6929593373494,
      "ema_acc1": 92.97675075301206,
      "best_val_acc1": 93.22414658634538,
      "best_ema_acc1": 93.02177459839358,
      "epochs_completed": 129,
      "nas_rank": 10,
      "val_rank": 12,
      "ema_rank": 12,
      "best_rank": 12
    },
    {
      "arch_index": 5,
      "nas_quant_acc1": 75.5,
      "val_acc1": 93.55076556224898,
      "ema_acc1": 93.9875125502008,
      "best_val_acc1": 94.22784889558233,
      "best_ema_acc1": 93.9875125502008,
      "epochs_completed": 129,
      "nas_rank": 9,
      "val_rank": 2,
      "ema_rank": 2,
      "best_rank": 3
    },
    {
      "arch_index": 6,
      "nas_quant_acc1": 76.5,
      "val_acc1": 93.44440261044177,
      "ema_acc1": 93.83832203815261,
      "best_val_acc1": 94.11772088353413,
      "best_ema_acc1": 93.83832203815261,
      "epochs_completed": 129,
      "nas_rank": 8,
      "val_rank": 3,
      "ema_rank": 3,
      "best_rank": 5
    },
    {
      "arch_index": 7,
      "nas_quant_acc1": 77.25,
      "val_acc1": 93.41349774096385,
      "ema_acc1": 93.54150978915662,
      "best_val_acc1": 93.95817645582329,
      "best_ema_acc1": 93.66575677710844,
      "epochs_completed": 129,
      "nas_rank": 7,
      "val_rank": 5,
      "ema_rank": 8,
      "best_rank": 8
    },
    {
      "arch_index": 8,
      "nas_quant_acc1": 78.0,
      "val_acc1": 92.93549196787149,
      "ema_acc1": 93.47154241967873,
      "best_val_acc1": 93.73901857429719,
      "best_ema_acc1": 93.49758408634538,
      "epochs_completed": 129,
      "nas_rank": 6,
      "val_rank": 11,
      "ema_rank": 9,
      "best_rank": 10
    },
    {
      "arch_index": 9,
      "nas_quant_acc1": 78.5,
      "val_acc1": 93.39451556224898,
      "ema_acc1": 94.09654241967873,
      "best_val_acc1": 94.33091741967873,
      "best_ema_acc1": 94.09654241967873,
      "epochs_completed": 129,
      "nas_rank": 5,
      "val_rank": 6,
      "ema_rank": 0,
      "best_rank": 2
    },
    {
      "arch_index": 10,
      "nas_quant_acc1": 79.0,
      "val_acc1": 93.0738579317269,
      "ema_acc1": 93.73195908634538,
      "best_val_acc1": 94.21263177710844,
      "best_ema_acc1": 93.73195908634538,
      "epochs_completed": 129,
      "nas_rank": 4,
      "val_rank": 10,
      "ema_rank": 5,
      "best_rank": 4
    },
    {
      "arch_index": 11,
      "nas_quant_acc1": 79.75,
      "val_acc1": 93.13896209839358,
      "ema_acc1": 93.79706325301206,
      "best_val_acc1": 94.0894829317269,
      "best_ema_acc1": 93.85620607429719,
      "epochs_completed": 129,
      "nas_rank": 3,
      "val_rank": 9,
      "ema_rank": 4,
      "best_rank": 6
    },
    {
      "arch_index": 12,
      "nas_quant_acc1": 80.25,
      "val_acc1": 93.42761671686748,
      "ema_acc1": 93.71297690763052,
      "best_val_acc1": 93.90828940763052,
      "best_ema_acc1": 93.7531375502008,
      "epochs_completed": 129,
      "nas_rank": 2,
      "val_rank": 4,
      "ema_rank": 6,
      "best_rank": 9
    },
    {
      "arch_index": 13,
      "nas_quant_acc1": 81.25,
      "val_acc1": 93.22634287148594,
      "ema_acc1": 93.69509287148594,
      "best_val_acc1": 93.96256902610442,
      "best_ema_acc1": 93.72113453815261,
      "epochs_completed": 129,
      "nas_rank": 1,
      "val_rank": 7,
      "ema_rank": 7,
      "best_rank": 7
    },
    {
      "arch_index": 14,
      "nas_quant_acc1": 85.5,
      "val_acc1": 93.90232806224898,
      "ema_acc1": 94.08461972891565,
      "best_val_acc1": 94.35209588353413,
      "best_ema_acc1": 94.08461972891565,
      "epochs_completed": 129,
      "nas_rank": 0,
      "val_rank": 1,
      "ema_rank": 1,
      "best_rank": 1
    }
  ],
  "timestamp": "2026-06-04T07:35:05.161895"
}