{
  "cycle": 81,
  "completed_arch_indices": [
    0,
    1,
    2,
    3,
    4,
    5,
    6,
    7,
    8,
    9,
    10,
    11,
    12,
    13,
    14
  ],
  "cycle_val_results": {
    "0": [
      91.40499497991968,
      89.5527422188755,
      95.42419678714859,
      92.39081325301206
    ],
    "1": [
      87.07925451807229,
      89.9195218373494,
      91.75169427710844,
      89.9195218373494
    ],
    "2": [
      86.60673945783132,
      90.49730170682732,
      92.13416164658635,
      90.49730170682732
    ],
    "3": [
      88.71234939759036,
      91.77067645582329,
      92.80528363453816,
      91.78369728915662
    ],
    "4": [
      88.8050640060241,
      91.6996109437751,
      92.63491465863453,
      91.6996109437751
    ],
    "5": [
      88.98578689759036,
      92.32570908634538,
      93.6750125502008,
      92.35771209839358
    ],
    "6": [
      86.99783509036145,
      92.26546812248995,
      93.76019703815261,
      92.26546812248995
    ],
    "7": [
      89.06438253012047,
      92.25134914658635,
      93.70042670682732,
      92.29747113453816
    ],
    "8": [
      89.5152484939759,
      92.38265562248995,
      93.43247991967873,
      92.38265562248995
    ],
    "9": [
      90.3339922188755,
      91.23352786144578,
      94.00649472891565,
      91.23352786144578
    ],
    "10": [
      89.42410266064257,
      91.99799196787149,
      93.43138177710844,
      91.99799196787149
    ],
    "11": [
      86.44609688755021,
      92.50690261044177,
      93.72709588353413,
      92.50690261044177
    ],
    "12": [
      89.47242093373494,
      92.26766440763052,
      93.39341741967873,
      92.26766440763052
    ],
    "13": [
      90.13758157630521,
      92.3316704317269,
      93.55186370481927,
      92.37779241967873
    ],
    "14": [
      89.69706952811245,
      92.49497991967873,
      94.20290537148594,
      92.49497991967873
    ]
  }
}