{
  "cycle": 81,
  "n_archs": 15,
  "spearman_r": 0.3142857142857143,
  "spearman_p": 0.2539400163236714,
  "pearson_r": -0.3116237874615796,
  "pearson_p": 0.2582014646419276,
  "kendall_tau": 0.3142857142857143,
  "kendall_p": 0.11424717239544455,
  "bootstrap_ci_spearman": [
    -0.341898803729569,
    0.891314157902998
  ],
  "spearman_r_ema": 0.7785714285714285,
  "spearman_p_ema": 0.0006273501294803568,
  "pearson_r_ema": 0.7875216051621842,
  "pearson_p_ema": 0.0004910935975884655,
  "kendall_tau_ema": 0.6190476190476191,
  "kendall_p_ema": 0.0008364083878716816,
  "bootstrap_ci_spearman_ema": [
    0.38065762200866776,
    0.9562841530054645
  ],
  "spearman_r_best": 0.3214285714285714,
  "spearman_p_best": 0.24271904680166836,
  "pearson_r_best": -0.38391158871811976,
  "pearson_p_best": 0.15773787905527228,
  "kendall_tau_best": 0.2761904761904762,
  "kendall_p_best": 0.16857787367749338,
  "bootstrap_ci_spearman_best": [
    -0.3357667581865666,
    0.8761440635866865
  ],
  "mean_val_acc1": 88.8455279451138,
  "std_val_acc1": 1.4571809853900854,
  "mean_ema_acc1": 91.6998514892905,
  "mean_best_val_acc1": 93.4421017402945,
  "per_arch": [
    {
      "arch_index": 0,
      "nas_quant_acc1": 10.0,
      "val_acc1": 91.40499497991968,
      "ema_acc1": 89.5527422188755,
      "best_val_acc1": 95.42419678714859,
      "best_ema_acc1": 92.39081325301206,
      "epochs_completed": 82,
      "nas_rank": 14,
      "val_rank": 0,
      "ema_rank": 14,
      "best_rank": 0
    },
    {
      "arch_index": 1,
      "nas_quant_acc1": 63.5,
      "val_acc1": 87.07925451807229,
      "ema_acc1": 89.9195218373494,
      "best_val_acc1": 91.75169427710844,
      "best_ema_acc1": 89.9195218373494,
      "epochs_completed": 82,
      "nas_rank": 13,
      "val_rank": 11,
      "ema_rank": 13,
      "best_rank": 14
    },
    {
      "arch_index": 2,
      "nas_quant_acc1": 68.25,
      "val_acc1": 86.60673945783132,
      "ema_acc1": 90.49730170682732,
      "best_val_acc1": 92.13416164658635,
      "best_ema_acc1": 90.49730170682732,
      "epochs_completed": 82,
      "nas_rank": 12,
      "val_rank": 13,
      "ema_rank": 12,
      "best_rank": 13
    },
    {
      "arch_index": 3,
      "nas_quant_acc1": 71.5,
      "val_acc1": 88.71234939759036,
      "ema_acc1": 91.77067645582329,
      "best_val_acc1": 92.80528363453816,
      "best_ema_acc1": 91.78369728915662,
      "epochs_completed": 82,
      "nas_rank": 11,
      "val_rank": 10,
      "ema_rank": 9,
      "best_rank": 11
    },
    {
      "arch_index": 4,
      "nas_quant_acc1": 74.0,
      "val_acc1": 88.8050640060241,
      "ema_acc1": 91.6996109437751,
      "best_val_acc1": 92.63491465863453,
      "best_ema_acc1": 91.6996109437751,
      "epochs_completed": 82,
      "nas_rank": 10,
      "val_rank": 9,
      "ema_rank": 10,
      "best_rank": 12
    },
    {
      "arch_index": 5,
      "nas_quant_acc1": 75.5,
      "val_acc1": 88.98578689759036,
      "ema_acc1": 92.32570908634538,
      "best_val_acc1": 93.6750125502008,
      "best_ema_acc1": 92.35771209839358,
      "epochs_completed": 82,
      "nas_rank": 9,
      "val_rank": 8,
      "ema_rank": 4,
      "best_rank": 6
    },
    {
      "arch_index": 6,
      "nas_quant_acc1": 76.5,
      "val_acc1": 86.99783509036145,
      "ema_acc1": 92.26546812248995,
      "best_val_acc1": 93.76019703815261,
      "best_ema_acc1": 92.26546812248995,
      "epochs_completed": 82,
      "nas_rank": 8,
      "val_rank": 12,
      "ema_rank": 6,
      "best_rank": 3
    },
    {
      "arch_index": 7,
      "nas_quant_acc1": 77.25,
      "val_acc1": 89.06438253012047,
      "ema_acc1": 92.25134914658635,
      "best_val_acc1": 93.70042670682732,
      "best_ema_acc1": 92.29747113453816,
      "epochs_completed": 82,
      "nas_rank": 7,
      "val_rank": 7,
      "ema_rank": 7,
      "best_rank": 5
    },
    {
      "arch_index": 8,
      "nas_quant_acc1": 78.0,
      "val_acc1": 89.5152484939759,
      "ema_acc1": 92.38265562248995,
      "best_val_acc1": 93.43247991967873,
      "best_ema_acc1": 92.38265562248995,
      "epochs_completed": 82,
      "nas_rank": 6,
      "val_rank": 4,
      "ema_rank": 2,
      "best_rank": 8
    },
    {
      "arch_index": 9,
      "nas_quant_acc1": 78.5,
      "val_acc1": 90.3339922188755,
      "ema_acc1": 91.23352786144578,
      "best_val_acc1": 94.00649472891565,
      "best_ema_acc1": 91.23352786144578,
      "epochs_completed": 82,
      "nas_rank": 5,
      "val_rank": 1,
      "ema_rank": 11,
      "best_rank": 2
    },
    {
      "arch_index": 10,
      "nas_quant_acc1": 79.0,
      "val_acc1": 89.42410266064257,
      "ema_acc1": 91.99799196787149,
      "best_val_acc1": 93.43138177710844,
      "best_ema_acc1": 91.99799196787149,
      "epochs_completed": 82,
      "nas_rank": 4,
      "val_rank": 6,
      "ema_rank": 8,
      "best_rank": 9
    },
    {
      "arch_index": 11,
      "nas_quant_acc1": 79.75,
      "val_acc1": 86.44609688755021,
      "ema_acc1": 92.50690261044177,
      "best_val_acc1": 93.72709588353413,
      "best_ema_acc1": 92.50690261044177,
      "epochs_completed": 82,
      "nas_rank": 3,
      "val_rank": 14,
      "ema_rank": 0,
      "best_rank": 4
    },
    {
      "arch_index": 12,
      "nas_quant_acc1": 80.25,
      "val_acc1": 89.47242093373494,
      "ema_acc1": 92.26766440763052,
      "best_val_acc1": 93.39341741967873,
      "best_ema_acc1": 92.26766440763052,
      "epochs_completed": 82,
      "nas_rank": 2,
      "val_rank": 5,
      "ema_rank": 5,
      "best_rank": 10
    },
    {
      "arch_index": 13,
      "nas_quant_acc1": 81.25,
      "val_acc1": 90.13758157630521,
      "ema_acc1": 92.3316704317269,
      "best_val_acc1": 93.55186370481927,
      "best_ema_acc1": 92.37779241967873,
      "epochs_completed": 82,
      "nas_rank": 1,
      "val_rank": 2,
      "ema_rank": 3,
      "best_rank": 7
    },
    {
      "arch_index": 14,
      "nas_quant_acc1": 85.5,
      "val_acc1": 89.69706952811245,
      "ema_acc1": 92.49497991967873,
      "best_val_acc1": 94.20290537148594,
      "best_ema_acc1": 92.49497991967873,
      "epochs_completed": 82,
      "nas_rank": 0,
      "val_rank": 3,
      "ema_rank": 1,
      "best_rank": 1
    }
  ],
  "timestamp": "2026-06-03T22:54:15.248046"
}