{
  "cycle": 38,
  "completed_arch_indices": [
    0,
    1,
    2,
    3,
    4,
    5,
    6,
    7,
    8,
    9,
    10,
    11,
    12,
    13,
    14
  ],
  "cycle_val_results": {
    "0": [
      94.36997991967873,
      91.84989959839358,
      94.50944402610442,
      91.84989959839358
    ],
    "1": [
      90.2249623493976,
      86.44719503012047,
      90.47455446787149,
      86.44719503012047
    ],
    "2": [
      90.4202748493976,
      87.10043298192771,
      90.9671498493976,
      87.10043298192771
    ],
    "3": [
      91.88786395582329,
      89.45563504016064,
      92.05980170682732,
      89.45563504016064
    ],
    "4": [
      91.57206952811245,
      89.14423318273093,
      91.61928965863453,
      89.14423318273093
    ],
    "5": [
      92.74614081325302,
      90.5515813253012,
      93.12703940763052,
      90.5515813253012
    ],
    "6": [
      92.37559613453816,
      90.19076305220884,
      92.67507530120481,
      90.19076305220884
    ],
    "7": [
      92.78410517068274,
      89.92438504016064,
      92.78410517068274,
      89.92438504016064
    ],
    "8": [
      91.91280747991968,
      89.69597138554217,
      92.53184613453816,
      89.69597138554217
    ],
    "9": [
      92.7375125502008,
      83.07966239959839,
      92.7375125502008,
      83.07966239959839
    ],
    "10": [
      92.48195908634538,
      89.72311119477912,
      92.90678338353413,
      89.72311119477912
    ],
    "11": [
      92.55631902610442,
      90.20221511044177,
      92.71037274096385,
      90.20221511044177
    ],
    "12": [
      92.2926079317269,
      90.2320218373494,
      92.47380145582329,
      90.2320218373494
    ],
    "13": [
      92.42281626506023,
      89.90053965863453,
      92.47003639558233,
      89.90053965863453
    ],
    "14": [
      92.69029241967873,
      91.11586972891565,
      93.25128639558233,
      91.11586972891565
    ]
  }
}