{
  "cycle": 38,
  "n_archs": 15,
  "spearman_r": 0.2571428571428571,
  "spearman_p": 0.35486036365060913,
  "pearson_r": -0.36212168875697737,
  "pearson_p": 0.18471516272849442,
  "kendall_tau": 0.21904761904761905,
  "kendall_p": 0.2815660702955676,
  "bootstrap_ci_spearman": [
    -0.42393908719238943,
    0.8464421062464137
  ],
  "spearman_r_ema": 0.2821428571428571,
  "spearman_p_ema": 0.30828445682005556,
  "pearson_r_ema": -0.19095195908711865,
  "pearson_p_ema": 0.49542268616037183,
  "kendall_tau_ema": 0.2571428571428572,
  "kendall_p_ema": 0.20184282422518202,
  "bootstrap_ci_spearman_ema": [
    -0.3815617294098307,
    0.8620689655172413
  ],
  "spearman_r_best": 0.27499999999999997,
  "spearman_p_best": 0.3212111733193767,
  "pearson_r_best": -0.3445794234616485,
  "pearson_p_best": 0.20848954960727073,
  "kendall_tau_best": 0.20000000000000004,
  "kendall_p_best": 0.3282335876694342,
  "bootstrap_ci_spearman_best": [
    -0.39019963702359345,
    0.8553475718032678
  ],
  "mean_val_acc1": 92.23168716532798,
  "std_val_acc1": 0.992846869944364,
  "mean_ema_acc1": 89.24090110441765,
  "mean_best_val_acc1": 92.48653990963857,
  "per_arch": [
    {
      "arch_index": 0,
      "nas_quant_acc1": 10.0,
      "val_acc1": 94.36997991967873,
      "ema_acc1": 91.84989959839358,
      "best_val_acc1": 94.50944402610442,
      "best_ema_acc1": 91.84989959839358,
      "epochs_completed": 39,
      "nas_rank": 14,
      "val_rank": 0,
      "ema_rank": 0,
      "best_rank": 0
    },
    {
      "arch_index": 1,
      "nas_quant_acc1": 63.5,
      "val_acc1": 90.2249623493976,
      "ema_acc1": 86.44719503012047,
      "best_val_acc1": 90.47455446787149,
      "best_ema_acc1": 86.44719503012047,
      "epochs_completed": 39,
      "nas_rank": 13,
      "val_rank": 14,
      "ema_rank": 13,
      "best_rank": 14
    },
    {
      "arch_index": 2,
      "nas_quant_acc1": 68.25,
      "val_acc1": 90.4202748493976,
      "ema_acc1": 87.10043298192771,
      "best_val_acc1": 90.9671498493976,
      "best_ema_acc1": 87.10043298192771,
      "epochs_completed": 39,
      "nas_rank": 12,
      "val_rank": 13,
      "ema_rank": 12,
      "best_rank": 13
    },
    {
      "arch_index": 3,
      "nas_quant_acc1": 71.5,
      "val_acc1": 91.88786395582329,
      "ema_acc1": 89.45563504016064,
      "best_val_acc1": 92.05980170682732,
      "best_ema_acc1": 89.45563504016064,
      "epochs_completed": 39,
      "nas_rank": 11,
      "val_rank": 11,
      "ema_rank": 10,
      "best_rank": 11
    },
    {
      "arch_index": 4,
      "nas_quant_acc1": 74.0,
      "val_acc1": 91.57206952811245,
      "ema_acc1": 89.14423318273093,
      "best_val_acc1": 91.61928965863453,
      "best_ema_acc1": 89.14423318273093,
      "epochs_completed": 39,
      "nas_rank": 10,
      "val_rank": 12,
      "ema_rank": 11,
      "best_rank": 12
    },
    {
      "arch_index": 5,
      "nas_quant_acc1": 75.5,
      "val_acc1": 92.74614081325302,
      "ema_acc1": 90.5515813253012,
      "best_val_acc1": 93.12703940763052,
      "best_ema_acc1": 90.5515813253012,
      "epochs_completed": 39,
      "nas_rank": 9,
      "val_rank": 2,
      "ema_rank": 2,
      "best_rank": 2
    },
    {
      "arch_index": 6,
      "nas_quant_acc1": 76.5,
      "val_acc1": 92.37559613453816,
      "ema_acc1": 90.19076305220884,
      "best_val_acc1": 92.67507530120481,
      "best_ema_acc1": 90.19076305220884,
      "epochs_completed": 39,
      "nas_rank": 8,
      "val_rank": 8,
      "ema_rank": 5,
      "best_rank": 7
    },
    {
      "arch_index": 7,
      "nas_quant_acc1": 77.25,
      "val_acc1": 92.78410517068274,
      "ema_acc1": 89.92438504016064,
      "best_val_acc1": 92.78410517068274,
      "best_ema_acc1": 89.92438504016064,
      "epochs_completed": 39,
      "nas_rank": 7,
      "val_rank": 1,
      "ema_rank": 6,
      "best_rank": 4
    },
    {
      "arch_index": 8,
      "nas_quant_acc1": 78.0,
      "val_acc1": 91.91280747991968,
      "ema_acc1": 89.69597138554217,
      "best_val_acc1": 92.53184613453816,
      "best_ema_acc1": 89.69597138554217,
      "epochs_completed": 39,
      "nas_rank": 6,
      "val_rank": 10,
      "ema_rank": 9,
      "best_rank": 8
    },
    {
      "arch_index": 9,
      "nas_quant_acc1": 78.5,
      "val_acc1": 92.7375125502008,
      "ema_acc1": 83.07966239959839,
      "best_val_acc1": 92.7375125502008,
      "best_ema_acc1": 83.07966239959839,
      "epochs_completed": 39,
      "nas_rank": 5,
      "val_rank": 3,
      "ema_rank": 14,
      "best_rank": 5
    },
    {
      "arch_index": 10,
      "nas_quant_acc1": 79.0,
      "val_acc1": 92.48195908634538,
      "ema_acc1": 89.72311119477912,
      "best_val_acc1": 92.90678338353413,
      "best_ema_acc1": 89.72311119477912,
      "epochs_completed": 39,
      "nas_rank": 4,
      "val_rank": 6,
      "ema_rank": 8,
      "best_rank": 3
    },
    {
      "arch_index": 11,
      "nas_quant_acc1": 79.75,
      "val_acc1": 92.55631902610442,
      "ema_acc1": 90.20221511044177,
      "best_val_acc1": 92.71037274096385,
      "best_ema_acc1": 90.20221511044177,
      "epochs_completed": 39,
      "nas_rank": 3,
      "val_rank": 5,
      "ema_rank": 4,
      "best_rank": 6
    },
    {
      "arch_index": 12,
      "nas_quant_acc1": 80.25,
      "val_acc1": 92.2926079317269,
      "ema_acc1": 90.2320218373494,
      "best_val_acc1": 92.47380145582329,
      "best_ema_acc1": 90.2320218373494,
      "epochs_completed": 39,
      "nas_rank": 2,
      "val_rank": 9,
      "ema_rank": 3,
      "best_rank": 9
    },
    {
      "arch_index": 13,
      "nas_quant_acc1": 81.25,
      "val_acc1": 92.42281626506023,
      "ema_acc1": 89.90053965863453,
      "best_val_acc1": 92.47003639558233,
      "best_ema_acc1": 89.90053965863453,
      "epochs_completed": 39,
      "nas_rank": 1,
      "val_rank": 7,
      "ema_rank": 7,
      "best_rank": 10
    },
    {
      "arch_index": 14,
      "nas_quant_acc1": 85.5,
      "val_acc1": 92.69029241967873,
      "ema_acc1": 91.11586972891565,
      "best_val_acc1": 93.25128639558233,
      "best_ema_acc1": 91.11586972891565,
      "epochs_completed": 39,
      "nas_rank": 0,
      "val_rank": 4,
      "ema_rank": 1,
      "best_rank": 1
    }
  ],
  "timestamp": "2026-06-03T17:49:51.254174"
}