{
  "cycle": 105,
  "completed_arch_indices": [
    0,
    1,
    2,
    3,
    4,
    5,
    6,
    7,
    8,
    9,
    10,
    11,
    12,
    13,
    14
  ],
  "cycle_val_results": {
    "0": [
      90.52444151606427,
      90.33132530120481,
      95.52616716867469,
      92.39081325301206
    ],
    "1": [
      88.62936119477912,
      90.93624497991968,
      92.05007530120481,
      90.93624497991968
    ],
    "2": [
      89.67698920682732,
      91.37299196787149,
      92.37669427710844,
      91.37299196787149
    ],
    "3": [
      90.21084337349399,
      92.61326556224898,
      93.49272088353413,
      92.61812876506023
    ],
    "4": [
      88.01408760040161,
      92.22750376506023,
      92.96969126506023,
      92.22750376506023
    ],
    "5": [
      90.74579568273093,
      93.08797690763052,
      93.8703250502008,
      93.08797690763052
    ],
    "6": [
      91.1863077309237,
      93.01581325301206,
      93.9175451807229,
      93.01581325301206
    ],
    "7": [
      90.85859061244979,
      93.01581325301206,
      93.83502761044177,
      93.04185491967873
    ],
    "8": [
      91.47935491967873,
      92.81234312248995,
      93.56159011044177,
      92.82536395582329
    ],
    "9": [
      91.09735818273093,
      92.75210215863453,
      94.04665537148594,
      92.75210215863453
    ],
    "10": [
      91.31165286144578,
      92.65122991967873,
      93.58982806224898,
      92.65122991967873
    ],
    "11": [
      90.4050577309237,
      93.14006024096385,
      93.72709588353413,
      93.14006024096385
    ],
    "12": [
      89.84186746987953,
      92.93062876506023,
      93.70481927710844,
      92.95070908634538
    ],
    "13": [
      90.08989081325302,
      93.06193524096385,
      93.96256902610442,
      93.06193524096385
    ],
    "14": [
      91.8558609437751,
      93.45852158634538,
      94.23600652610442,
      93.45852158634538
    ]
  }
}