{
  "cycle": 105,
  "n_archs": 15,
  "spearman_r": 0.42142857142857143,
  "spearman_p": 0.11769939585541649,
  "pearson_r": 0.1599368264201236,
  "pearson_p": 0.5690979799699936,
  "kendall_tau": 0.3142857142857143,
  "kendall_p": 0.11424717239544455,
  "bootstrap_ci_spearman": [
    -0.16820423126710737,
    0.8369565217391307
  ],
  "spearman_r_ema": 0.7703309599688514,
  "spearman_p_ema": 0.0007785727621161951,
  "pearson_r_ema": 0.8359219782183316,
  "pearson_p_ema": 0.000103646410483895,
  "kendall_tau_ema": 0.5933082268219885,
  "kendall_p_ema": 0.0021265238749267235,
  "bootstrap_ci_spearman_ema": [
    0.28915598470865295,
    0.9638336347197106
  ],
  "spearman_r_best": 0.38928571428571423,
  "spearman_p_best": 0.15151193679039388,
  "pearson_r_best": -0.41150021504331435,
  "pearson_p_best": 0.127527464377873,
  "kendall_tau_best": 0.3523809523809524,
  "kendall_p_best": 0.07433498084899375,
  "bootstrap_ci_spearman_best": [
    -0.2614301994688519,
    0.9127351778656128
  ],
  "mean_val_acc1": 90.3951639892905,
  "std_val_acc1": 1.0474193472441902,
  "mean_ema_acc1": 92.4938504016064,
  "mean_best_val_acc1": 93.65778739959838,
  "per_arch": [
    {
      "arch_index": 0,
      "nas_quant_acc1": 10.0,
      "val_acc1": 90.52444151606427,
      "ema_acc1": 90.33132530120481,
      "best_val_acc1": 95.52616716867469,
      "best_ema_acc1": 92.39081325301206,
      "epochs_completed": 106,
      "nas_rank": 14,
      "val_rank": 7,
      "ema_rank": 14,
      "best_rank": 0
    },
    {
      "arch_index": 1,
      "nas_quant_acc1": 63.5,
      "val_acc1": 88.62936119477912,
      "ema_acc1": 90.93624497991968,
      "best_val_acc1": 92.05007530120481,
      "best_ema_acc1": 90.93624497991968,
      "epochs_completed": 106,
      "nas_rank": 13,
      "val_rank": 13,
      "ema_rank": 13,
      "best_rank": 14
    },
    {
      "arch_index": 2,
      "nas_quant_acc1": 68.25,
      "val_acc1": 89.67698920682732,
      "ema_acc1": 91.37299196787149,
      "best_val_acc1": 92.37669427710844,
      "best_ema_acc1": 91.37299196787149,
      "epochs_completed": 106,
      "nas_rank": 12,
      "val_rank": 12,
      "ema_rank": 12,
      "best_rank": 13
    },
    {
      "arch_index": 3,
      "nas_quant_acc1": 71.5,
      "val_acc1": 90.21084337349399,
      "ema_acc1": 92.61326556224898,
      "best_val_acc1": 93.49272088353413,
      "best_ema_acc1": 92.61812876506023,
      "epochs_completed": 106,
      "nas_rank": 11,
      "val_rank": 9,
      "ema_rank": 10,
      "best_rank": 11
    },
    {
      "arch_index": 4,
      "nas_quant_acc1": 74.0,
      "val_acc1": 88.01408760040161,
      "ema_acc1": 92.22750376506023,
      "best_val_acc1": 92.96969126506023,
      "best_ema_acc1": 92.22750376506023,
      "epochs_completed": 106,
      "nas_rank": 10,
      "val_rank": 14,
      "ema_rank": 11,
      "best_rank": 12
    },
    {
      "arch_index": 5,
      "nas_quant_acc1": 75.5,
      "val_acc1": 90.74579568273093,
      "ema_acc1": 93.08797690763052,
      "best_val_acc1": 93.8703250502008,
      "best_ema_acc1": 93.08797690763052,
      "epochs_completed": 106,
      "nas_rank": 9,
      "val_rank": 6,
      "ema_rank": 2,
      "best_rank": 5
    },
    {
      "arch_index": 6,
      "nas_quant_acc1": 76.5,
      "val_acc1": 91.1863077309237,
      "ema_acc1": 93.01581325301206,
      "best_val_acc1": 93.9175451807229,
      "best_ema_acc1": 93.01581325301206,
      "epochs_completed": 106,
      "nas_rank": 8,
      "val_rank": 3,
      "ema_rank": 5,
      "best_rank": 4
    },
    {
      "arch_index": 7,
      "nas_quant_acc1": 77.25,
      "val_acc1": 90.85859061244979,
      "ema_acc1": 93.01581325301206,
      "best_val_acc1": 93.83502761044177,
      "best_ema_acc1": 93.04185491967873,
      "epochs_completed": 106,
      "nas_rank": 7,
      "val_rank": 5,
      "ema_rank": 4,
      "best_rank": 6
    },
    {
      "arch_index": 8,
      "nas_quant_acc1": 78.0,
      "val_acc1": 91.47935491967873,
      "ema_acc1": 92.81234312248995,
      "best_val_acc1": 93.56159011044177,
      "best_ema_acc1": 92.82536395582329,
      "epochs_completed": 106,
      "nas_rank": 6,
      "val_rank": 1,
      "ema_rank": 7,
      "best_rank": 10
    },
    {
      "arch_index": 9,
      "nas_quant_acc1": 78.5,
      "val_acc1": 91.09735818273093,
      "ema_acc1": 92.75210215863453,
      "best_val_acc1": 94.04665537148594,
      "best_ema_acc1": 92.75210215863453,
      "epochs_completed": 106,
      "nas_rank": 5,
      "val_rank": 4,
      "ema_rank": 8,
      "best_rank": 2
    },
    {
      "arch_index": 10,
      "nas_quant_acc1": 79.0,
      "val_acc1": 91.31165286144578,
      "ema_acc1": 92.65122991967873,
      "best_val_acc1": 93.58982806224898,
      "best_ema_acc1": 92.65122991967873,
      "epochs_completed": 106,
      "nas_rank": 4,
      "val_rank": 2,
      "ema_rank": 9,
      "best_rank": 9
    },
    {
      "arch_index": 11,
      "nas_quant_acc1": 79.75,
      "val_acc1": 90.4050577309237,
      "ema_acc1": 93.14006024096385,
      "best_val_acc1": 93.72709588353413,
      "best_ema_acc1": 93.14006024096385,
      "epochs_completed": 106,
      "nas_rank": 3,
      "val_rank": 8,
      "ema_rank": 1,
      "best_rank": 7
    },
    {
      "arch_index": 12,
      "nas_quant_acc1": 80.25,
      "val_acc1": 89.84186746987953,
      "ema_acc1": 92.93062876506023,
      "best_val_acc1": 93.70481927710844,
      "best_ema_acc1": 92.95070908634538,
      "epochs_completed": 106,
      "nas_rank": 2,
      "val_rank": 11,
      "ema_rank": 6,
      "best_rank": 8
    },
    {
      "arch_index": 13,
      "nas_quant_acc1": 81.25,
      "val_acc1": 90.08989081325302,
      "ema_acc1": 93.06193524096385,
      "best_val_acc1": 93.96256902610442,
      "best_ema_acc1": 93.06193524096385,
      "epochs_completed": 106,
      "nas_rank": 1,
      "val_rank": 10,
      "ema_rank": 3,
      "best_rank": 3
    },
    {
      "arch_index": 14,
      "nas_quant_acc1": 85.5,
      "val_acc1": 91.8558609437751,
      "ema_acc1": 93.45852158634538,
      "best_val_acc1": 94.23600652610442,
      "best_ema_acc1": 93.45852158634538,
      "epochs_completed": 106,
      "nas_rank": 0,
      "val_rank": 0,
      "ema_rank": 0,
      "best_rank": 1
    }
  ],
  "timestamp": "2026-06-04T00:54:16.662780"
}