{
  "cycle": 32,
  "completed_arch_indices": [
    0,
    1,
    2,
    3,
    4,
    5,
    6,
    7,
    8,
    9,
    10,
    11,
    12,
    13,
    14
  ],
  "cycle_val_results": {
    "0": [
      89.17403990963855,
      90.99758408634538,
      94.50944402610442,
      90.99758408634538
    ],
    "1": [
      86.4613140060241,
      84.88030245983936,
      90.47455446787149,
      84.88030245983936
    ],
    "2": [
      85.9550702811245,
      85.593781375502,
      90.9671498493976,
      85.593781375502
    ],
    "3": [
      87.93000125502007,
      88.03040286144578,
      92.05980170682732,
      88.03040286144578
    ],
    "4": [
      88.10790035140562,
      87.72386420682732,
      91.61928965863453,
      87.72386420682732
    ],
    "5": [
      88.19308483935743,
      89.50285517068274,
      93.12703940763052,
      89.50285517068274
    ],
    "6": [
      88.66512926706828,
      88.97166792168674,
      92.67507530120481,
      88.97166792168674
    ],
    "7": [
      88.57178714859438,
      88.73839106425703,
      92.55302459839358,
      88.73839106425703
    ],
    "8": [
      87.75633785140562,
      88.60222138554217,
      92.53184613453816,
      88.60222138554217
    ],
    "9": [
      88.49476029116467,
      77.15345758032127,
      92.57200677710844,
      77.15345758032127
    ],
    "10": [
      88.92444779116467,
      88.68411144578313,
      92.90678338353413,
      88.68411144578313
    ],
    "11": [
      88.41663529116467,
      89.1843938253012,
      92.71037274096385,
      89.1843938253012
    ],
    "12": [
      89.10297439759036,
      89.20227786144578,
      92.47380145582329,
      89.20227786144578
    ],
    "13": [
      86.62242720883533,
      88.74545055220884,
      92.47003639558233,
      88.74545055220884
    ],
    "14": [
      90.44631651606427,
      90.09318524096385,
      93.25128639558233,
      90.09318524096385
    ]
  }
}