{
  "cycle": 32,
  "n_archs": 15,
  "spearman_r": 0.3571428571428571,
  "spearman_p": 0.19127476343157904,
  "pearson_r": -0.013952720763801885,
  "pearson_p": 0.9606384663719716,
  "kendall_tau": 0.3142857142857143,
  "kendall_p": 0.11424717239544455,
  "bootstrap_ci_spearman": [
    -0.29818658556633243,
    0.8949902452619838
  ],
  "spearman_r_ema": 0.30357142857142855,
  "spearman_p_ema": 0.27135583600386853,
  "pearson_r_ema": -0.17472478938192174,
  "pearson_p_ema": 0.533402870060146,
  "kendall_tau_ema": 0.2761904761904762,
  "kendall_p_ema": 0.16857787367749338,
  "bootstrap_ci_spearman_ema": [
    -0.3578275699835332,
    0.8723483433192315
  ],
  "spearman_r_best": 0.28928571428571426,
  "spearman_p_best": 0.29566536100437785,
  "pearson_r_best": -0.3563367088186171,
  "pearson_p_best": 0.1923508345902231,
  "kendall_tau_best": 0.21904761904761905,
  "kendall_p_best": 0.2815660702955676,
  "bootstrap_ci_spearman_best": [
    -0.37545699646851477,
    0.8648080438756843
  ],
  "mean_val_acc1": 88.18814842704151,
  "std_val_acc1": 1.154212701072819,
  "mean_ema_acc1": 87.74026313587684,
  "mean_best_val_acc1": 92.46010081994646,
  "per_arch": [
    {
      "arch_index": 0,
      "nas_quant_acc1": 10.0,
      "val_acc1": 89.17403990963855,
      "ema_acc1": 90.99758408634538,
      "best_val_acc1": 94.50944402610442,
      "best_ema_acc1": 90.99758408634538,
      "epochs_completed": 33,
      "nas_rank": 14,
      "val_rank": 1,
      "ema_rank": 0,
      "best_rank": 0
    },
    {
      "arch_index": 1,
      "nas_quant_acc1": 63.5,
      "val_acc1": 86.4613140060241,
      "ema_acc1": 84.88030245983936,
      "best_val_acc1": 90.47455446787149,
      "best_ema_acc1": 84.88030245983936,
      "epochs_completed": 33,
      "nas_rank": 13,
      "val_rank": 13,
      "ema_rank": 13,
      "best_rank": 14
    },
    {
      "arch_index": 2,
      "nas_quant_acc1": 68.25,
      "val_acc1": 85.9550702811245,
      "ema_acc1": 85.593781375502,
      "best_val_acc1": 90.9671498493976,
      "best_ema_acc1": 85.593781375502,
      "epochs_completed": 33,
      "nas_rank": 12,
      "val_rank": 14,
      "ema_rank": 12,
      "best_rank": 13
    },
    {
      "arch_index": 3,
      "nas_quant_acc1": 71.5,
      "val_acc1": 87.93000125502007,
      "ema_acc1": 88.03040286144578,
      "best_val_acc1": 92.05980170682732,
      "best_ema_acc1": 88.03040286144578,
      "epochs_completed": 33,
      "nas_rank": 11,
      "val_rank": 10,
      "ema_rank": 10,
      "best_rank": 11
    },
    {
      "arch_index": 4,
      "nas_quant_acc1": 74.0,
      "val_acc1": 88.10790035140562,
      "ema_acc1": 87.72386420682732,
      "best_val_acc1": 91.61928965863453,
      "best_ema_acc1": 87.72386420682732,
      "epochs_completed": 33,
      "nas_rank": 10,
      "val_rank": 9,
      "ema_rank": 11,
      "best_rank": 12
    },
    {
      "arch_index": 5,
      "nas_quant_acc1": 75.5,
      "val_acc1": 88.19308483935743,
      "ema_acc1": 89.50285517068274,
      "best_val_acc1": 93.12703940763052,
      "best_ema_acc1": 89.50285517068274,
      "epochs_completed": 33,
      "nas_rank": 9,
      "val_rank": 8,
      "ema_rank": 2,
      "best_rank": 2
    },
    {
      "arch_index": 6,
      "nas_quant_acc1": 76.5,
      "val_acc1": 88.66512926706828,
      "ema_acc1": 88.97166792168674,
      "best_val_acc1": 92.67507530120481,
      "best_ema_acc1": 88.97166792168674,
      "epochs_completed": 33,
      "nas_rank": 8,
      "val_rank": 4,
      "ema_rank": 5,
      "best_rank": 5
    },
    {
      "arch_index": 7,
      "nas_quant_acc1": 77.25,
      "val_acc1": 88.57178714859438,
      "ema_acc1": 88.73839106425703,
      "best_val_acc1": 92.55302459839358,
      "best_ema_acc1": 88.73839106425703,
      "epochs_completed": 33,
      "nas_rank": 7,
      "val_rank": 5,
      "ema_rank": 7,
      "best_rank": 7
    },
    {
      "arch_index": 8,
      "nas_quant_acc1": 78.0,
      "val_acc1": 87.75633785140562,
      "ema_acc1": 88.60222138554217,
      "best_val_acc1": 92.53184613453816,
      "best_ema_acc1": 88.60222138554217,
      "epochs_completed": 33,
      "nas_rank": 6,
      "val_rank": 11,
      "ema_rank": 9,
      "best_rank": 8
    },
    {
      "arch_index": 9,
      "nas_quant_acc1": 78.5,
      "val_acc1": 88.49476029116467,
      "ema_acc1": 77.15345758032127,
      "best_val_acc1": 92.57200677710844,
      "best_ema_acc1": 77.15345758032127,
      "epochs_completed": 33,
      "nas_rank": 5,
      "val_rank": 6,
      "ema_rank": 14,
      "best_rank": 6
    },
    {
      "arch_index": 10,
      "nas_quant_acc1": 79.0,
      "val_acc1": 88.92444779116467,
      "ema_acc1": 88.68411144578313,
      "best_val_acc1": 92.90678338353413,
      "best_ema_acc1": 88.68411144578313,
      "epochs_completed": 33,
      "nas_rank": 4,
      "val_rank": 3,
      "ema_rank": 8,
      "best_rank": 3
    },
    {
      "arch_index": 11,
      "nas_quant_acc1": 79.75,
      "val_acc1": 88.41663529116467,
      "ema_acc1": 89.1843938253012,
      "best_val_acc1": 92.71037274096385,
      "best_ema_acc1": 89.1843938253012,
      "epochs_completed": 33,
      "nas_rank": 3,
      "val_rank": 7,
      "ema_rank": 4,
      "best_rank": 4
    },
    {
      "arch_index": 12,
      "nas_quant_acc1": 80.25,
      "val_acc1": 89.10297439759036,
      "ema_acc1": 89.20227786144578,
      "best_val_acc1": 92.47380145582329,
      "best_ema_acc1": 89.20227786144578,
      "epochs_completed": 33,
      "nas_rank": 2,
      "val_rank": 2,
      "ema_rank": 3,
      "best_rank": 9
    },
    {
      "arch_index": 13,
      "nas_quant_acc1": 81.25,
      "val_acc1": 86.62242720883533,
      "ema_acc1": 88.74545055220884,
      "best_val_acc1": 92.47003639558233,
      "best_ema_acc1": 88.74545055220884,
      "epochs_completed": 33,
      "nas_rank": 1,
      "val_rank": 12,
      "ema_rank": 6,
      "best_rank": 10
    },
    {
      "arch_index": 14,
      "nas_quant_acc1": 85.5,
      "val_acc1": 90.44631651606427,
      "ema_acc1": 90.09318524096385,
      "best_val_acc1": 93.25128639558233,
      "best_ema_acc1": 90.09318524096385,
      "epochs_completed": 33,
      "nas_rank": 0,
      "val_rank": 0,
      "ema_rank": 1,
      "best_rank": 1
    }
  ],
  "timestamp": "2026-06-03T17:13:54.799973"
}