{
  "cycle": 144,
  "completed_arch_indices": [
    0,
    1,
    2,
    3,
    4,
    5,
    6,
    7,
    8,
    9,
    10,
    11,
    12,
    13,
    14
  ],
  "cycle_val_results": {
    "0": [
      91.17281626506023,
      94.58270582329318,
      95.79583960843372,
      94.58270582329318
    ],
    "1": [
      88.26964106425703,
      92.12820030120481,
      92.46187876506023,
      92.16130145582329
    ],
    "2": [
      87.90066516064257,
      92.76622113453816,
      92.76998619477912,
      92.76731927710844
    ],
    "3": [
      89.4898343373494,
      93.74827434738955,
      93.73415537148594,
      93.77431601405623
    ],
    "4": [
      90.5515813253012,
      93.25724774096385,
      93.37223895582329,
      93.25724774096385
    ],
    "5": [
      91.42178087349399,
      94.34503639558233,
      94.22784889558233,
      94.40417921686748
    ],
    "6": [
      89.32542670682732,
      94.20996485943776,
      94.11772088353413,
      94.20996485943776
    ],
    "7": [
      91.13532254016064,
      93.9261734437751,
      94.08728664658635,
      93.93213478915662
    ],
    "8": [
      89.97427208835342,
      93.92131024096385,
      94.0504204317269,
      93.94735190763052
    ],
    "9": [
      89.6780873493976,
      94.42316139558233,
      94.4253576807229,
      94.44324171686748
    ],
    "10": [
      89.40841490963855,
      93.99237575301206,
      94.21263177710844,
      93.99237575301206
    ],
    "11": [
      90.06918298192771,
      94.07756024096385,
      94.0894829317269,
      94.14266440763052
    ],
    "12": [
      90.4176079317269,
      94.10956325301206,
      93.97339357429719,
      94.10956325301206
    ],
    "13": [
      90.7175577309237,
      93.8703250502008,
      93.97449171686748,
      93.8703250502008
    ],
    "14": [
      91.50476907630521,
      94.4562625502008,
      94.36731300200803,
      94.4562625502008
    ]
  }
}