{
  "cycle": 43,
  "completed_arch_indices": [
    0,
    1,
    2,
    3,
    4,
    5,
    6,
    7,
    8,
    9,
    10,
    11,
    12,
    13,
    14
  ],
  "cycle_val_results": {
    "0": [
      91.12230170682732,
      92.27362575301206,
      94.50944402610442,
      92.27362575301206
    ],
    "1": [
      86.31808483935743,
      87.47913529116467,
      90.93844126506023,
      87.47913529116467
    ],
    "2": [
      86.61866214859438,
      88.00106676706828,
      91.3328313253012,
      88.00106676706828
    ],
    "3": [
      88.00106676706828,
      90.2710843373494,
      92.32241465863453,
      90.2710843373494
    ],
    "4": [
      89.03081074297188,
      89.74428965863453,
      91.95296812248995,
      89.74428965863453
    ],
    "5": [
      88.77855170682732,
      91.30788780120481,
      93.44550075301206,
      91.30788780120481
    ],
    "6": [
      88.83440010040161,
      90.69481049196787,
      93.1058609437751,
      90.69481049196787
    ],
    "7": [
      88.6097515060241,
      90.6687688253012,
      92.99134036144578,
      90.6687688253012
    ],
    "8": [
      88.60002510040161,
      90.47235818273093,
      92.60071536144578,
      90.47235818273093
    ],
    "9": [
      88.51374246987953,
      86.164031124498,
      93.18618222891565,
      86.164031124498
    ],
    "10": [
      90.47831952811245,
      90.57762299196787,
      93.14602158634538,
      90.57762299196787
    ],
    "11": [
      89.08289407630521,
      90.64978664658635,
      93.08797690763052,
      90.64978664658635
    ],
    "12": [
      89.50175702811245,
      90.70186997991968,
      93.01691139558233,
      90.70186997991968
    ],
    "13": [
      89.68075426706828,
      90.73387299196787,
      93.02993222891565,
      90.73387299196787
    ],
    "14": [
      90.38011420682732,
      91.66274472891565,
      93.56974774096385,
      91.66274472891565
    ]
  }
}