{
  "cycle": 43,
  "n_archs": 15,
  "spearman_r": 0.4678571428571427,
  "spearman_p": 0.0786302311543806,
  "pearson_r": -0.20946231467300677,
  "pearson_p": 0.45371423854255943,
  "kendall_tau": 0.3904761904761905,
  "kendall_p": 0.04629247541540862,
  "bootstrap_ci_spearman": [
    -0.1899059940431869,
    0.9317848311371563
  ],
  "spearman_r_ema": 0.3071428571428571,
  "spearman_p_ema": 0.2654726857102779,
  "pearson_r_ema": -0.19238257251769747,
  "pearson_p_ema": 0.49213652704325955,
  "kendall_tau_ema": 0.29523809523809524,
  "kendall_p_ema": 0.13946285911906778,
  "bootstrap_ci_spearman_ema": [
    -0.363815302121066,
    0.8915479403786823
  ],
  "spearman_r_best": 0.34642857142857136,
  "spearman_p_best": 0.2058959920935512,
  "pearson_r_best": -0.2730451268996723,
  "pearson_p_best": 0.32480235835810267,
  "kendall_tau_best": 0.2761904761904762,
  "kendall_p_best": 0.16857787367749338,
  "bootstrap_ci_spearman_best": [
    -0.31648441269039035,
    0.8907153502235468
  ],
  "mean_val_acc1": 88.90341574631861,
  "std_val_acc1": 1.3001065119468247,
  "mean_ema_acc1": 90.09353037148594,
  "mean_best_val_acc1": 92.81575259370815,
  "per_arch": [
    {
      "arch_index": 0,
      "nas_quant_acc1": 10.0,
      "val_acc1": 91.12230170682732,
      "ema_acc1": 92.27362575301206,
      "best_val_acc1": 94.50944402610442,
      "best_ema_acc1": 92.27362575301206,
      "epochs_completed": 44,
      "nas_rank": 14,
      "val_rank": 0,
      "ema_rank": 0,
      "best_rank": 0
    },
    {
      "arch_index": 1,
      "nas_quant_acc1": 63.5,
      "val_acc1": 86.31808483935743,
      "ema_acc1": 87.47913529116467,
      "best_val_acc1": 90.93844126506023,
      "best_ema_acc1": 87.47913529116467,
      "epochs_completed": 44,
      "nas_rank": 13,
      "val_rank": 14,
      "ema_rank": 13,
      "best_rank": 14
    },
    {
      "arch_index": 2,
      "nas_quant_acc1": 68.25,
      "val_acc1": 86.61866214859438,
      "ema_acc1": 88.00106676706828,
      "best_val_acc1": 91.3328313253012,
      "best_ema_acc1": 88.00106676706828,
      "epochs_completed": 44,
      "nas_rank": 12,
      "val_rank": 13,
      "ema_rank": 12,
      "best_rank": 13
    },
    {
      "arch_index": 3,
      "nas_quant_acc1": 71.5,
      "val_acc1": 88.00106676706828,
      "ema_acc1": 90.2710843373494,
      "best_val_acc1": 92.32241465863453,
      "best_ema_acc1": 90.2710843373494,
      "epochs_completed": 44,
      "nas_rank": 11,
      "val_rank": 12,
      "ema_rank": 10,
      "best_rank": 11
    },
    {
      "arch_index": 4,
      "nas_quant_acc1": 74.0,
      "val_acc1": 89.03081074297188,
      "ema_acc1": 89.74428965863453,
      "best_val_acc1": 91.95296812248995,
      "best_ema_acc1": 89.74428965863453,
      "epochs_completed": 44,
      "nas_rank": 10,
      "val_rank": 6,
      "ema_rank": 11,
      "best_rank": 12
    },
    {
      "arch_index": 5,
      "nas_quant_acc1": 75.5,
      "val_acc1": 88.77855170682732,
      "ema_acc1": 91.30788780120481,
      "best_val_acc1": 93.44550075301206,
      "best_ema_acc1": 91.30788780120481,
      "epochs_completed": 44,
      "nas_rank": 9,
      "val_rank": 8,
      "ema_rank": 2,
      "best_rank": 2
    },
    {
      "arch_index": 6,
      "nas_quant_acc1": 76.5,
      "val_acc1": 88.83440010040161,
      "ema_acc1": 90.69481049196787,
      "best_val_acc1": 93.1058609437751,
      "best_ema_acc1": 90.69481049196787,
      "epochs_completed": 44,
      "nas_rank": 8,
      "val_rank": 7,
      "ema_rank": 5,
      "best_rank": 5
    },
    {
      "arch_index": 7,
      "nas_quant_acc1": 77.25,
      "val_acc1": 88.6097515060241,
      "ema_acc1": 90.6687688253012,
      "best_val_acc1": 92.99134036144578,
      "best_ema_acc1": 90.6687688253012,
      "epochs_completed": 44,
      "nas_rank": 7,
      "val_rank": 9,
      "ema_rank": 6,
      "best_rank": 9
    },
    {
      "arch_index": 8,
      "nas_quant_acc1": 78.0,
      "val_acc1": 88.60002510040161,
      "ema_acc1": 90.47235818273093,
      "best_val_acc1": 92.60071536144578,
      "best_ema_acc1": 90.47235818273093,
      "epochs_completed": 44,
      "nas_rank": 6,
      "val_rank": 10,
      "ema_rank": 9,
      "best_rank": 10
    },
    {
      "arch_index": 9,
      "nas_quant_acc1": 78.5,
      "val_acc1": 88.51374246987953,
      "ema_acc1": 86.164031124498,
      "best_val_acc1": 93.18618222891565,
      "best_ema_acc1": 86.164031124498,
      "epochs_completed": 44,
      "nas_rank": 5,
      "val_rank": 11,
      "ema_rank": 14,
      "best_rank": 3
    },
    {
      "arch_index": 10,
      "nas_quant_acc1": 79.0,
      "val_acc1": 90.47831952811245,
      "ema_acc1": 90.57762299196787,
      "best_val_acc1": 93.14602158634538,
      "best_ema_acc1": 90.57762299196787,
      "epochs_completed": 44,
      "nas_rank": 4,
      "val_rank": 1,
      "ema_rank": 8,
      "best_rank": 4
    },
    {
      "arch_index": 11,
      "nas_quant_acc1": 79.75,
      "val_acc1": 89.08289407630521,
      "ema_acc1": 90.64978664658635,
      "best_val_acc1": 93.08797690763052,
      "best_ema_acc1": 90.64978664658635,
      "epochs_completed": 44,
      "nas_rank": 3,
      "val_rank": 5,
      "ema_rank": 7,
      "best_rank": 6
    },
    {
      "arch_index": 12,
      "nas_quant_acc1": 80.25,
      "val_acc1": 89.50175702811245,
      "ema_acc1": 90.70186997991968,
      "best_val_acc1": 93.01691139558233,
      "best_ema_acc1": 90.70186997991968,
      "epochs_completed": 44,
      "nas_rank": 2,
      "val_rank": 4,
      "ema_rank": 4,
      "best_rank": 8
    },
    {
      "arch_index": 13,
      "nas_quant_acc1": 81.25,
      "val_acc1": 89.68075426706828,
      "ema_acc1": 90.73387299196787,
      "best_val_acc1": 93.02993222891565,
      "best_ema_acc1": 90.73387299196787,
      "epochs_completed": 44,
      "nas_rank": 1,
      "val_rank": 3,
      "ema_rank": 3,
      "best_rank": 7
    },
    {
      "arch_index": 14,
      "nas_quant_acc1": 85.5,
      "val_acc1": 90.38011420682732,
      "ema_acc1": 91.66274472891565,
      "best_val_acc1": 93.56974774096385,
      "best_ema_acc1": 91.66274472891565,
      "epochs_completed": 44,
      "nas_rank": 0,
      "val_rank": 2,
      "ema_rank": 1,
      "best_rank": 1
    }
  ],
  "timestamp": "2026-06-03T18:19:30.996998"
}