{
  "cycle": 28,
  "completed_arch_indices": [
    0,
    1,
    2,
    3,
    4,
    5,
    6,
    7,
    8,
    9,
    10,
    11,
    12,
    13,
    14
  ],
  "cycle_val_results": {
    "0": [
      94.07159889558233,
      89.95481927710844,
      94.26800953815261,
      89.95481927710844
    ],
    "1": [
      89.46159638554217,
      83.10178212851406,
      89.53376004016064,
      83.10178212851406
    ],
    "2": [
      90.31610818273093,
      84.22926079317268,
      90.31610818273093,
      84.22926079317268
    ],
    "3": [
      91.3968373493976,
      86.59591490963855,
      91.3968373493976,
      86.59591490963855
    ],
    "4": [
      91.01923318273093,
      86.44939131526104,
      91.03445030120481,
      86.44939131526104
    ],
    "5": [
      92.8004204317269,
      88.3808672188755,
      92.8004204317269,
      88.3808672188755
    ],
    "6": [
      91.65615587349399,
      87.71241214859438,
      91.99909011044177,
      87.71241214859438
    ],
    "7": [
      91.9355547188755,
      87.54533760040161,
      91.94967369477912,
      87.54533760040161
    ],
    "8": [
      91.78965863453816,
      87.33214106425703,
      91.78965863453816,
      87.33214106425703
    ],
    "9": [
      92.06309613453816,
      69.97662525100401,
      92.41795306224898,
      69.97662525100401
    ],
    "10": [
      92.46187876506023,
      87.54423945783132,
      92.46187876506023,
      87.54423945783132
    ],
    "11": [
      92.23942645582329,
      87.98537901606427,
      92.23942645582329,
      87.98537901606427
    ],
    "12": [
      91.96598895582329,
      87.81391189759036,
      91.96598895582329,
      87.81391189759036
    ],
    "13": [
      92.01807228915662,
      87.40916792168674,
      92.01807228915662,
      87.40916792168674
    ],
    "14": [
      92.8937625502008,
      88.86106927710844,
      92.8937625502008,
      88.86106927710844
    ]
  }
}