{
  "cycle": 28,
  "n_archs": 15,
  "spearman_r": 0.43214285714285705,
  "spearman_p": 0.10769303754639799,
  "pearson_r": -0.31195695479288793,
  "pearson_p": 0.25766573087857003,
  "kendall_tau": 0.40952380952380957,
  "kendall_p": 0.03589723736788882,
  "bootstrap_ci_spearman": [
    -0.2445357973410762,
    0.9494630288548945
  ],
  "spearman_r_ema": 0.2678571428571428,
  "spearman_p_ema": 0.3344436005123538,
  "pearson_r_ema": -0.16080875268222644,
  "pearson_p_ema": 0.5669658682158141,
  "kendall_tau_ema": 0.21904761904761905,
  "kendall_p_ema": 0.2815660702955676,
  "bootstrap_ci_spearman_ema": [
    -0.3931360855410866,
    0.8369785546415981
  ],
  "spearman_r_best": 0.3928571428571428,
  "spearman_p_best": 0.14746665531132622,
  "pearson_r_best": -0.336926622485271,
  "pearson_p_best": 0.21944358268100408,
  "kendall_tau_best": 0.33333333333333337,
  "kendall_p_best": 0.09264256691158146,
  "bootstrap_ci_spearman_best": [
    -0.26450749145536934,
    0.912889607827665
  ],
  "mean_val_acc1": 91.87262592034807,
  "std_val_acc1": 1.0867738715497957,
  "mean_ema_acc1": 86.05948795180724,
  "mean_best_val_acc1": 91.9390060240964,
  "per_arch": [
    {
      "arch_index": 0,
      "nas_quant_acc1": 10.0,
      "val_acc1": 94.07159889558233,
      "ema_acc1": 89.95481927710844,
      "best_val_acc1": 94.26800953815261,
      "best_ema_acc1": 89.95481927710844,
      "epochs_completed": 29,
      "nas_rank": 14,
      "val_rank": 0,
      "ema_rank": 0,
      "best_rank": 0
    },
    {
      "arch_index": 1,
      "nas_quant_acc1": 63.5,
      "val_acc1": 89.46159638554217,
      "ema_acc1": 83.10178212851406,
      "best_val_acc1": 89.53376004016064,
      "best_ema_acc1": 83.10178212851406,
      "epochs_completed": 29,
      "nas_rank": 13,
      "val_rank": 14,
      "ema_rank": 13,
      "best_rank": 14
    },
    {
      "arch_index": 2,
      "nas_quant_acc1": 68.25,
      "val_acc1": 90.31610818273093,
      "ema_acc1": 84.22926079317268,
      "best_val_acc1": 90.31610818273093,
      "best_ema_acc1": 84.22926079317268,
      "epochs_completed": 29,
      "nas_rank": 12,
      "val_rank": 13,
      "ema_rank": 12,
      "best_rank": 13
    },
    {
      "arch_index": 3,
      "nas_quant_acc1": 71.5,
      "val_acc1": 91.3968373493976,
      "ema_acc1": 86.59591490963855,
      "best_val_acc1": 91.3968373493976,
      "best_ema_acc1": 86.59591490963855,
      "epochs_completed": 29,
      "nas_rank": 11,
      "val_rank": 11,
      "ema_rank": 10,
      "best_rank": 11
    },
    {
      "arch_index": 4,
      "nas_quant_acc1": 74.0,
      "val_acc1": 91.01923318273093,
      "ema_acc1": 86.44939131526104,
      "best_val_acc1": 91.03445030120481,
      "best_ema_acc1": 86.44939131526104,
      "epochs_completed": 29,
      "nas_rank": 10,
      "val_rank": 12,
      "ema_rank": 11,
      "best_rank": 12
    },
    {
      "arch_index": 5,
      "nas_quant_acc1": 75.5,
      "val_acc1": 92.8004204317269,
      "ema_acc1": 88.3808672188755,
      "best_val_acc1": 92.8004204317269,
      "best_ema_acc1": 88.3808672188755,
      "epochs_completed": 29,
      "nas_rank": 9,
      "val_rank": 2,
      "ema_rank": 2,
      "best_rank": 2
    },
    {
      "arch_index": 6,
      "nas_quant_acc1": 76.5,
      "val_acc1": 91.65615587349399,
      "ema_acc1": 87.71241214859438,
      "best_val_acc1": 91.99909011044177,
      "best_ema_acc1": 87.71241214859438,
      "epochs_completed": 29,
      "nas_rank": 8,
      "val_rank": 10,
      "ema_rank": 5,
      "best_rank": 7
    },
    {
      "arch_index": 7,
      "nas_quant_acc1": 77.25,
      "val_acc1": 91.9355547188755,
      "ema_acc1": 87.54533760040161,
      "best_val_acc1": 91.94967369477912,
      "best_ema_acc1": 87.54533760040161,
      "epochs_completed": 29,
      "nas_rank": 7,
      "val_rank": 8,
      "ema_rank": 6,
      "best_rank": 9
    },
    {
      "arch_index": 8,
      "nas_quant_acc1": 78.0,
      "val_acc1": 91.78965863453816,
      "ema_acc1": 87.33214106425703,
      "best_val_acc1": 91.78965863453816,
      "best_ema_acc1": 87.33214106425703,
      "epochs_completed": 29,
      "nas_rank": 6,
      "val_rank": 9,
      "ema_rank": 9,
      "best_rank": 10
    },
    {
      "arch_index": 9,
      "nas_quant_acc1": 78.5,
      "val_acc1": 92.06309613453816,
      "ema_acc1": 69.97662525100401,
      "best_val_acc1": 92.41795306224898,
      "best_ema_acc1": 69.97662525100401,
      "epochs_completed": 29,
      "nas_rank": 5,
      "val_rank": 5,
      "ema_rank": 14,
      "best_rank": 4
    },
    {
      "arch_index": 10,
      "nas_quant_acc1": 79.0,
      "val_acc1": 92.46187876506023,
      "ema_acc1": 87.54423945783132,
      "best_val_acc1": 92.46187876506023,
      "best_ema_acc1": 87.54423945783132,
      "epochs_completed": 29,
      "nas_rank": 4,
      "val_rank": 3,
      "ema_rank": 7,
      "best_rank": 3
    },
    {
      "arch_index": 11,
      "nas_quant_acc1": 79.75,
      "val_acc1": 92.23942645582329,
      "ema_acc1": 87.98537901606427,
      "best_val_acc1": 92.23942645582329,
      "best_ema_acc1": 87.98537901606427,
      "epochs_completed": 29,
      "nas_rank": 3,
      "val_rank": 4,
      "ema_rank": 3,
      "best_rank": 5
    },
    {
      "arch_index": 12,
      "nas_quant_acc1": 80.25,
      "val_acc1": 91.96598895582329,
      "ema_acc1": 87.81391189759036,
      "best_val_acc1": 91.96598895582329,
      "best_ema_acc1": 87.81391189759036,
      "epochs_completed": 29,
      "nas_rank": 2,
      "val_rank": 7,
      "ema_rank": 4,
      "best_rank": 8
    },
    {
      "arch_index": 13,
      "nas_quant_acc1": 81.25,
      "val_acc1": 92.01807228915662,
      "ema_acc1": 87.40916792168674,
      "best_val_acc1": 92.01807228915662,
      "best_ema_acc1": 87.40916792168674,
      "epochs_completed": 29,
      "nas_rank": 1,
      "val_rank": 6,
      "ema_rank": 8,
      "best_rank": 6
    },
    {
      "arch_index": 14,
      "nas_quant_acc1": 85.5,
      "val_acc1": 92.8937625502008,
      "ema_acc1": 88.86106927710844,
      "best_val_acc1": 92.8937625502008,
      "best_ema_acc1": 88.86106927710844,
      "epochs_completed": 29,
      "nas_rank": 0,
      "val_rank": 1,
      "ema_rank": 1,
      "best_rank": 1
    }
  ],
  "timestamp": "2026-06-03T15:11:20.454772"
}