{
  "cycle": 16,
  "completed_arch_indices": [
    0,
    1,
    2,
    3,
    4,
    5,
    6,
    7,
    8,
    9,
    10,
    11,
    12,
    13,
    14
  ],
  "cycle_val_results": {
    "0": [
      91.46037274096385,
      82.01948418674698,
      92.65499497991968,
      82.01948418674698
    ],
    "1": [
      87.28978413654619,
      67.64244477911647,
      87.45528990963855,
      67.64244477911647
    ],
    "2": [
      87.78677208835342,
      71.91782756024097,
      87.78677208835342,
      71.91782756024097
    ],
    "3": [
      89.22126004016064,
      76.21156501004016,
      89.46159638554217,
      76.21156501004016
    ],
    "4": [
      88.78341490963855,
      75.98095507028113,
      89.00963227911646,
      75.98095507028113
    ],
    "5": [
      90.4734563253012,
      79.12823167670682,
      90.76587600401606,
      79.12823167670682
    ],
    "6": [
      89.75997740963855,
      77.28633283132531,
      90.22166792168674,
      77.28633283132531
    ],
    "7": [
      89.34550702811245,
      77.31017821285141,
      89.75511420682732,
      77.31017821285141
    ],
    "8": [
      89.13168298192771,
      74.95827058232932,
      89.85002510040161,
      74.95827058232932
    ],
    "9": [
      90.06384914658635,
      36.56375502008032,
      90.8640813253012,
      36.56375502008032
    ],
    "10": [
      90.00360818273093,
      77.34437751004016,
      90.38607555220884,
      77.34437751004016
    ],
    "11": [
      89.51258157630521,
      78.51468373493977,
      90.42623619477912,
      78.51468373493977
    ],
    "12": [
      89.4046498493976,
      76.68737449799197,
      90.07090863453816,
      76.68737449799197
    ],
    "13": [
      89.42473017068274,
      75.1882530120482,
      89.81049196787149,
      75.1882530120482
    ],
    "14": [
      90.70563504016064,
      79.06312751004016,
      90.70563504016064,
      79.06312751004016
    ]
  }
}