{
  "cycle": 16,
  "n_archs": 15,
  "spearman_r": 0.3285714285714285,
  "spearman_p": 0.23180969720615968,
  "pearson_r": -0.2799319633432068,
  "pearson_p": 0.31225281004360994,
  "kendall_tau": 0.2571428571428572,
  "kendall_p": 0.20184282422518202,
  "bootstrap_ci_spearman": [
    -0.35042139095312885,
    0.8759304863906129
  ],
  "spearman_r_ema": 0.11785714285714284,
  "spearman_p_ema": 0.6757115292213043,
  "pearson_r_ema": -0.16950884929088664,
  "pearson_p_ema": 0.5458786128616903,
  "kendall_tau_ema": 0.12380952380952381,
  "kendall_p_ema": 0.5589660721223221,
  "bootstrap_ci_spearman_ema": [
    -0.49269043291473896,
    0.7189964874621902
  ],
  "spearman_r_best": 0.3142857142857143,
  "spearman_p_best": 0.2539400163236714,
  "pearson_r_best": -0.3648236223284502,
  "pearson_p_best": 0.18121738164809664,
  "kendall_tau_best": 0.2761904761904762,
  "kendall_p_best": 0.16857787367749338,
  "bootstrap_ci_spearman_best": [
    -0.3297016274864375,
    0.8763636363636365
  ],
  "mean_val_acc1": 89.49115210843372,
  "std_val_acc1": 1.0511228888435071,
  "mean_ema_acc1": 73.72112407965194,
  "mean_best_val_acc1": 89.94829317269075,
  "per_arch": [
    {
      "arch_index": 0,
      "nas_quant_acc1": 10.0,
      "val_acc1": 91.46037274096385,
      "ema_acc1": 82.01948418674698,
      "best_val_acc1": 92.65499497991968,
      "best_ema_acc1": 82.01948418674698,
      "epochs_completed": 17,
      "nas_rank": 14,
      "val_rank": 0,
      "ema_rank": 0,
      "best_rank": 0
    },
    {
      "arch_index": 1,
      "nas_quant_acc1": 63.5,
      "val_acc1": 87.28978413654619,
      "ema_acc1": 67.64244477911647,
      "best_val_acc1": 87.45528990963855,
      "best_ema_acc1": 67.64244477911647,
      "epochs_completed": 17,
      "nas_rank": 13,
      "val_rank": 14,
      "ema_rank": 13,
      "best_rank": 14
    },
    {
      "arch_index": 2,
      "nas_quant_acc1": 68.25,
      "val_acc1": 87.78677208835342,
      "ema_acc1": 71.91782756024097,
      "best_val_acc1": 87.78677208835342,
      "best_ema_acc1": 71.91782756024097,
      "epochs_completed": 17,
      "nas_rank": 12,
      "val_rank": 13,
      "ema_rank": 12,
      "best_rank": 13
    },
    {
      "arch_index": 3,
      "nas_quant_acc1": 71.5,
      "val_acc1": 89.22126004016064,
      "ema_acc1": 76.21156501004016,
      "best_val_acc1": 89.46159638554217,
      "best_ema_acc1": 76.21156501004016,
      "epochs_completed": 17,
      "nas_rank": 11,
      "val_rank": 10,
      "ema_rank": 8,
      "best_rank": 11
    },
    {
      "arch_index": 4,
      "nas_quant_acc1": 74.0,
      "val_acc1": 88.78341490963855,
      "ema_acc1": 75.98095507028113,
      "best_val_acc1": 89.00963227911646,
      "best_ema_acc1": 75.98095507028113,
      "epochs_completed": 17,
      "nas_rank": 10,
      "val_rank": 12,
      "ema_rank": 9,
      "best_rank": 12
    },
    {
      "arch_index": 5,
      "nas_quant_acc1": 75.5,
      "val_acc1": 90.4734563253012,
      "ema_acc1": 79.12823167670682,
      "best_val_acc1": 90.76587600401606,
      "best_ema_acc1": 79.12823167670682,
      "epochs_completed": 17,
      "nas_rank": 9,
      "val_rank": 2,
      "ema_rank": 1,
      "best_rank": 2
    },
    {
      "arch_index": 6,
      "nas_quant_acc1": 76.5,
      "val_acc1": 89.75997740963855,
      "ema_acc1": 77.28633283132531,
      "best_val_acc1": 90.22166792168674,
      "best_ema_acc1": 77.28633283132531,
      "epochs_completed": 17,
      "nas_rank": 8,
      "val_rank": 5,
      "ema_rank": 6,
      "best_rank": 6
    },
    {
      "arch_index": 7,
      "nas_quant_acc1": 77.25,
      "val_acc1": 89.34550702811245,
      "ema_acc1": 77.31017821285141,
      "best_val_acc1": 89.75511420682732,
      "best_ema_acc1": 77.31017821285141,
      "epochs_completed": 17,
      "nas_rank": 7,
      "val_rank": 9,
      "ema_rank": 5,
      "best_rank": 10
    },
    {
      "arch_index": 8,
      "nas_quant_acc1": 78.0,
      "val_acc1": 89.13168298192771,
      "ema_acc1": 74.95827058232932,
      "best_val_acc1": 89.85002510040161,
      "best_ema_acc1": 74.95827058232932,
      "epochs_completed": 17,
      "nas_rank": 6,
      "val_rank": 11,
      "ema_rank": 11,
      "best_rank": 8
    },
    {
      "arch_index": 9,
      "nas_quant_acc1": 78.5,
      "val_acc1": 90.06384914658635,
      "ema_acc1": 36.56375502008032,
      "best_val_acc1": 90.8640813253012,
      "best_ema_acc1": 36.56375502008032,
      "epochs_completed": 17,
      "nas_rank": 5,
      "val_rank": 3,
      "ema_rank": 14,
      "best_rank": 1
    },
    {
      "arch_index": 10,
      "nas_quant_acc1": 79.0,
      "val_acc1": 90.00360818273093,
      "ema_acc1": 77.34437751004016,
      "best_val_acc1": 90.38607555220884,
      "best_ema_acc1": 77.34437751004016,
      "epochs_completed": 17,
      "nas_rank": 4,
      "val_rank": 4,
      "ema_rank": 4,
      "best_rank": 5
    },
    {
      "arch_index": 11,
      "nas_quant_acc1": 79.75,
      "val_acc1": 89.51258157630521,
      "ema_acc1": 78.51468373493977,
      "best_val_acc1": 90.42623619477912,
      "best_ema_acc1": 78.51468373493977,
      "epochs_completed": 17,
      "nas_rank": 3,
      "val_rank": 6,
      "ema_rank": 3,
      "best_rank": 4
    },
    {
      "arch_index": 12,
      "nas_quant_acc1": 80.25,
      "val_acc1": 89.4046498493976,
      "ema_acc1": 76.68737449799197,
      "best_val_acc1": 90.07090863453816,
      "best_ema_acc1": 76.68737449799197,
      "epochs_completed": 17,
      "nas_rank": 2,
      "val_rank": 8,
      "ema_rank": 7,
      "best_rank": 7
    },
    {
      "arch_index": 13,
      "nas_quant_acc1": 81.25,
      "val_acc1": 89.42473017068274,
      "ema_acc1": 75.1882530120482,
      "best_val_acc1": 89.81049196787149,
      "best_ema_acc1": 75.1882530120482,
      "epochs_completed": 17,
      "nas_rank": 1,
      "val_rank": 7,
      "ema_rank": 10,
      "best_rank": 9
    },
    {
      "arch_index": 14,
      "nas_quant_acc1": 85.5,
      "val_acc1": 90.70563504016064,
      "ema_acc1": 79.06312751004016,
      "best_val_acc1": 90.70563504016064,
      "best_ema_acc1": 79.06312751004016,
      "epochs_completed": 17,
      "nas_rank": 0,
      "val_rank": 1,
      "ema_rank": 2,
      "best_rank": 3
    }
  ],
  "timestamp": "2026-06-03T14:15:33.243795"
}