{
  "cycle": 80,
  "completed_arch_indices": [
    0,
    1,
    2,
    3,
    4,
    5,
    6,
    7,
    8,
    9,
    10,
    11,
    12,
    13,
    14
  ],
  "cycle_val_results": {
    "0": [
      95.42419678714859,
      89.57282254016064,
      95.42419678714859,
      92.39081325301206
    ],
    "1": [
      91.69851280120481,
      89.8733998493976,
      91.75169427710844,
      89.8733998493976
    ],
    "2": [
      92.08317645582329,
      90.39313504016064,
      92.13416164658635,
      90.39313504016064
    ],
    "3": [
      92.56008408634538,
      91.78369728915662,
      92.80528363453816,
      91.78369728915662
    ],
    "4": [
      92.43473895582329,
      91.6605484437751,
      92.63491465863453,
      91.6605484437751
    ],
    "5": [
      93.64787274096385,
      92.35771209839358,
      93.6750125502008,
      92.35771209839358
    ],
    "6": [
      93.76019703815261,
      92.17432228915662,
      93.76019703815261,
      92.17432228915662
    ],
    "7": [
      93.42322414658635,
      92.29747113453816,
      93.70042670682732,
      92.29747113453816
    ],
    "8": [
      93.43247991967873,
      92.35661395582329,
      93.43247991967873,
      92.37669427710844
    ],
    "9": [
      94.00649472891565,
      91.07727786144578,
      94.00649472891565,
      91.07727786144578
    ],
    "10": [
      93.43138177710844,
      91.99203062248995,
      93.43138177710844,
      91.99203062248995
    ],
    "11": [
      93.72709588353413,
      92.38265562248995,
      93.72709588353413,
      92.38265562248995
    ],
    "12": [
      93.39341741967873,
      92.22154241967873,
      93.39341741967873,
      92.22154241967873
    ],
    "13": [
      93.43357806224898,
      92.37779241967873,
      93.55186370481927,
      92.37779241967873
    ],
    "14": [
      94.01465235943776,
      92.46893825301206,
      94.20290537148594,
      92.49497991967873
    ]
  }
}