{
  "cycle": 80,
  "n_archs": 15,
  "spearman_r": 0.35,
  "spearman_p": 0.2009453508162933,
  "pearson_r": -0.39493729109927256,
  "pearson_p": 0.1451442569751895,
  "kendall_tau": 0.3142857142857143,
  "kendall_p": 0.11424717239544455,
  "bootstrap_ci_spearman": [
    -0.3064887406171809,
    0.8919291534181233
  ],
  "spearman_r_ema": 0.782142857142857,
  "spearman_p_ema": 0.0005697096277734958,
  "pearson_r_ema": 0.7674851717670963,
  "pearson_p_ema": 0.0008371883780317453,
  "kendall_tau_ema": 0.6380952380952382,
  "kendall_p_ema": 0.0005320215605847219,
  "bootstrap_ci_spearman_ema": [
    0.3563605129048168,
    0.9670962328048671
  ],
  "spearman_r_best": 0.3214285714285714,
  "spearman_p_best": 0.24271904680166836,
  "pearson_r_best": -0.38391158871811976,
  "pearson_p_best": 0.15773787905527228,
  "kendall_tau_best": 0.2761904761904762,
  "kendall_p_best": 0.16857787367749338,
  "bootstrap_ci_spearman_best": [
    -0.3357667581865666,
    0.8761440635866865
  ],
  "mean_val_acc1": 93.36474021084337,
  "std_val_acc1": 0.9020829958108767,
  "mean_ema_acc1": 91.66599732262384,
  "mean_best_val_acc1": 93.4421017402945,
  "per_arch": [
    {
      "arch_index": 0,
      "nas_quant_acc1": 10.0,
      "val_acc1": 95.42419678714859,
      "ema_acc1": 89.57282254016064,
      "best_val_acc1": 95.42419678714859,
      "best_ema_acc1": 92.39081325301206,
      "epochs_completed": 81,
      "nas_rank": 14,
      "val_rank": 0,
      "ema_rank": 14,
      "best_rank": 0
    },
    {
      "arch_index": 1,
      "nas_quant_acc1": 63.5,
      "val_acc1": 91.69851280120481,
      "ema_acc1": 89.8733998493976,
      "best_val_acc1": 91.75169427710844,
      "best_ema_acc1": 89.8733998493976,
      "epochs_completed": 81,
      "nas_rank": 13,
      "val_rank": 14,
      "ema_rank": 13,
      "best_rank": 14
    },
    {
      "arch_index": 2,
      "nas_quant_acc1": 68.25,
      "val_acc1": 92.08317645582329,
      "ema_acc1": 90.39313504016064,
      "best_val_acc1": 92.13416164658635,
      "best_ema_acc1": 90.39313504016064,
      "epochs_completed": 81,
      "nas_rank": 12,
      "val_rank": 13,
      "ema_rank": 12,
      "best_rank": 13
    },
    {
      "arch_index": 3,
      "nas_quant_acc1": 71.5,
      "val_acc1": 92.56008408634538,
      "ema_acc1": 91.78369728915662,
      "best_val_acc1": 92.80528363453816,
      "best_ema_acc1": 91.78369728915662,
      "epochs_completed": 81,
      "nas_rank": 11,
      "val_rank": 11,
      "ema_rank": 9,
      "best_rank": 11
    },
    {
      "arch_index": 4,
      "nas_quant_acc1": 74.0,
      "val_acc1": 92.43473895582329,
      "ema_acc1": 91.6605484437751,
      "best_val_acc1": 92.63491465863453,
      "best_ema_acc1": 91.6605484437751,
      "epochs_completed": 81,
      "nas_rank": 10,
      "val_rank": 12,
      "ema_rank": 10,
      "best_rank": 12
    },
    {
      "arch_index": 5,
      "nas_quant_acc1": 75.5,
      "val_acc1": 93.64787274096385,
      "ema_acc1": 92.35771209839358,
      "best_val_acc1": 93.6750125502008,
      "best_ema_acc1": 92.35771209839358,
      "epochs_completed": 81,
      "nas_rank": 9,
      "val_rank": 5,
      "ema_rank": 3,
      "best_rank": 6
    },
    {
      "arch_index": 6,
      "nas_quant_acc1": 76.5,
      "val_acc1": 93.76019703815261,
      "ema_acc1": 92.17432228915662,
      "best_val_acc1": 93.76019703815261,
      "best_ema_acc1": 92.17432228915662,
      "epochs_completed": 81,
      "nas_rank": 8,
      "val_rank": 3,
      "ema_rank": 7,
      "best_rank": 3
    },
    {
      "arch_index": 7,
      "nas_quant_acc1": 77.25,
      "val_acc1": 93.42322414658635,
      "ema_acc1": 92.29747113453816,
      "best_val_acc1": 93.70042670682732,
      "best_ema_acc1": 92.29747113453816,
      "epochs_completed": 81,
      "nas_rank": 7,
      "val_rank": 9,
      "ema_rank": 5,
      "best_rank": 5
    },
    {
      "arch_index": 8,
      "nas_quant_acc1": 78.0,
      "val_acc1": 93.43247991967873,
      "ema_acc1": 92.35661395582329,
      "best_val_acc1": 93.43247991967873,
      "best_ema_acc1": 92.37669427710844,
      "epochs_completed": 81,
      "nas_rank": 6,
      "val_rank": 7,
      "ema_rank": 4,
      "best_rank": 8
    },
    {
      "arch_index": 9,
      "nas_quant_acc1": 78.5,
      "val_acc1": 94.00649472891565,
      "ema_acc1": 91.07727786144578,
      "best_val_acc1": 94.00649472891565,
      "best_ema_acc1": 91.07727786144578,
      "epochs_completed": 81,
      "nas_rank": 5,
      "val_rank": 2,
      "ema_rank": 11,
      "best_rank": 2
    },
    {
      "arch_index": 10,
      "nas_quant_acc1": 79.0,
      "val_acc1": 93.43138177710844,
      "ema_acc1": 91.99203062248995,
      "best_val_acc1": 93.43138177710844,
      "best_ema_acc1": 91.99203062248995,
      "epochs_completed": 81,
      "nas_rank": 4,
      "val_rank": 8,
      "ema_rank": 8,
      "best_rank": 9
    },
    {
      "arch_index": 11,
      "nas_quant_acc1": 79.75,
      "val_acc1": 93.72709588353413,
      "ema_acc1": 92.38265562248995,
      "best_val_acc1": 93.72709588353413,
      "best_ema_acc1": 92.38265562248995,
      "epochs_completed": 81,
      "nas_rank": 3,
      "val_rank": 4,
      "ema_rank": 1,
      "best_rank": 4
    },
    {
      "arch_index": 12,
      "nas_quant_acc1": 80.25,
      "val_acc1": 93.39341741967873,
      "ema_acc1": 92.22154241967873,
      "best_val_acc1": 93.39341741967873,
      "best_ema_acc1": 92.22154241967873,
      "epochs_completed": 81,
      "nas_rank": 2,
      "val_rank": 10,
      "ema_rank": 6,
      "best_rank": 10
    },
    {
      "arch_index": 13,
      "nas_quant_acc1": 81.25,
      "val_acc1": 93.43357806224898,
      "ema_acc1": 92.37779241967873,
      "best_val_acc1": 93.55186370481927,
      "best_ema_acc1": 92.37779241967873,
      "epochs_completed": 81,
      "nas_rank": 1,
      "val_rank": 6,
      "ema_rank": 2,
      "best_rank": 7
    },
    {
      "arch_index": 14,
      "nas_quant_acc1": 85.5,
      "val_acc1": 94.01465235943776,
      "ema_acc1": 92.46893825301206,
      "best_val_acc1": 94.20290537148594,
      "best_ema_acc1": 92.49497991967873,
      "epochs_completed": 81,
      "nas_rank": 0,
      "val_rank": 1,
      "ema_rank": 0,
      "best_rank": 1
    }
  ],
  "timestamp": "2026-06-03T22:49:18.745630"
}