{
  "cycle": 108,
  "completed_arch_indices": [
    0,
    1,
    2,
    3,
    4,
    5,
    6,
    7,
    8,
    9,
    10,
    11,
    12,
    13,
    14
  ],
  "cycle_val_results": {
    "0": [
      95.16864332329318,
      90.59174196787149,
      95.52616716867469,
      92.39081325301206
    ],
    "1": [
      91.45707831325302,
      91.02739081325302,
      92.05007530120481,
      91.02739081325302
    ],
    "2": [
      91.57316767068274,
      91.46413780120481,
      92.37669427710844,
      91.52328062248995
    ],
    "3": [
      92.65609312248995,
      92.60620607429719,
      93.49272088353413,
      92.61812876506023
    ],
    "4": [
      92.44775978915662,
      92.42281626506023,
      92.96969126506023,
      92.42281626506023
    ],
    "5": [
      93.45852158634538,
      93.23826556224898,
      93.8703250502008,
      93.23826556224898
    ],
    "6": [
      93.4254204317269,
      93.10099774096385,
      93.9175451807229,
      93.10099774096385
    ],
    "7": [
      93.09770331325302,
      93.12703940763052,
      93.83502761044177,
      93.12703940763052
    ],
    "8": [
      92.81234312248995,
      92.92953062248995,
      93.56159011044177,
      92.92953062248995
    ],
    "9": [
      93.53335215863453,
      92.88936997991968,
      94.04665537148594,
      92.88936997991968
    ],
    "10": [
      92.94364959839358,
      92.85360190763052,
      93.58982806224898,
      92.85360190763052
    ],
    "11": [
      93.04185491967873,
      93.25018825301206,
      93.72709588353413,
      93.25018825301206
    ],
    "12": [
      92.72825677710844,
      93.13896209839358,
      93.70481927710844,
      93.13896209839358
    ],
    "13": [
      93.26807228915662,
      93.12594126506023,
      93.96256902610442,
      93.16610190763052
    ],
    "14": [
      93.55076556224898,
      93.52958709839358,
      94.23600652610442,
      93.52958709839358
    ]
  }
}