{
  "cycle": 108,
  "n_archs": 15,
  "spearman_r": 0.3107142857142856,
  "spearman_p": 0.2596673973372179,
  "pearson_r": -0.46783563887950885,
  "pearson_p": 0.07864582789380928,
  "kendall_tau": 0.2571428571428572,
  "kendall_p": 0.20184282422518202,
  "bootstrap_ci_spearman": [
    -0.3857963456908523,
    0.8772579952491513
  ],
  "spearman_r_ema": 0.7857142857142856,
  "spearman_p_ema": 0.0005164547475705882,
  "pearson_r_ema": 0.8195083478077011,
  "pearson_p_ema": 0.00018470194268586975,
  "kendall_tau_ema": 0.6000000000000001,
  "kendall_p_ema": 0.0012858607977242237,
  "bootstrap_ci_spearman_ema": [
    0.3236336898395723,
    0.9636363636363637
  ],
  "spearman_r_best": 0.38928571428571423,
  "spearman_p_best": 0.15151193679039388,
  "pearson_r_best": -0.41150021504331435,
  "pearson_p_best": 0.127527464377873,
  "kendall_tau_best": 0.3523809523809524,
  "kendall_p_best": 0.07433498084899375,
  "bootstrap_ci_spearman_best": [
    -0.2614301994688519,
    0.9127351778656128
  ],
  "mean_val_acc1": 93.01084546519411,
  "std_val_acc1": 0.8748622631731049,
  "mean_ema_acc1": 92.61971845716198,
  "mean_best_val_acc1": 93.65778739959838,
  "per_arch": [
    {
      "arch_index": 0,
      "nas_quant_acc1": 10.0,
      "val_acc1": 95.16864332329318,
      "ema_acc1": 90.59174196787149,
      "best_val_acc1": 95.52616716867469,
      "best_ema_acc1": 92.39081325301206,
      "epochs_completed": 109,
      "nas_rank": 14,
      "val_rank": 0,
      "ema_rank": 14,
      "best_rank": 0
    },
    {
      "arch_index": 1,
      "nas_quant_acc1": 63.5,
      "val_acc1": 91.45707831325302,
      "ema_acc1": 91.02739081325302,
      "best_val_acc1": 92.05007530120481,
      "best_ema_acc1": 91.02739081325302,
      "epochs_completed": 109,
      "nas_rank": 13,
      "val_rank": 14,
      "ema_rank": 13,
      "best_rank": 14
    },
    {
      "arch_index": 2,
      "nas_quant_acc1": 68.25,
      "val_acc1": 91.57316767068274,
      "ema_acc1": 91.46413780120481,
      "best_val_acc1": 92.37669427710844,
      "best_ema_acc1": 91.52328062248995,
      "epochs_completed": 109,
      "nas_rank": 12,
      "val_rank": 13,
      "ema_rank": 12,
      "best_rank": 13
    },
    {
      "arch_index": 3,
      "nas_quant_acc1": 71.5,
      "val_acc1": 92.65609312248995,
      "ema_acc1": 92.60620607429719,
      "best_val_acc1": 93.49272088353413,
      "best_ema_acc1": 92.61812876506023,
      "epochs_completed": 109,
      "nas_rank": 11,
      "val_rank": 11,
      "ema_rank": 10,
      "best_rank": 11
    },
    {
      "arch_index": 4,
      "nas_quant_acc1": 74.0,
      "val_acc1": 92.44775978915662,
      "ema_acc1": 92.42281626506023,
      "best_val_acc1": 92.96969126506023,
      "best_ema_acc1": 92.42281626506023,
      "epochs_completed": 109,
      "nas_rank": 10,
      "val_rank": 12,
      "ema_rank": 11,
      "best_rank": 12
    },
    {
      "arch_index": 5,
      "nas_quant_acc1": 75.5,
      "val_acc1": 93.45852158634538,
      "ema_acc1": 93.23826556224898,
      "best_val_acc1": 93.8703250502008,
      "best_ema_acc1": 93.23826556224898,
      "epochs_completed": 109,
      "nas_rank": 9,
      "val_rank": 3,
      "ema_rank": 2,
      "best_rank": 5
    },
    {
      "arch_index": 6,
      "nas_quant_acc1": 76.5,
      "val_acc1": 93.4254204317269,
      "ema_acc1": 93.10099774096385,
      "best_val_acc1": 93.9175451807229,
      "best_ema_acc1": 93.10099774096385,
      "epochs_completed": 109,
      "nas_rank": 8,
      "val_rank": 4,
      "ema_rank": 6,
      "best_rank": 4
    },
    {
      "arch_index": 7,
      "nas_quant_acc1": 77.25,
      "val_acc1": 93.09770331325302,
      "ema_acc1": 93.12703940763052,
      "best_val_acc1": 93.83502761044177,
      "best_ema_acc1": 93.12703940763052,
      "epochs_completed": 109,
      "nas_rank": 7,
      "val_rank": 6,
      "ema_rank": 4,
      "best_rank": 6
    },
    {
      "arch_index": 8,
      "nas_quant_acc1": 78.0,
      "val_acc1": 92.81234312248995,
      "ema_acc1": 92.92953062248995,
      "best_val_acc1": 93.56159011044177,
      "best_ema_acc1": 92.92953062248995,
      "epochs_completed": 109,
      "nas_rank": 6,
      "val_rank": 9,
      "ema_rank": 7,
      "best_rank": 10
    },
    {
      "arch_index": 9,
      "nas_quant_acc1": 78.5,
      "val_acc1": 93.53335215863453,
      "ema_acc1": 92.88936997991968,
      "best_val_acc1": 94.04665537148594,
      "best_ema_acc1": 92.88936997991968,
      "epochs_completed": 109,
      "nas_rank": 5,
      "val_rank": 2,
      "ema_rank": 8,
      "best_rank": 2
    },
    {
      "arch_index": 10,
      "nas_quant_acc1": 79.0,
      "val_acc1": 92.94364959839358,
      "ema_acc1": 92.85360190763052,
      "best_val_acc1": 93.58982806224898,
      "best_ema_acc1": 92.85360190763052,
      "epochs_completed": 109,
      "nas_rank": 4,
      "val_rank": 8,
      "ema_rank": 9,
      "best_rank": 9
    },
    {
      "arch_index": 11,
      "nas_quant_acc1": 79.75,
      "val_acc1": 93.04185491967873,
      "ema_acc1": 93.25018825301206,
      "best_val_acc1": 93.72709588353413,
      "best_ema_acc1": 93.25018825301206,
      "epochs_completed": 109,
      "nas_rank": 3,
      "val_rank": 7,
      "ema_rank": 1,
      "best_rank": 7
    },
    {
      "arch_index": 12,
      "nas_quant_acc1": 80.25,
      "val_acc1": 92.72825677710844,
      "ema_acc1": 93.13896209839358,
      "best_val_acc1": 93.70481927710844,
      "best_ema_acc1": 93.13896209839358,
      "epochs_completed": 109,
      "nas_rank": 2,
      "val_rank": 10,
      "ema_rank": 3,
      "best_rank": 8
    },
    {
      "arch_index": 13,
      "nas_quant_acc1": 81.25,
      "val_acc1": 93.26807228915662,
      "ema_acc1": 93.12594126506023,
      "best_val_acc1": 93.96256902610442,
      "best_ema_acc1": 93.16610190763052,
      "epochs_completed": 109,
      "nas_rank": 1,
      "val_rank": 5,
      "ema_rank": 5,
      "best_rank": 3
    },
    {
      "arch_index": 14,
      "nas_quant_acc1": 85.5,
      "val_acc1": 93.55076556224898,
      "ema_acc1": 93.52958709839358,
      "best_val_acc1": 94.23600652610442,
      "best_ema_acc1": 93.52958709839358,
      "epochs_completed": 109,
      "nas_rank": 0,
      "val_rank": 1,
      "ema_rank": 0,
      "best_rank": 1
    }
  ],
  "timestamp": "2026-06-04T01:09:06.815442"
}