{
  "cycle": 158,
  "completed_arch_indices": [
    0,
    1,
    2,
    3,
    4,
    5,
    6,
    7,
    8,
    9,
    10,
    11,
    12,
    13,
    14
  ],
  "cycle_val_results": {
    "0": [
      94.85833960843372,
      95.19468498995984,
      95.79583960843372,
      95.19468498995984
    ],
    "1": [
      91.31165286144578,
      92.44775978915662,
      92.46187876506023,
      92.46784011044177
    ],
    "2": [
      91.92363202811245,
      92.89046812248995,
      92.78520331325302,
      92.92953062248995
    ],
    "3": [
      93.09503639558233,
      93.84538152610442,
      93.73415537148594,
      93.98970883534136
    ],
    "4": [
      92.81940261044177,
      93.4406375502008,
      93.45852158634538,
      93.49868222891565
    ],
    "5": [
      93.44550075301206,
      94.45030120481927,
      94.22784889558233,
      94.50834588353413
    ],
    "6": [
      93.6750125502008,
      94.45139934738955,
      94.11772088353413,
      94.47744101405623
    ],
    "7": [
      93.32941139558233,
      94.19364959839358,
      94.08728664658635,
      94.2066704317269
    ],
    "8": [
      93.19481049196787,
      94.18172690763052,
      94.0504204317269,
      94.18172690763052
    ],
    "9": [
      94.10360190763052,
      94.74272088353413,
      94.4253576807229,
      94.78178338353413
    ],
    "10": [
      93.45036395582329,
      93.97935491967873,
      94.21263177710844,
      94.03143825301206
    ],
    "11": [
      92.9734563253012,
      94.20290537148594,
      94.0894829317269,
      94.21592620481927
    ],
    "12": [
      92.94741465863453,
      94.22078940763052,
      94.03849774096385,
      94.35099774096385
    ],
    "13": [
      93.3011734437751,
      94.14266440763052,
      93.97449171686748,
      94.14266440763052
    ],
    "14": [
      93.92350652610442,
      94.53925075301206,
      94.36731300200803,
      94.53925075301206
    ]
  }
}