{
  "cycle": 127,
  "completed_arch_indices": [
    0,
    1,
    2,
    3,
    4,
    5,
    6,
    7,
    8,
    9,
    10,
    11,
    12,
    13,
    14
  ],
  "cycle_val_results": {
    "0": [
      93.9875125502008,
      93.22744101405623,
      95.79583960843372,
      93.22744101405623
    ],
    "1": [
      90.70673318273093,
      91.65945030120481,
      92.26546812248995,
      91.69851280120481
    ],
    "2": [
      90.98989708835342,
      92.42171812248995,
      92.76998619477912,
      92.42171812248995
    ],
    "3": [
      92.12004267068274,
      93.4015750502008,
      93.49272088353413,
      93.4015750502008
    ],
    "4": [
      91.84550702811245,
      92.97675075301206,
      93.22414658634538,
      93.02177459839358
    ],
    "5": [
      92.92576556224898,
      93.95550953815261,
      94.22784889558233,
      93.95550953815261
    ],
    "6": [
      92.7222954317269,
      93.81228037148594,
      94.11772088353413,
      93.81228037148594
    ],
    "7": [
      92.7710843373494,
      93.56755145582329,
      93.95817645582329,
      93.66575677710844
    ],
    "8": [
      92.63601280120481,
      93.45852158634538,
      93.73901857429719,
      93.49758408634538
    ],
    "9": [
      92.85846511044177,
      94.08352158634538,
      94.33091741967873,
      94.08352158634538
    ],
    "10": [
      92.77328062248995,
      93.69289658634538,
      94.21263177710844,
      93.71297690763052
    ],
    "11": [
      92.69405747991968,
      93.84914658634538,
      94.0894829317269,
      93.85620607429719
    ],
    "12": [
      92.49984312248995,
      93.7531375502008,
      93.90828940763052,
      93.7531375502008
    ],
    "13": [
      92.67507530120481,
      93.72113453815261,
      93.96256902610442,
      93.72113453815261
    ],
    "14": [
      93.04075677710844,
      94.04555722891565,
      94.35209588353413,
      94.04555722891565
    ]
  }
}