{
  "cycle": 127,
  "n_archs": 15,
  "spearman_r": 0.2821428571428571,
  "spearman_p": 0.30828445682005556,
  "pearson_r": -0.2608012447473037,
  "pearson_p": 0.3478128563602685,
  "kendall_tau": 0.21904761904761905,
  "kendall_p": 0.2815660702955676,
  "bootstrap_ci_spearman": [
    -0.4200797370831314,
    0.858741437377737
  ],
  "spearman_r_ema": 0.7142857142857142,
  "spearman_p_ema": 0.0027743838176388096,
  "pearson_r_ema": 0.34981593723833937,
  "pearson_p_ema": 0.2011986119552543,
  "kendall_tau_ema": 0.5238095238095238,
  "kendall_p_ema": 0.005901586283902752,
  "bootstrap_ci_spearman_ema": [
    0.23442644715878913,
    0.9117727860374919
  ],
  "spearman_r_best": 0.3428571428571428,
  "spearman_p_best": 0.21092379341475206,
  "pearson_r_best": -0.4288817563117705,
  "pearson_p_best": 0.11067363089830666,
  "kendall_tau_best": 0.2761904761904762,
  "kendall_p_best": 0.16857787367749338,
  "bootstrap_ci_spearman_best": [
    -0.3126198795997237,
    0.8866596498485435
  ],
  "mean_val_acc1": 92.48308860441766,
  "std_val_acc1": 0.8090529671773576,
  "mean_ema_acc1": 93.44174615127174,
  "mean_best_val_acc1": 93.89646084337349,
  "per_arch": [
    {
      "arch_index": 0,
      "nas_quant_acc1": 10.0,
      "val_acc1": 93.9875125502008,
      "ema_acc1": 93.22744101405623,
      "best_val_acc1": 95.79583960843372,
      "best_ema_acc1": 93.22744101405623,
      "epochs_completed": 128,
      "nas_rank": 14,
      "val_rank": 0,
      "ema_rank": 11,
      "best_rank": 0
    },
    {
      "arch_index": 1,
      "nas_quant_acc1": 63.5,
      "val_acc1": 90.70673318273093,
      "ema_acc1": 91.65945030120481,
      "best_val_acc1": 92.26546812248995,
      "best_ema_acc1": 91.69851280120481,
      "epochs_completed": 128,
      "nas_rank": 13,
      "val_rank": 14,
      "ema_rank": 14,
      "best_rank": 14
    },
    {
      "arch_index": 2,
      "nas_quant_acc1": 68.25,
      "val_acc1": 90.98989708835342,
      "ema_acc1": 92.42171812248995,
      "best_val_acc1": 92.76998619477912,
      "best_ema_acc1": 92.42171812248995,
      "epochs_completed": 128,
      "nas_rank": 12,
      "val_rank": 13,
      "ema_rank": 13,
      "best_rank": 13
    },
    {
      "arch_index": 3,
      "nas_quant_acc1": 71.5,
      "val_acc1": 92.12004267068274,
      "ema_acc1": 93.4015750502008,
      "best_val_acc1": 93.49272088353413,
      "best_ema_acc1": 93.4015750502008,
      "epochs_completed": 128,
      "nas_rank": 11,
      "val_rank": 11,
      "ema_rank": 10,
      "best_rank": 11
    },
    {
      "arch_index": 4,
      "nas_quant_acc1": 74.0,
      "val_acc1": 91.84550702811245,
      "ema_acc1": 92.97675075301206,
      "best_val_acc1": 93.22414658634538,
      "best_ema_acc1": 93.02177459839358,
      "epochs_completed": 128,
      "nas_rank": 10,
      "val_rank": 12,
      "ema_rank": 12,
      "best_rank": 12
    },
    {
      "arch_index": 5,
      "nas_quant_acc1": 75.5,
      "val_acc1": 92.92576556224898,
      "ema_acc1": 93.95550953815261,
      "best_val_acc1": 94.22784889558233,
      "best_ema_acc1": 93.95550953815261,
      "epochs_completed": 128,
      "nas_rank": 9,
      "val_rank": 2,
      "ema_rank": 2,
      "best_rank": 3
    },
    {
      "arch_index": 6,
      "nas_quant_acc1": 76.5,
      "val_acc1": 92.7222954317269,
      "ema_acc1": 93.81228037148594,
      "best_val_acc1": 94.11772088353413,
      "best_ema_acc1": 93.81228037148594,
      "epochs_completed": 128,
      "nas_rank": 8,
      "val_rank": 6,
      "ema_rank": 4,
      "best_rank": 5
    },
    {
      "arch_index": 7,
      "nas_quant_acc1": 77.25,
      "val_acc1": 92.7710843373494,
      "ema_acc1": 93.56755145582329,
      "best_val_acc1": 93.95817645582329,
      "best_ema_acc1": 93.66575677710844,
      "epochs_completed": 128,
      "nas_rank": 7,
      "val_rank": 5,
      "ema_rank": 8,
      "best_rank": 8
    },
    {
      "arch_index": 8,
      "nas_quant_acc1": 78.0,
      "val_acc1": 92.63601280120481,
      "ema_acc1": 93.45852158634538,
      "best_val_acc1": 93.73901857429719,
      "best_ema_acc1": 93.49758408634538,
      "epochs_completed": 128,
      "nas_rank": 6,
      "val_rank": 9,
      "ema_rank": 9,
      "best_rank": 10
    },
    {
      "arch_index": 9,
      "nas_quant_acc1": 78.5,
      "val_acc1": 92.85846511044177,
      "ema_acc1": 94.08352158634538,
      "best_val_acc1": 94.33091741967873,
      "best_ema_acc1": 94.08352158634538,
      "epochs_completed": 128,
      "nas_rank": 5,
      "val_rank": 3,
      "ema_rank": 0,
      "best_rank": 2
    },
    {
      "arch_index": 10,
      "nas_quant_acc1": 79.0,
      "val_acc1": 92.77328062248995,
      "ema_acc1": 93.69289658634538,
      "best_val_acc1": 94.21263177710844,
      "best_ema_acc1": 93.71297690763052,
      "epochs_completed": 128,
      "nas_rank": 4,
      "val_rank": 4,
      "ema_rank": 7,
      "best_rank": 4
    },
    {
      "arch_index": 11,
      "nas_quant_acc1": 79.75,
      "val_acc1": 92.69405747991968,
      "ema_acc1": 93.84914658634538,
      "best_val_acc1": 94.0894829317269,
      "best_ema_acc1": 93.85620607429719,
      "epochs_completed": 128,
      "nas_rank": 3,
      "val_rank": 7,
      "ema_rank": 3,
      "best_rank": 6
    },
    {
      "arch_index": 12,
      "nas_quant_acc1": 80.25,
      "val_acc1": 92.49984312248995,
      "ema_acc1": 93.7531375502008,
      "best_val_acc1": 93.90828940763052,
      "best_ema_acc1": 93.7531375502008,
      "epochs_completed": 128,
      "nas_rank": 2,
      "val_rank": 10,
      "ema_rank": 5,
      "best_rank": 9
    },
    {
      "arch_index": 13,
      "nas_quant_acc1": 81.25,
      "val_acc1": 92.67507530120481,
      "ema_acc1": 93.72113453815261,
      "best_val_acc1": 93.96256902610442,
      "best_ema_acc1": 93.72113453815261,
      "epochs_completed": 128,
      "nas_rank": 1,
      "val_rank": 8,
      "ema_rank": 6,
      "best_rank": 7
    },
    {
      "arch_index": 14,
      "nas_quant_acc1": 85.5,
      "val_acc1": 93.04075677710844,
      "ema_acc1": 94.04555722891565,
      "best_val_acc1": 94.35209588353413,
      "best_ema_acc1": 94.04555722891565,
      "epochs_completed": 128,
      "nas_rank": 0,
      "val_rank": 1,
      "ema_rank": 1,
      "best_rank": 1
    }
  ],
  "timestamp": "2026-06-04T07:30:26.416545"
}