{
  "cycle": 109,
  "completed_arch_indices": [
    0,
    1,
    2,
    3,
    4,
    5,
    6,
    7,
    8,
    9,
    10,
    11,
    12,
    13,
    14
  ],
  "cycle_val_results": {
    "0": [
      95.43721762048193,
      90.69590863453816,
      95.52616716867469,
      92.39081325301206
    ],
    "1": [
      92.00395331325302,
      91.11853664658635,
      92.05007530120481,
      91.11853664658635
    ],
    "2": [
      92.3733998493976,
      91.54226280120481,
      92.37669427710844,
      91.54226280120481
    ],
    "3": [
      93.30446787148594,
      92.61922690763052,
      93.49272088353413,
      92.61922690763052
    ],
    "4": [
      93.02883408634538,
      92.46187876506023,
      93.02883408634538,
      92.46187876506023
    ],
    "5": [
      93.59578940763052,
      93.25128639558233,
      93.8703250502008,
      93.25128639558233
    ],
    "6": [
      93.80522088353413,
      93.11401857429719,
      93.9175451807229,
      93.11401857429719
    ],
    "7": [
      93.52362575301206,
      93.17912274096385,
      93.83502761044177,
      93.17912274096385
    ],
    "8": [
      93.51170306224898,
      93.02067645582329,
      93.56159011044177,
      93.02067645582329
    ],
    "9": [
      94.21969126506023,
      92.92843247991968,
      94.21969126506023,
      92.92843247991968
    ],
    "10": [
      93.48832831325302,
      92.91870607429719,
      93.58982806224898,
      92.91870607429719
    ],
    "11": [
      93.90609312248995,
      93.32831325301206,
      93.90609312248995,
      93.32831325301206
    ],
    "12": [
      93.65869728915662,
      93.23716741967873,
      93.70481927710844,
      93.23716741967873
    ],
    "13": [
      93.55672690763052,
      93.16500376506023,
      93.96256902610442,
      93.16610190763052
    ],
    "14": [
      93.73195908634538,
      93.60175075301206,
      94.23600652610442,
      93.60175075301206
    ]
  }
}