{
  "cycle": 109,
  "n_archs": 15,
  "spearman_r": 0.3571428571428571,
  "spearman_p": 0.19127476343157904,
  "pearson_r": -0.45971230658480716,
  "pearson_p": 0.08469710947208242,
  "kendall_tau": 0.29523809523809524,
  "kendall_p": 0.13946285911906778,
  "bootstrap_ci_spearman": [
    -0.29545505916766385,
    0.872495446265938
  ],
  "spearman_r_ema": 0.7857142857142856,
  "spearman_p_ema": 0.0005164547475705882,
  "pearson_r_ema": 0.8186700509619815,
  "pearson_p_ema": 0.0001899406604969597,
  "kendall_tau_ema": 0.6000000000000001,
  "kendall_p_ema": 0.0012858607977242237,
  "bootstrap_ci_spearman_ema": [
    0.3236336898395723,
    0.9636363636363637
  ],
  "spearman_r_best": 0.42499999999999993,
  "spearman_p_best": 0.11429547548052224,
  "pearson_r_best": -0.39535159193202446,
  "pearson_p_best": 0.14468466376552536,
  "kendall_tau_best": 0.3904761904761905,
  "kendall_p_best": 0.04629247541540862,
  "bootstrap_ci_spearman_best": [
    -0.2276930649308904,
    0.9305301645338209
  ],
  "mean_val_acc1": 93.54304718875501,
  "std_val_acc1": 0.7727904732183458,
  "mean_ema_acc1": 92.67881944444444,
  "mean_best_val_acc1": 93.68519912985272,
  "per_arch": [
    {
      "arch_index": 0,
      "nas_quant_acc1": 10.0,
      "val_acc1": 95.43721762048193,
      "ema_acc1": 90.69590863453816,
      "best_val_acc1": 95.52616716867469,
      "best_ema_acc1": 92.39081325301206,
      "epochs_completed": 110,
      "nas_rank": 14,
      "val_rank": 0,
      "ema_rank": 14,
      "best_rank": 0
    },
    {
      "arch_index": 1,
      "nas_quant_acc1": 63.5,
      "val_acc1": 92.00395331325302,
      "ema_acc1": 91.11853664658635,
      "best_val_acc1": 92.05007530120481,
      "best_ema_acc1": 91.11853664658635,
      "epochs_completed": 110,
      "nas_rank": 13,
      "val_rank": 14,
      "ema_rank": 13,
      "best_rank": 14
    },
    {
      "arch_index": 2,
      "nas_quant_acc1": 68.25,
      "val_acc1": 92.3733998493976,
      "ema_acc1": 91.54226280120481,
      "best_val_acc1": 92.37669427710844,
      "best_ema_acc1": 91.54226280120481,
      "epochs_completed": 110,
      "nas_rank": 12,
      "val_rank": 13,
      "ema_rank": 12,
      "best_rank": 13
    },
    {
      "arch_index": 3,
      "nas_quant_acc1": 71.5,
      "val_acc1": 93.30446787148594,
      "ema_acc1": 92.61922690763052,
      "best_val_acc1": 93.49272088353413,
      "best_ema_acc1": 92.61922690763052,
      "epochs_completed": 110,
      "nas_rank": 11,
      "val_rank": 11,
      "ema_rank": 10,
      "best_rank": 11
    },
    {
      "arch_index": 4,
      "nas_quant_acc1": 74.0,
      "val_acc1": 93.02883408634538,
      "ema_acc1": 92.46187876506023,
      "best_val_acc1": 93.02883408634538,
      "best_ema_acc1": 92.46187876506023,
      "epochs_completed": 110,
      "nas_rank": 10,
      "val_rank": 12,
      "ema_rank": 11,
      "best_rank": 12
    },
    {
      "arch_index": 5,
      "nas_quant_acc1": 75.5,
      "val_acc1": 93.59578940763052,
      "ema_acc1": 93.25128639558233,
      "best_val_acc1": 93.8703250502008,
      "best_ema_acc1": 93.25128639558233,
      "epochs_completed": 110,
      "nas_rank": 9,
      "val_rank": 6,
      "ema_rank": 2,
      "best_rank": 6
    },
    {
      "arch_index": 6,
      "nas_quant_acc1": 76.5,
      "val_acc1": 93.80522088353413,
      "ema_acc1": 93.11401857429719,
      "best_val_acc1": 93.9175451807229,
      "best_ema_acc1": 93.11401857429719,
      "epochs_completed": 110,
      "nas_rank": 8,
      "val_rank": 3,
      "ema_rank": 6,
      "best_rank": 4
    },
    {
      "arch_index": 7,
      "nas_quant_acc1": 77.25,
      "val_acc1": 93.52362575301206,
      "ema_acc1": 93.17912274096385,
      "best_val_acc1": 93.83502761044177,
      "best_ema_acc1": 93.17912274096385,
      "epochs_completed": 110,
      "nas_rank": 7,
      "val_rank": 8,
      "ema_rank": 4,
      "best_rank": 7
    },
    {
      "arch_index": 8,
      "nas_quant_acc1": 78.0,
      "val_acc1": 93.51170306224898,
      "ema_acc1": 93.02067645582329,
      "best_val_acc1": 93.56159011044177,
      "best_ema_acc1": 93.02067645582329,
      "epochs_completed": 110,
      "nas_rank": 6,
      "val_rank": 9,
      "ema_rank": 7,
      "best_rank": 10
    },
    {
      "arch_index": 9,
      "nas_quant_acc1": 78.5,
      "val_acc1": 94.21969126506023,
      "ema_acc1": 92.92843247991968,
      "best_val_acc1": 94.21969126506023,
      "best_ema_acc1": 92.92843247991968,
      "epochs_completed": 110,
      "nas_rank": 5,
      "val_rank": 1,
      "ema_rank": 8,
      "best_rank": 2
    },
    {
      "arch_index": 10,
      "nas_quant_acc1": 79.0,
      "val_acc1": 93.48832831325302,
      "ema_acc1": 92.91870607429719,
      "best_val_acc1": 93.58982806224898,
      "best_ema_acc1": 92.91870607429719,
      "epochs_completed": 110,
      "nas_rank": 4,
      "val_rank": 10,
      "ema_rank": 9,
      "best_rank": 9
    },
    {
      "arch_index": 11,
      "nas_quant_acc1": 79.75,
      "val_acc1": 93.90609312248995,
      "ema_acc1": 93.32831325301206,
      "best_val_acc1": 93.90609312248995,
      "best_ema_acc1": 93.32831325301206,
      "epochs_completed": 110,
      "nas_rank": 3,
      "val_rank": 2,
      "ema_rank": 1,
      "best_rank": 5
    },
    {
      "arch_index": 12,
      "nas_quant_acc1": 80.25,
      "val_acc1": 93.65869728915662,
      "ema_acc1": 93.23716741967873,
      "best_val_acc1": 93.70481927710844,
      "best_ema_acc1": 93.23716741967873,
      "epochs_completed": 110,
      "nas_rank": 2,
      "val_rank": 5,
      "ema_rank": 3,
      "best_rank": 8
    },
    {
      "arch_index": 13,
      "nas_quant_acc1": 81.25,
      "val_acc1": 93.55672690763052,
      "ema_acc1": 93.16500376506023,
      "best_val_acc1": 93.96256902610442,
      "best_ema_acc1": 93.16610190763052,
      "epochs_completed": 110,
      "nas_rank": 1,
      "val_rank": 7,
      "ema_rank": 5,
      "best_rank": 3
    },
    {
      "arch_index": 14,
      "nas_quant_acc1": 85.5,
      "val_acc1": 93.73195908634538,
      "ema_acc1": 93.60175075301206,
      "best_val_acc1": 94.23600652610442,
      "best_ema_acc1": 93.60175075301206,
      "epochs_completed": 110,
      "nas_rank": 0,
      "val_rank": 4,
      "ema_rank": 0,
      "best_rank": 1
    }
  ],
  "timestamp": "2026-06-04T01:14:19.650191"
}