{
  "cycle": 112,
  "completed_arch_indices": [
    0,
    1,
    2,
    3,
    4,
    5,
    6,
    7,
    8,
    9,
    10,
    11,
    12,
    13,
    14
  ],
  "cycle_val_results": {
    "0": [
      86.79765938755021,
      91.06159011044177,
      95.79583960843372,
      92.39081325301206
    ],
    "1": [
      86.76785266064257,
      91.23572414658635,
      92.26546812248995,
      91.23572414658635
    ],
    "2": [
      86.26270707831326,
      91.60030747991968,
      92.4585843373494,
      91.60030747991968
    ],
    "3": [
      88.93480170682732,
      92.63930722891565,
      93.49272088353413,
      92.65232806224898
    ],
    "4": [
      87.00709086345381,
      92.53294427710844,
      93.22414658634538,
      92.53294427710844
    ],
    "5": [
      89.28416792168674,
      93.32941139558233,
      93.8703250502008,
      93.32941139558233
    ],
    "6": [
      89.19788529116467,
      93.19920306224898,
      94.03363453815261,
      93.19920306224898
    ],
    "7": [
      88.39545682730925,
      93.2301079317269,
      93.83502761044177,
      93.2301079317269
    ],
    "8": [
      87.90443022088354,
      93.15088478915662,
      93.6207329317269,
      93.15088478915662
    ],
    "9": [
      90.25696536144578,
      93.19590863453816,
      94.33091741967873,
      93.19590863453816
    ],
    "10": [
      89.26408760040161,
      93.0738579317269,
      93.82420306224898,
      93.0738579317269
    ],
    "11": [
      88.4214984939759,
      93.45256024096385,
      94.0894829317269,
      93.45256024096385
    ],
    "12": [
      89.83810240963855,
      93.22414658634538,
      93.70481927710844,
      93.27622991967873
    ],
    "13": [
      88.53272464859438,
      93.30336972891565,
      93.96256902610442,
      93.30336972891565
    ],
    "14": [
      87.41559989959839,
      93.74497991967873,
      94.35209588353413,
      93.75203940763052
    ]
  }
}