{
  "cycle": 112,
  "n_archs": 15,
  "spearman_r": 0.48571428571428565,
  "spearman_p": 0.06642631232518958,
  "pearson_r": 0.45672344277032806,
  "pearson_p": 0.08700458101960898,
  "kendall_tau": 0.3142857142857143,
  "kendall_p": 0.11424717239544455,
  "bootstrap_ci_spearman": [
    -0.11523284990297233,
    0.8141368705643799
  ],
  "spearman_r_ema": 0.7964285714285713,
  "spearman_p_ema": 0.00038046767853463354,
  "pearson_r_ema": 0.7800015696359474,
  "pearson_p_ema": 0.0006037251372746742,
  "kendall_tau_ema": 0.6380952380952382,
  "kendall_p_ema": 0.0005320215605847219,
  "bootstrap_ci_spearman_ema": [
    0.34949004469727757,
    0.9674502712477397
  ],
  "spearman_r_best": 0.4035714285714285,
  "spearman_p_best": 0.13576799650365623,
  "pearson_r_best": -0.4485026831751109,
  "pearson_p_best": 0.09358034801286662,
  "kendall_tau_best": 0.3523809523809524,
  "kendall_p_best": 0.07433498084899375,
  "bootstrap_ci_spearman_best": [
    -0.25,
    0.9130474093875307
  ],
  "mean_val_acc1": 88.28540202476574,
  "std_val_acc1": 1.2172231702522291,
  "mean_ema_acc1": 92.79828689759036,
  "mean_best_val_acc1": 93.79070448460509,
  "per_arch": [
    {
      "arch_index": 0,
      "nas_quant_acc1": 10.0,
      "val_acc1": 86.79765938755021,
      "ema_acc1": 91.06159011044177,
      "best_val_acc1": 95.79583960843372,
      "best_ema_acc1": 92.39081325301206,
      "epochs_completed": 113,
      "nas_rank": 14,
      "val_rank": 12,
      "ema_rank": 14,
      "best_rank": 0
    },
    {
      "arch_index": 1,
      "nas_quant_acc1": 63.5,
      "val_acc1": 86.76785266064257,
      "ema_acc1": 91.23572414658635,
      "best_val_acc1": 92.26546812248995,
      "best_ema_acc1": 91.23572414658635,
      "epochs_completed": 113,
      "nas_rank": 13,
      "val_rank": 13,
      "ema_rank": 13,
      "best_rank": 14
    },
    {
      "arch_index": 2,
      "nas_quant_acc1": 68.25,
      "val_acc1": 86.26270707831326,
      "ema_acc1": 91.60030747991968,
      "best_val_acc1": 92.4585843373494,
      "best_ema_acc1": 91.60030747991968,
      "epochs_completed": 113,
      "nas_rank": 12,
      "val_rank": 14,
      "ema_rank": 12,
      "best_rank": 13
    },
    {
      "arch_index": 3,
      "nas_quant_acc1": 71.5,
      "val_acc1": 88.93480170682732,
      "ema_acc1": 92.63930722891565,
      "best_val_acc1": 93.49272088353413,
      "best_ema_acc1": 92.65232806224898,
      "epochs_completed": 113,
      "nas_rank": 11,
      "val_rank": 5,
      "ema_rank": 10,
      "best_rank": 11
    },
    {
      "arch_index": 4,
      "nas_quant_acc1": 74.0,
      "val_acc1": 87.00709086345381,
      "ema_acc1": 92.53294427710844,
      "best_val_acc1": 93.22414658634538,
      "best_ema_acc1": 92.53294427710844,
      "epochs_completed": 113,
      "nas_rank": 10,
      "val_rank": 11,
      "ema_rank": 11,
      "best_rank": 12
    },
    {
      "arch_index": 5,
      "nas_quant_acc1": 75.5,
      "val_acc1": 89.28416792168674,
      "ema_acc1": 93.32941139558233,
      "best_val_acc1": 93.8703250502008,
      "best_ema_acc1": 93.32941139558233,
      "epochs_completed": 113,
      "nas_rank": 9,
      "val_rank": 2,
      "ema_rank": 2,
      "best_rank": 6
    },
    {
      "arch_index": 6,
      "nas_quant_acc1": 76.5,
      "val_acc1": 89.19788529116467,
      "ema_acc1": 93.19920306224898,
      "best_val_acc1": 94.03363453815261,
      "best_ema_acc1": 93.19920306224898,
      "epochs_completed": 113,
      "nas_rank": 8,
      "val_rank": 4,
      "ema_rank": 6,
      "best_rank": 4
    },
    {
      "arch_index": 7,
      "nas_quant_acc1": 77.25,
      "val_acc1": 88.39545682730925,
      "ema_acc1": 93.2301079317269,
      "best_val_acc1": 93.83502761044177,
      "best_ema_acc1": 93.2301079317269,
      "epochs_completed": 113,
      "nas_rank": 7,
      "val_rank": 8,
      "ema_rank": 4,
      "best_rank": 7
    },
    {
      "arch_index": 8,
      "nas_quant_acc1": 78.0,
      "val_acc1": 87.90443022088354,
      "ema_acc1": 93.15088478915662,
      "best_val_acc1": 93.6207329317269,
      "best_ema_acc1": 93.15088478915662,
      "epochs_completed": 113,
      "nas_rank": 6,
      "val_rank": 9,
      "ema_rank": 8,
      "best_rank": 10
    },
    {
      "arch_index": 9,
      "nas_quant_acc1": 78.5,
      "val_acc1": 90.25696536144578,
      "ema_acc1": 93.19590863453816,
      "best_val_acc1": 94.33091741967873,
      "best_ema_acc1": 93.19590863453816,
      "epochs_completed": 113,
      "nas_rank": 5,
      "val_rank": 0,
      "ema_rank": 7,
      "best_rank": 2
    },
    {
      "arch_index": 10,
      "nas_quant_acc1": 79.0,
      "val_acc1": 89.26408760040161,
      "ema_acc1": 93.0738579317269,
      "best_val_acc1": 93.82420306224898,
      "best_ema_acc1": 93.0738579317269,
      "epochs_completed": 113,
      "nas_rank": 4,
      "val_rank": 3,
      "ema_rank": 9,
      "best_rank": 8
    },
    {
      "arch_index": 11,
      "nas_quant_acc1": 79.75,
      "val_acc1": 88.4214984939759,
      "ema_acc1": 93.45256024096385,
      "best_val_acc1": 94.0894829317269,
      "best_ema_acc1": 93.45256024096385,
      "epochs_completed": 113,
      "nas_rank": 3,
      "val_rank": 7,
      "ema_rank": 1,
      "best_rank": 3
    },
    {
      "arch_index": 12,
      "nas_quant_acc1": 80.25,
      "val_acc1": 89.83810240963855,
      "ema_acc1": 93.22414658634538,
      "best_val_acc1": 93.70481927710844,
      "best_ema_acc1": 93.27622991967873,
      "epochs_completed": 113,
      "nas_rank": 2,
      "val_rank": 1,
      "ema_rank": 5,
      "best_rank": 9
    },
    {
      "arch_index": 13,
      "nas_quant_acc1": 81.25,
      "val_acc1": 88.53272464859438,
      "ema_acc1": 93.30336972891565,
      "best_val_acc1": 93.96256902610442,
      "best_ema_acc1": 93.30336972891565,
      "epochs_completed": 113,
      "nas_rank": 1,
      "val_rank": 6,
      "ema_rank": 3,
      "best_rank": 5
    },
    {
      "arch_index": 14,
      "nas_quant_acc1": 85.5,
      "val_acc1": 87.41559989959839,
      "ema_acc1": 93.74497991967873,
      "best_val_acc1": 94.35209588353413,
      "best_ema_acc1": 93.75203940763052,
      "epochs_completed": 113,
      "nas_rank": 0,
      "val_rank": 10,
      "ema_rank": 0,
      "best_rank": 1
    }
  ],
  "timestamp": "2026-06-04T01:29:12.075558"
}