{
  "cycle": 30,
  "completed_arch_indices": [
    0,
    1,
    2,
    3,
    4,
    5,
    6,
    7,
    8,
    9,
    10,
    11,
    12,
    13,
    14
  ],
  "cycle_val_results": {
    "0": [
      94.50944402610442,
      90.48977158634538,
      94.50944402610442,
      90.48977158634538
    ],
    "1": [
      90.47455446787149,
      84.16572540160642,
      90.47455446787149,
      84.16572540160642
    ],
    "2": [
      90.9671498493976,
      84.92752259036145,
      90.9671498493976,
      84.92752259036145
    ],
    "3": [
      92.05980170682732,
      87.43740587349399,
      92.05980170682732,
      87.43740587349399
    ],
    "4": [
      91.61928965863453,
      87.06356676706828,
      91.61928965863453,
      87.06356676706828
    ],
    "5": [
      93.12703940763052,
      88.97386420682732,
      93.12703940763052,
      88.97386420682732
    ],
    "6": [
      92.67507530120481,
      88.36565010040161,
      92.67507530120481,
      88.36565010040161
    ],
    "7": [
      92.55302459839358,
      88.11935240963855,
      92.55302459839358,
      88.11935240963855
    ],
    "8": [
      92.53184613453816,
      88.00922439759036,
      92.53184613453816,
      88.00922439759036
    ],
    "9": [
      92.57200677710844,
      73.90358308232932,
      92.57200677710844,
      73.90358308232932
    ],
    "10": [
      92.90678338353413,
      88.18931977911646,
      92.90678338353413,
      88.18931977911646
    ],
    "11": [
      92.71037274096385,
      88.69556350401606,
      92.71037274096385,
      88.69556350401606
    ],
    "12": [
      92.47380145582329,
      88.66136420682732,
      92.47380145582329,
      88.66136420682732
    ],
    "13": [
      92.47003639558233,
      88.26964106425703,
      92.47003639558233,
      88.26964106425703
    ],
    "14": [
      93.25128639558233,
      89.66945908634538,
      93.25128639558233,
      89.66945908634538
    ]
  }
}