{
  "cycle": 30,
  "n_archs": 15,
  "spearman_r": 0.28928571428571426,
  "spearman_p": 0.29566536100437785,
  "pearson_r": -0.3563367088186171,
  "pearson_p": 0.1923508345902231,
  "kendall_tau": 0.21904761904761905,
  "kendall_p": 0.2815660702955676,
  "bootstrap_ci_spearman": [
    -0.40727272727272734,
    0.8620689655172413
  ],
  "spearman_r_ema": 0.3107142857142856,
  "spearman_p_ema": 0.2596673973372179,
  "pearson_r_ema": -0.16226798566032533,
  "pearson_p_ema": 0.5634051750414958,
  "kendall_tau_ema": 0.2761904761904762,
  "kendall_p_ema": 0.16857787367749338,
  "bootstrap_ci_spearman_ema": [
    -0.3468188997546795,
    0.8763636363636365
  ],
  "spearman_r_best": 0.28928571428571426,
  "spearman_p_best": 0.29566536100437785,
  "pearson_r_best": -0.3563367088186171,
  "pearson_p_best": 0.1923508345902231,
  "kendall_tau_best": 0.21904761904761905,
  "kendall_p_best": 0.2815660702955676,
  "bootstrap_ci_spearman_best": [
    -0.37545699646851477,
    0.8648080438756843
  ],
  "mean_val_acc1": 92.46010081994646,
  "std_val_acc1": 0.9503403877735741,
  "mean_ema_acc1": 86.99606760374833,
  "mean_best_val_acc1": 92.46010081994646,
  "per_arch": [
    {
      "arch_index": 0,
      "nas_quant_acc1": 10.0,
      "val_acc1": 94.50944402610442,
      "ema_acc1": 90.48977158634538,
      "best_val_acc1": 94.50944402610442,
      "best_ema_acc1": 90.48977158634538,
      "epochs_completed": 31,
      "nas_rank": 14,
      "val_rank": 0,
      "ema_rank": 0,
      "best_rank": 0
    },
    {
      "arch_index": 1,
      "nas_quant_acc1": 63.5,
      "val_acc1": 90.47455446787149,
      "ema_acc1": 84.16572540160642,
      "best_val_acc1": 90.47455446787149,
      "best_ema_acc1": 84.16572540160642,
      "epochs_completed": 31,
      "nas_rank": 13,
      "val_rank": 14,
      "ema_rank": 13,
      "best_rank": 14
    },
    {
      "arch_index": 2,
      "nas_quant_acc1": 68.25,
      "val_acc1": 90.9671498493976,
      "ema_acc1": 84.92752259036145,
      "best_val_acc1": 90.9671498493976,
      "best_ema_acc1": 84.92752259036145,
      "epochs_completed": 31,
      "nas_rank": 12,
      "val_rank": 13,
      "ema_rank": 12,
      "best_rank": 13
    },
    {
      "arch_index": 3,
      "nas_quant_acc1": 71.5,
      "val_acc1": 92.05980170682732,
      "ema_acc1": 87.43740587349399,
      "best_val_acc1": 92.05980170682732,
      "best_ema_acc1": 87.43740587349399,
      "epochs_completed": 31,
      "nas_rank": 11,
      "val_rank": 11,
      "ema_rank": 10,
      "best_rank": 11
    },
    {
      "arch_index": 4,
      "nas_quant_acc1": 74.0,
      "val_acc1": 91.61928965863453,
      "ema_acc1": 87.06356676706828,
      "best_val_acc1": 91.61928965863453,
      "best_ema_acc1": 87.06356676706828,
      "epochs_completed": 31,
      "nas_rank": 10,
      "val_rank": 12,
      "ema_rank": 11,
      "best_rank": 12
    },
    {
      "arch_index": 5,
      "nas_quant_acc1": 75.5,
      "val_acc1": 93.12703940763052,
      "ema_acc1": 88.97386420682732,
      "best_val_acc1": 93.12703940763052,
      "best_ema_acc1": 88.97386420682732,
      "epochs_completed": 31,
      "nas_rank": 9,
      "val_rank": 2,
      "ema_rank": 2,
      "best_rank": 2
    },
    {
      "arch_index": 6,
      "nas_quant_acc1": 76.5,
      "val_acc1": 92.67507530120481,
      "ema_acc1": 88.36565010040161,
      "best_val_acc1": 92.67507530120481,
      "best_ema_acc1": 88.36565010040161,
      "epochs_completed": 31,
      "nas_rank": 8,
      "val_rank": 5,
      "ema_rank": 5,
      "best_rank": 5
    },
    {
      "arch_index": 7,
      "nas_quant_acc1": 77.25,
      "val_acc1": 92.55302459839358,
      "ema_acc1": 88.11935240963855,
      "best_val_acc1": 92.55302459839358,
      "best_ema_acc1": 88.11935240963855,
      "epochs_completed": 31,
      "nas_rank": 7,
      "val_rank": 7,
      "ema_rank": 8,
      "best_rank": 7
    },
    {
      "arch_index": 8,
      "nas_quant_acc1": 78.0,
      "val_acc1": 92.53184613453816,
      "ema_acc1": 88.00922439759036,
      "best_val_acc1": 92.53184613453816,
      "best_ema_acc1": 88.00922439759036,
      "epochs_completed": 31,
      "nas_rank": 6,
      "val_rank": 8,
      "ema_rank": 9,
      "best_rank": 8
    },
    {
      "arch_index": 9,
      "nas_quant_acc1": 78.5,
      "val_acc1": 92.57200677710844,
      "ema_acc1": 73.90358308232932,
      "best_val_acc1": 92.57200677710844,
      "best_ema_acc1": 73.90358308232932,
      "epochs_completed": 31,
      "nas_rank": 5,
      "val_rank": 6,
      "ema_rank": 14,
      "best_rank": 6
    },
    {
      "arch_index": 10,
      "nas_quant_acc1": 79.0,
      "val_acc1": 92.90678338353413,
      "ema_acc1": 88.18931977911646,
      "best_val_acc1": 92.90678338353413,
      "best_ema_acc1": 88.18931977911646,
      "epochs_completed": 31,
      "nas_rank": 4,
      "val_rank": 3,
      "ema_rank": 7,
      "best_rank": 3
    },
    {
      "arch_index": 11,
      "nas_quant_acc1": 79.75,
      "val_acc1": 92.71037274096385,
      "ema_acc1": 88.69556350401606,
      "best_val_acc1": 92.71037274096385,
      "best_ema_acc1": 88.69556350401606,
      "epochs_completed": 31,
      "nas_rank": 3,
      "val_rank": 4,
      "ema_rank": 3,
      "best_rank": 4
    },
    {
      "arch_index": 12,
      "nas_quant_acc1": 80.25,
      "val_acc1": 92.47380145582329,
      "ema_acc1": 88.66136420682732,
      "best_val_acc1": 92.47380145582329,
      "best_ema_acc1": 88.66136420682732,
      "epochs_completed": 31,
      "nas_rank": 2,
      "val_rank": 9,
      "ema_rank": 4,
      "best_rank": 9
    },
    {
      "arch_index": 13,
      "nas_quant_acc1": 81.25,
      "val_acc1": 92.47003639558233,
      "ema_acc1": 88.26964106425703,
      "best_val_acc1": 92.47003639558233,
      "best_ema_acc1": 88.26964106425703,
      "epochs_completed": 31,
      "nas_rank": 1,
      "val_rank": 10,
      "ema_rank": 6,
      "best_rank": 10
    },
    {
      "arch_index": 14,
      "nas_quant_acc1": 85.5,
      "val_acc1": 93.25128639558233,
      "ema_acc1": 89.66945908634538,
      "best_val_acc1": 93.25128639558233,
      "best_ema_acc1": 89.66945908634538,
      "epochs_completed": 31,
      "nas_rank": 0,
      "val_rank": 1,
      "ema_rank": 1,
      "best_rank": 1
    }
  ],
  "timestamp": "2026-06-03T17:02:05.726254"
}