{
  "cycle": 121,
  "completed_arch_indices": [
    0,
    1,
    2,
    3,
    4,
    5,
    6,
    7,
    8,
    9,
    10,
    11,
    12,
    13,
    14
  ],
  "cycle_val_results": {
    "0": [
      88.98359061244979,
      92.52211972891565,
      95.79583960843372,
      92.52211972891565
    ],
    "1": [
      85.62688253012047,
      91.68549196787149,
      92.26546812248995,
      91.68549196787149
    ],
    "2": [
      88.06507279116467,
      92.03705446787149,
      92.76998619477912,
      92.03705446787149
    ],
    "3": [
      87.99887048192771,
      93.20030120481927,
      93.49272088353413,
      93.20030120481927
    ],
    "4": [
      87.53388554216868,
      92.8785454317269,
      93.22414658634538,
      92.8785454317269
    ],
    "5": [
      90.4593373493976,
      93.7531375502008,
      94.22784889558233,
      93.7531375502008
    ],
    "6": [
      88.93040913654619,
      93.58386671686748,
      94.11772088353413,
      93.58386671686748
    ],
    "7": [
      89.27820657630521,
      93.66575677710844,
      93.95817645582329,
      93.66575677710844
    ],
    "8": [
      88.44706952811245,
      93.3472954317269,
      93.73901857429719,
      93.3863579317269
    ],
    "9": [
      89.41390562248995,
      93.76882530120481,
      94.33091741967873,
      93.76882530120481
    ],
    "10": [
      90.09851907630521,
      93.54370607429719,
      94.21263177710844,
      93.54370607429719
    ],
    "11": [
      89.86900727911646,
      93.82310491967873,
      94.0894829317269,
      93.82310491967873
    ],
    "12": [
      87.69013554216868,
      93.64897088353413,
      93.90828940763052,
      93.64897088353413
    ],
    "13": [
      88.01298945783132,
      93.58982806224898,
      93.96256902610442,
      93.58982806224898
    ],
    "14": [
      90.30089106425703,
      93.88224774096385,
      94.35209588353413,
      93.90232806224898
    ]
  }
}