{
  "cycle": 159,
  "completed_arch_indices": [
    0,
    1,
    2,
    3,
    4,
    5,
    6,
    7,
    8,
    9,
    10,
    11,
    12,
    13,
    14
  ],
  "cycle_val_results": {
    "0": [
      95.32003012048193,
      95.25382781124497,
      95.79583960843372,
      95.25382781124497
    ],
    "1": [
      92.11517946787149,
      92.54596511044177,
      92.46187876506023,
      92.54596511044177
    ],
    "2": [
      92.5199234437751,
      92.91650978915662,
      92.78520331325302,
      92.92953062248995
    ],
    "3": [
      93.17316139558233,
      93.93652735943776,
      93.73415537148594,
      93.98970883534136
    ],
    "4": [
      93.08091741967873,
      93.49272088353413,
      93.45852158634538,
      93.49868222891565
    ],
    "5": [
      93.80302459839358,
      94.46928338353413,
      94.22784889558233,
      94.50834588353413
    ],
    "6": [
      94.09654241967873,
      94.4253576807229,
      94.11772088353413,
      94.47744101405623
    ],
    "7": [
      93.83612575301206,
      94.22565261044177,
      94.08728664658635,
      94.22565261044177
    ],
    "8": [
      93.46338478915662,
      94.19474774096385,
      94.0504204317269,
      94.19474774096385
    ],
    "9": [
      94.40527735943776,
      94.78178338353413,
      94.4253576807229,
      94.78178338353413
    ],
    "10": [
      93.79706325301206,
      93.97935491967873,
      94.21263177710844,
      94.03143825301206
    ],
    "11": [
      93.67281626506023,
      94.28212851405623,
      94.0894829317269,
      94.28212851405623
    ],
    "12": [
      93.63375376506023,
      94.25985190763052,
      94.03849774096385,
      94.35099774096385
    ],
    "13": [
      94.02547690763052,
      94.18172690763052,
      94.02547690763052,
      94.18172690763052
    ],
    "14": [
      94.11662274096385,
      94.61737575301206,
      94.36731300200803,
      94.61737575301206
    ]
  }
}