{
  "cycle": 159,
  "n_archs": 15,
  "spearman_r": 0.3428571428571428,
  "spearman_p": 0.21092379341475206,
  "pearson_r": -0.35813917850661453,
  "pearson_p": 0.18995023052979357,
  "kendall_tau": 0.29523809523809524,
  "kendall_p": 0.13946285911906778,
  "bootstrap_ci_spearman": [
    -0.3345821292182736,
    0.8838528104368867
  ],
  "spearman_r_ema": 0.28928571428571426,
  "spearman_p_ema": 0.29566536100437785,
  "pearson_r_ema": -0.21377790765251325,
  "pearson_p_ema": 0.4442482191029217,
  "kendall_tau_ema": 0.21904761904761905,
  "kendall_p_ema": 0.2815660702955676,
  "bootstrap_ci_spearman_ema": [
    -0.39064871767796083,
    0.846449086422713
  ],
  "spearman_r_best": 0.2678571428571428,
  "spearman_p_best": 0.3344436005123538,
  "pearson_r_best": -0.4353640332210107,
  "pearson_p_best": 0.10480418359540647,
  "kendall_tau_best": 0.18095238095238098,
  "kendall_p_best": 0.3794503959627968,
  "bootstrap_ci_spearman_best": [
    -0.3941797577488627,
    0.8400072595281307
  ],
  "mean_val_acc1": 93.67061997991965,
  "std_val_acc1": 0.7658077142213368,
  "mean_ema_acc1": 94.10418758366801,
  "mean_best_val_acc1": 93.99184236947791,
  "per_arch": [
    {
      "arch_index": 0,
      "nas_quant_acc1": 10.0,
      "val_acc1": 95.32003012048193,
      "ema_acc1": 95.25382781124497,
      "best_val_acc1": 95.79583960843372,
      "best_ema_acc1": 95.25382781124497,
      "epochs_completed": 160,
      "nas_rank": 14,
      "val_rank": 0,
      "ema_rank": 0,
      "best_rank": 0
    },
    {
      "arch_index": 1,
      "nas_quant_acc1": 63.5,
      "val_acc1": 92.11517946787149,
      "ema_acc1": 92.54596511044177,
      "best_val_acc1": 92.46187876506023,
      "best_ema_acc1": 92.54596511044177,
      "epochs_completed": 160,
      "nas_rank": 13,
      "val_rank": 14,
      "ema_rank": 14,
      "best_rank": 14
    },
    {
      "arch_index": 2,
      "nas_quant_acc1": 68.25,
      "val_acc1": 92.5199234437751,
      "ema_acc1": 92.91650978915662,
      "best_val_acc1": 92.78520331325302,
      "best_ema_acc1": 92.92953062248995,
      "epochs_completed": 160,
      "nas_rank": 12,
      "val_rank": 13,
      "ema_rank": 13,
      "best_rank": 13
    },
    {
      "arch_index": 3,
      "nas_quant_acc1": 71.5,
      "val_acc1": 93.17316139558233,
      "ema_acc1": 93.93652735943776,
      "best_val_acc1": 93.73415537148594,
      "best_ema_acc1": 93.98970883534136,
      "epochs_completed": 160,
      "nas_rank": 11,
      "val_rank": 11,
      "ema_rank": 11,
      "best_rank": 11
    },
    {
      "arch_index": 4,
      "nas_quant_acc1": 74.0,
      "val_acc1": 93.08091741967873,
      "ema_acc1": 93.49272088353413,
      "best_val_acc1": 93.45852158634538,
      "best_ema_acc1": 93.49868222891565,
      "epochs_completed": 160,
      "nas_rank": 10,
      "val_rank": 12,
      "ema_rank": 12,
      "best_rank": 12
    },
    {
      "arch_index": 5,
      "nas_quant_acc1": 75.5,
      "val_acc1": 93.80302459839358,
      "ema_acc1": 94.46928338353413,
      "best_val_acc1": 94.22784889558233,
      "best_ema_acc1": 94.50834588353413,
      "epochs_completed": 160,
      "nas_rank": 9,
      "val_rank": 6,
      "ema_rank": 3,
      "best_rank": 3
    },
    {
      "arch_index": 6,
      "nas_quant_acc1": 76.5,
      "val_acc1": 94.09654241967873,
      "ema_acc1": 94.4253576807229,
      "best_val_acc1": 94.11772088353413,
      "best_ema_acc1": 94.47744101405623,
      "epochs_completed": 160,
      "nas_rank": 8,
      "val_rank": 3,
      "ema_rank": 4,
      "best_rank": 5
    },
    {
      "arch_index": 7,
      "nas_quant_acc1": 77.25,
      "val_acc1": 93.83612575301206,
      "ema_acc1": 94.22565261044177,
      "best_val_acc1": 94.08728664658635,
      "best_ema_acc1": 94.22565261044177,
      "epochs_completed": 160,
      "nas_rank": 7,
      "val_rank": 5,
      "ema_rank": 7,
      "best_rank": 7
    },
    {
      "arch_index": 8,
      "nas_quant_acc1": 78.0,
      "val_acc1": 93.46338478915662,
      "ema_acc1": 94.19474774096385,
      "best_val_acc1": 94.0504204317269,
      "best_ema_acc1": 94.19474774096385,
      "epochs_completed": 160,
      "nas_rank": 6,
      "val_rank": 10,
      "ema_rank": 8,
      "best_rank": 8
    },
    {
      "arch_index": 9,
      "nas_quant_acc1": 78.5,
      "val_acc1": 94.40527735943776,
      "ema_acc1": 94.78178338353413,
      "best_val_acc1": 94.4253576807229,
      "best_ema_acc1": 94.78178338353413,
      "epochs_completed": 160,
      "nas_rank": 5,
      "val_rank": 1,
      "ema_rank": 1,
      "best_rank": 1
    },
    {
      "arch_index": 10,
      "nas_quant_acc1": 79.0,
      "val_acc1": 93.79706325301206,
      "ema_acc1": 93.97935491967873,
      "best_val_acc1": 94.21263177710844,
      "best_ema_acc1": 94.03143825301206,
      "epochs_completed": 160,
      "nas_rank": 4,
      "val_rank": 7,
      "ema_rank": 10,
      "best_rank": 4
    },
    {
      "arch_index": 11,
      "nas_quant_acc1": 79.75,
      "val_acc1": 93.67281626506023,
      "ema_acc1": 94.28212851405623,
      "best_val_acc1": 94.0894829317269,
      "best_ema_acc1": 94.28212851405623,
      "epochs_completed": 160,
      "nas_rank": 3,
      "val_rank": 8,
      "ema_rank": 5,
      "best_rank": 6
    },
    {
      "arch_index": 12,
      "nas_quant_acc1": 80.25,
      "val_acc1": 93.63375376506023,
      "ema_acc1": 94.25985190763052,
      "best_val_acc1": 94.03849774096385,
      "best_ema_acc1": 94.35099774096385,
      "epochs_completed": 160,
      "nas_rank": 2,
      "val_rank": 9,
      "ema_rank": 6,
      "best_rank": 9
    },
    {
      "arch_index": 13,
      "nas_quant_acc1": 81.25,
      "val_acc1": 94.02547690763052,
      "ema_acc1": 94.18172690763052,
      "best_val_acc1": 94.02547690763052,
      "best_ema_acc1": 94.18172690763052,
      "epochs_completed": 160,
      "nas_rank": 1,
      "val_rank": 4,
      "ema_rank": 9,
      "best_rank": 10
    },
    {
      "arch_index": 14,
      "nas_quant_acc1": 85.5,
      "val_acc1": 94.11662274096385,
      "ema_acc1": 94.61737575301206,
      "best_val_acc1": 94.36731300200803,
      "best_ema_acc1": 94.61737575301206,
      "epochs_completed": 160,
      "nas_rank": 0,
      "val_rank": 2,
      "ema_rank": 2,
      "best_rank": 2
    }
  ],
  "timestamp": "2026-06-04T09:58:52.760452"
}