{
  "cycle": 12,
  "completed_arch_indices": [
    0,
    1,
    2,
    3,
    4,
    5,
    6,
    7,
    8,
    9,
    10,
    11,
    12,
    13,
    14
  ],
  "cycle_val_results": {
    "0": [
      89.054656124498,
      74.93489583333333,
      92.65499497991968,
      74.93489583333333
    ],
    "1": [
      83.30148719879519,
      53.06319026104418,
      87.45528990963855,
      53.06319026104418
    ],
    "2": [
      84.07520707831326,
      59.10328815261044,
      87.38092996987953,
      59.10328815261044
    ],
    "3": [
      84.94760291164658,
      63.65101029116466,
      89.46159638554217,
      63.65101029116466
    ],
    "4": [
      84.99482304216868,
      65.12785517068274,
      89.00963227911646,
      65.12785517068274
    ],
    "5": [
      86.33487073293172,
      67.21228664658635,
      90.76587600401606,
      67.21228664658635
    ],
    "6": [
      86.33549824297188,
      62.94145331325301,
      90.22166792168674,
      62.94145331325301
    ],
    "7": [
      86.32514432730925,
      64.8875188253012,
      89.75511420682732,
      64.8875188253012
    ],
    "8": [
      86.90888554216868,
      61.12277233935743,
      89.85002510040161,
      61.12277233935743
    ],
    "9": [
      86.90402233935743,
      28.180377761044177,
      90.8640813253012,
      28.180377761044177
    ],
    "10": [
      88.13613830321286,
      63.88052208835341,
      90.38607555220884,
      63.88052208835341
    ],
    "11": [
      88.3890248493976,
      66.64752761044177,
      90.42623619477912,
      66.64752761044177
    ],
    "12": [
      84.95246611445783,
      63.29129016064257,
      90.07090863453816,
      63.29129016064257
    ],
    "13": [
      87.781281375502,
      60.55252259036145,
      89.81049196787149,
      60.55252259036145
    ],
    "14": [
      87.92560868473896,
      65.54405120481927,
      90.5835843373494,
      65.54405120481927
    ]
  }
}