{
  "cycle": 12,
  "n_archs": 15,
  "spearman_r": 0.4392857142857142,
  "spearman_p": 0.10136057119347243,
  "pearson_r": -0.18163574769225216,
  "pearson_p": 0.517071028676532,
  "kendall_tau": 0.4476190476190477,
  "kendall_p": 0.020790615322361355,
  "bootstrap_ci_spearman": [
    -0.22604572273333245,
    0.9637697539114712
  ],
  "spearman_r_ema": -0.007142857142857141,
  "spearman_p_ema": 0.9798442277615982,
  "pearson_r_ema": -0.3103952448161288,
  "pearson_p_ema": 0.26018282375318336,
  "kendall_tau_ema": -0.009523809523809525,
  "kendall_p_ema": 1.0,
  "bootstrap_ci_spearman_ema": [
    -0.600036231884058,
    0.6132627492862864
  ],
  "spearman_r_best": 0.3107142857142856,
  "spearman_p_best": 0.2596673973372179,
  "pearson_r_best": -0.35178044893593485,
  "pearson_p_best": 0.19850609157405383,
  "kendall_tau_best": 0.2571428571428572,
  "kendall_p_best": 0.20184282422518202,
  "bootstrap_ci_spearman_best": [
    -0.3297016274864375,
    0.8587020402547372
  ],
  "mean_val_acc1": 86.42444779116467,
  "std_val_acc1": 1.68937512126427,
  "mean_ema_acc1": 61.34270414993306,
  "mean_best_val_acc1": 89.91310031793842,
  "per_arch": [
    {
      "arch_index": 0,
      "nas_quant_acc1": 10.0,
      "val_acc1": 89.054656124498,
      "ema_acc1": 74.93489583333333,
      "best_val_acc1": 92.65499497991968,
      "best_ema_acc1": 74.93489583333333,
      "epochs_completed": 13,
      "nas_rank": 14,
      "val_rank": 0,
      "ema_rank": 0,
      "best_rank": 0
    },
    {
      "arch_index": 1,
      "nas_quant_acc1": 63.5,
      "val_acc1": 83.30148719879519,
      "ema_acc1": 53.06319026104418,
      "best_val_acc1": 87.45528990963855,
      "best_ema_acc1": 53.06319026104418,
      "epochs_completed": 13,
      "nas_rank": 13,
      "val_rank": 14,
      "ema_rank": 13,
      "best_rank": 13
    },
    {
      "arch_index": 2,
      "nas_quant_acc1": 68.25,
      "val_acc1": 84.07520707831326,
      "ema_acc1": 59.10328815261044,
      "best_val_acc1": 87.38092996987953,
      "best_ema_acc1": 59.10328815261044,
      "epochs_completed": 13,
      "nas_rank": 12,
      "val_rank": 13,
      "ema_rank": 12,
      "best_rank": 14
    },
    {
      "arch_index": 3,
      "nas_quant_acc1": 71.5,
      "val_acc1": 84.94760291164658,
      "ema_acc1": 63.65101029116466,
      "best_val_acc1": 89.46159638554217,
      "best_ema_acc1": 63.65101029116466,
      "epochs_completed": 13,
      "nas_rank": 11,
      "val_rank": 12,
      "ema_rank": 7,
      "best_rank": 11
    },
    {
      "arch_index": 4,
      "nas_quant_acc1": 74.0,
      "val_acc1": 84.99482304216868,
      "ema_acc1": 65.12785517068274,
      "best_val_acc1": 89.00963227911646,
      "best_ema_acc1": 65.12785517068274,
      "epochs_completed": 13,
      "nas_rank": 10,
      "val_rank": 10,
      "ema_rank": 4,
      "best_rank": 12
    },
    {
      "arch_index": 5,
      "nas_quant_acc1": 75.5,
      "val_acc1": 86.33487073293172,
      "ema_acc1": 67.21228664658635,
      "best_val_acc1": 90.76587600401606,
      "best_ema_acc1": 67.21228664658635,
      "epochs_completed": 13,
      "nas_rank": 9,
      "val_rank": 8,
      "ema_rank": 1,
      "best_rank": 2
    },
    {
      "arch_index": 6,
      "nas_quant_acc1": 76.5,
      "val_acc1": 86.33549824297188,
      "ema_acc1": 62.94145331325301,
      "best_val_acc1": 90.22166792168674,
      "best_ema_acc1": 62.94145331325301,
      "epochs_completed": 13,
      "nas_rank": 8,
      "val_rank": 7,
      "ema_rank": 9,
      "best_rank": 6
    },
    {
      "arch_index": 7,
      "nas_quant_acc1": 77.25,
      "val_acc1": 86.32514432730925,
      "ema_acc1": 64.8875188253012,
      "best_val_acc1": 89.75511420682732,
      "best_ema_acc1": 64.8875188253012,
      "epochs_completed": 13,
      "nas_rank": 7,
      "val_rank": 9,
      "ema_rank": 5,
      "best_rank": 10
    },
    {
      "arch_index": 8,
      "nas_quant_acc1": 78.0,
      "val_acc1": 86.90888554216868,
      "ema_acc1": 61.12277233935743,
      "best_val_acc1": 89.85002510040161,
      "best_ema_acc1": 61.12277233935743,
      "epochs_completed": 13,
      "nas_rank": 6,
      "val_rank": 5,
      "ema_rank": 10,
      "best_rank": 8
    },
    {
      "arch_index": 9,
      "nas_quant_acc1": 78.5,
      "val_acc1": 86.90402233935743,
      "ema_acc1": 28.180377761044177,
      "best_val_acc1": 90.8640813253012,
      "best_ema_acc1": 28.180377761044177,
      "epochs_completed": 13,
      "nas_rank": 5,
      "val_rank": 6,
      "ema_rank": 14,
      "best_rank": 1
    },
    {
      "arch_index": 10,
      "nas_quant_acc1": 79.0,
      "val_acc1": 88.13613830321286,
      "ema_acc1": 63.88052208835341,
      "best_val_acc1": 90.38607555220884,
      "best_ema_acc1": 63.88052208835341,
      "epochs_completed": 13,
      "nas_rank": 4,
      "val_rank": 2,
      "ema_rank": 6,
      "best_rank": 5
    },
    {
      "arch_index": 11,
      "nas_quant_acc1": 79.75,
      "val_acc1": 88.3890248493976,
      "ema_acc1": 66.64752761044177,
      "best_val_acc1": 90.42623619477912,
      "best_ema_acc1": 66.64752761044177,
      "epochs_completed": 13,
      "nas_rank": 3,
      "val_rank": 1,
      "ema_rank": 2,
      "best_rank": 4
    },
    {
      "arch_index": 12,
      "nas_quant_acc1": 80.25,
      "val_acc1": 84.95246611445783,
      "ema_acc1": 63.29129016064257,
      "best_val_acc1": 90.07090863453816,
      "best_ema_acc1": 63.29129016064257,
      "epochs_completed": 13,
      "nas_rank": 2,
      "val_rank": 11,
      "ema_rank": 8,
      "best_rank": 7
    },
    {
      "arch_index": 13,
      "nas_quant_acc1": 81.25,
      "val_acc1": 87.781281375502,
      "ema_acc1": 60.55252259036145,
      "best_val_acc1": 89.81049196787149,
      "best_ema_acc1": 60.55252259036145,
      "epochs_completed": 13,
      "nas_rank": 1,
      "val_rank": 4,
      "ema_rank": 11,
      "best_rank": 9
    },
    {
      "arch_index": 14,
      "nas_quant_acc1": 85.5,
      "val_acc1": 87.92560868473896,
      "ema_acc1": 65.54405120481927,
      "best_val_acc1": 90.5835843373494,
      "best_ema_acc1": 65.54405120481927,
      "epochs_completed": 13,
      "nas_rank": 0,
      "val_rank": 3,
      "ema_rank": 3,
      "best_rank": 3
    }
  ],
  "timestamp": "2026-06-03T13:56:44.183056"
}