{
  "generated_at": "2026-06-04T12:09:05.124880",
  "algorithms": [
    "regularized_evolution",
    "baseline_sga"
  ],
  "algorithm_labels": {
    "baseline_sga": "Baseline SGA",
    "regularized_evolution": "Regularized Evolution"
  },
  "pairwise_statistics": {
    "best_quant_acc1": {
      "n_a": 10,
      "n_b": 10,
      "mean_a": 81.875,
      "std_a": 0.5559026693385972,
      "median_a": 81.875,
      "iqr_a": 0.9375,
      "mean_b": 83.35,
      "std_b": 0.4887626099538393,
      "median_b": 83.375,
      "iqr_b": 0.8125,
      "sw_p_a": 0.2608751241937943,
      "sw_p_b": 0.17032283294022926,
      "test_type": "welch_t",
      "statistic": -6.30136686240378,
      "p_raw": 6.593200536556506e-06,
      "effect_size": -2.8180569310998838,
      "effect_type": "cohens_d",
      "mean_diff_a_minus_b": -1.4749999999999943,
      "bootstrap_ci_lo": -1.9249999999999972,
      "bootstrap_ci_hi": -1.0499999999999972,
      "significant_alpha_0_05": true,
      "p_holm": 3.2966002682782526e-05,
      "significant_alpha_0_05_holm": true
    },
    "compile_success_rate": {
      "n_a": 10,
      "n_b": 10,
      "mean_a": 0.9694458857121784,
      "std_a": 0.01267263246754344,
      "median_a": 0.9694478908188586,
      "iqr_a": 0.017138912694912634,
      "mean_b": 0.9661703387510844,
      "std_b": 0.013350400696216291,
      "median_b": 0.9662162162162162,
      "iqr_b": 0.016843937472462822,
      "sw_p_a": 0.7458902964460292,
      "sw_p_b": 0.6197820647883573,
      "test_type": "welch_t",
      "statistic": 0.5627217005841799,
      "p_raw": 0.5805848670330364,
      "effect_size": 0.2516567949841019,
      "effect_type": "cohens_d",
      "mean_diff_a_minus_b": 0.0032755469610940002,
      "bootstrap_ci_lo": -0.007763453837594988,
      "bootstrap_ci_hi": 0.014243320107681161,
      "significant_alpha_0_05": false,
      "p_holm": 0.5805848670330364,
      "significant_alpha_0_05_holm": false
    },
    "elapsed_seconds": {
      "n_a": 10,
      "n_b": 10,
      "mean_a": 17306.094079965413,
      "std_a": 1300.8215165724384,
      "median_a": 16530.57158905908,
      "iqr_a": 1633.6210314009513,
      "mean_b": 20291.748045057546,
      "std_b": 1987.8436149447912,
      "median_b": 20559.870795448544,
      "iqr_b": 1663.9122729494993,
      "sw_p_a": 0.015350358618874429,
      "sw_p_b": 0.9019695371461873,
      "test_type": "mann_whitney_u",
      "statistic": 10.0,
      "p_raw": 0.0028272720911168077,
      "effect_size": -0.8,
      "effect_type": "cliffs_delta",
      "mean_diff_a_minus_b": -2985.653965092133,
      "bootstrap_ci_lo": -4379.787598043448,
      "bootstrap_ci_hi": -1596.764180558258,
      "significant_alpha_0_05": true,
      "p_holm": 0.005654544182233615,
      "significant_alpha_0_05_holm": true
    },
    "total_candidates_evaluated": {
      "n_a": 10,
      "n_b": 10,
      "mean_a": 212.7,
      "std_a": 3.6224607965059086,
      "median_a": 214.0,
      "iqr_a": 4.5,
      "mean_b": 221.3,
      "std_b": 1.636391694484477,
      "median_b": 222.0,
      "iqr_b": 1.0,
      "sw_p_a": 0.30075802039355587,
      "sw_p_b": 0.055492919097960516,
      "test_type": "welch_t",
      "statistic": -6.841792643911296,
      "p_raw": 1.4368250487094297e-05,
      "effect_size": -3.0597426879487344,
      "effect_type": "cohens_d",
      "mean_diff_a_minus_b": -8.600000000000023,
      "bootstrap_ci_lo": -11.099999999999994,
      "bootstrap_ci_hi": -6.300000000000011,
      "significant_alpha_0_05": true,
      "p_holm": 5.7473001948377186e-05,
      "significant_alpha_0_05_holm": true
    },
    "compiled_candidates": {
      "n_a": 10,
      "n_b": 10,
      "mean_a": 206.2,
      "std_a": 4.366539438350084,
      "median_a": 207.0,
      "iqr_a": 6.5,
      "mean_b": 213.8,
      "std_b": 2.2010098692292237,
      "median_b": 213.5,
      "iqr_b": 3.5,
      "sw_p_a": 0.4206629843393091,
      "sw_p_b": 0.8037489603459458,
      "test_type": "welch_t",
      "statistic": -4.914888994575201,
      "p_raw": 0.0002646089616445755,
      "effect_size": -2.198005178747149,
      "effect_type": "cohens_d",
      "mean_diff_a_minus_b": -7.600000000000023,
      "bootstrap_ci_lo": -10.599999999999994,
      "bootstrap_ci_hi": -4.799999999999983,
      "significant_alpha_0_05": true,
      "p_holm": 0.0007938268849337264,
      "significant_alpha_0_05_holm": true
    }
  },
  "auc_by_algorithm": {
    "regularized_evolution": {
      "mean": 78.56750000000001,
      "std": 0.5887993904737169,
      "median": 78.6425,
      "min": 77.705,
      "max": 79.34,
      "values": [
        77.9,
        78.905,
        77.965,
        78.31,
        79.34,
        78.945,
        77.705,
        79.015,
        79.21,
        78.38
      ]
    },
    "baseline_sga": {
      "mean": 78.8535,
      "std": 0.6874552510689139,
      "median": 78.9025,
      "min": 77.61,
      "max": 79.73,
      "values": [
        79.73,
        77.61,
        78.22,
        78.545,
        79.44,
        78.905,
        79.26,
        78.29,
        79.635,
        78.9
      ]
    }
  },
  "generations_to_threshold": {
    "regularized_evolution": {
      "80.5": [
        2,
        3,
        2,
        3,
        2,
        2,
        6,
        1,
        0,
        2
      ],
      "81.25": [
        2,
        5,
        2,
        3,
        2,
        2,
        6,
        1,
        0,
        6
      ],
      "82.0": [
        6,
        5,
        2,
        10,
        2,
        2,
        16,
        1,
        0,
        10
      ],
      "82.75": [
        6,
        5,
        3,
        10,
        3,
        7,
        null,
        5,
        5,
        11
      ],
      "83.5": [
        null,
        5,
        null,
        17,
        3,
        12,
        null,
        5,
        14,
        11
      ],
      "84.25": [
        null,
        5,
        null,
        null,
        19,
        12,
        null,
        null,
        14,
        null
      ]
    },
    "baseline_sga": {
      "80.5": [
        0,
        8,
        6,
        5,
        0,
        2,
        3,
        5,
        1,
        1
      ],
      "81.25": [
        0,
        9,
        6,
        8,
        0,
        2,
        5,
        7,
        1,
        4
      ],
      "82.0": [
        0,
        14,
        17,
        8,
        0,
        4,
        9,
        16,
        1,
        12
      ],
      "82.75": [
        8,
        19,
        21,
        12,
        0,
        10,
        9,
        16,
        1,
        17
      ],
      "83.5": [
        9,
        null,
        23,
        null,
        null,
        null,
        10,
        16,
        null,
        19
      ],
      "84.25": [
        null,
        null,
        null,
        null,
        null,
        null,
        null,
        null,
        null,
        null
      ]
    }
  },
  "success_rate_by_algorithm": {
    "regularized_evolution": {
      "n_success": 10,
      "n_total": 10
    },
    "baseline_sga": {
      "n_success": 10,
      "n_total": 10
    }
  }
}