{
  "cycle": 6,
  "completed_arch_indices": [
    0,
    1,
    2,
    3,
    4,
    5,
    6,
    7,
    8,
    9,
    10,
    11,
    12,
    13,
    14
  ],
  "cycle_val_results": {
    "0": [
      90.58578062248995,
      45.723048443775106,
      90.58578062248995,
      45.723048443775106
    ],
    "1": [
      84.3215047690763,
      30.812782379518072,
      84.3215047690763,
      30.812782379518072
    ],
    "2": [
      84.52497489959839,
      31.141597640562246,
      84.52497489959839,
      31.141597640562246
    ],
    "3": [
      86.59638554216868,
      33.52284136546185,
      86.59638554216868,
      33.52284136546185
    ],
    "4": [
      87.07329317269075,
      38.58323920682731,
      87.07329317269075,
      38.58323920682731
    ],
    "5": [
      87.81171561244979,
      36.635448042168676,
      87.81171561244979,
      36.635448042168676
    ],
    "6": [
      87.56918298192771,
      33.434989959839356,
      87.56918298192771,
      33.434989959839356
    ],
    "7": [
      86.6956890060241,
      35.6410015060241,
      86.77867720883533,
      35.6410015060241
    ],
    "8": [
      87.10529618473896,
      35.82925451807229,
      87.10529618473896,
      35.82925451807229
    ],
    "9": [
      88.81651606425703,
      20.524441516064257,
      88.81651606425703,
      20.524441516064257
    ],
    "10": [
      88.29944779116467,
      35.590016315261046,
      88.29944779116467,
      35.590016315261046
    ],
    "11": [
      87.726531124498,
      36.61709337349397,
      87.726531124498,
      36.61709337349397
    ],
    "12": [
      87.51819779116467,
      36.712004267068274,
      87.51819779116467,
      36.712004267068274
    ],
    "13": [
      88.28046561244979,
      34.78429342369478,
      88.28046561244979,
      34.78429342369478
    ],
    "14": [
      88.84851907630521,
      34.58788278112449,
      88.84851907630521,
      34.58788278112449
    ]
  }
}