{
  "cycle": 6,
  "n_archs": 15,
  "spearman_r": 0.4535714285714285,
  "spearman_p": 0.08948590014302728,
  "pearson_r": -0.2941986788646389,
  "pearson_p": 0.28716513330003174,
  "kendall_tau": 0.40952380952380957,
  "kendall_p": 0.03589723736788882,
  "bootstrap_ci_spearman": [
    -0.217430974293875,
    0.9349005424954792
  ],
  "spearman_r_ema": 0.024999999999999998,
  "spearman_p_ema": 0.9295289708192378,
  "pearson_r_ema": -0.5103765503361368,
  "pearson_p_ema": 0.051906548459130966,
  "kendall_tau_ema": 0.009523809523809525,
  "kendall_p_ema": 1.0,
  "bootstrap_ci_spearman_ema": [
    -0.6145454545454547,
    0.6570551598529937
  ],
  "spearman_r_best": 0.4535714285714285,
  "spearman_p_best": 0.08948590014302728,
  "pearson_r_best": -0.2935855741050182,
  "pearson_p_best": 0.2882179019862845,
  "kendall_tau_best": 0.40952380952380957,
  "kendall_p_best": 0.03589723736788882,
  "bootstrap_ci_spearman_best": [
    -0.1826401446654611,
    0.9385589224451161
  ],
  "mean_val_acc1": 87.45156668340026,
  "std_val_acc1": 1.5855447155048683,
  "mean_ema_acc1": 34.67599564926372,
  "mean_best_val_acc1": 87.45709923025433,
  "per_arch": [
    {
      "arch_index": 0,
      "nas_quant_acc1": 10.0,
      "val_acc1": 90.58578062248995,
      "ema_acc1": 45.723048443775106,
      "best_val_acc1": 90.58578062248995,
      "best_ema_acc1": 45.723048443775106,
      "epochs_completed": 7,
      "nas_rank": 14,
      "val_rank": 0,
      "ema_rank": 0,
      "best_rank": 0
    },
    {
      "arch_index": 1,
      "nas_quant_acc1": 63.5,
      "val_acc1": 84.3215047690763,
      "ema_acc1": 30.812782379518072,
      "best_val_acc1": 84.3215047690763,
      "best_ema_acc1": 30.812782379518072,
      "epochs_completed": 7,
      "nas_rank": 13,
      "val_rank": 14,
      "ema_rank": 13,
      "best_rank": 14
    },
    {
      "arch_index": 2,
      "nas_quant_acc1": 68.25,
      "val_acc1": 84.52497489959839,
      "ema_acc1": 31.141597640562246,
      "best_val_acc1": 84.52497489959839,
      "best_ema_acc1": 31.141597640562246,
      "epochs_completed": 7,
      "nas_rank": 12,
      "val_rank": 13,
      "ema_rank": 12,
      "best_rank": 13
    },
    {
      "arch_index": 3,
      "nas_quant_acc1": 71.5,
      "val_acc1": 86.59638554216868,
      "ema_acc1": 33.52284136546185,
      "best_val_acc1": 86.59638554216868,
      "best_ema_acc1": 33.52284136546185,
      "epochs_completed": 7,
      "nas_rank": 11,
      "val_rank": 12,
      "ema_rank": 10,
      "best_rank": 12
    },
    {
      "arch_index": 4,
      "nas_quant_acc1": 74.0,
      "val_acc1": 87.07329317269075,
      "ema_acc1": 38.58323920682731,
      "best_val_acc1": 87.07329317269075,
      "best_ema_acc1": 38.58323920682731,
      "epochs_completed": 7,
      "nas_rank": 10,
      "val_rank": 10,
      "ema_rank": 1,
      "best_rank": 10
    },
    {
      "arch_index": 5,
      "nas_quant_acc1": 75.5,
      "val_acc1": 87.81171561244979,
      "ema_acc1": 36.635448042168676,
      "best_val_acc1": 87.81171561244979,
      "best_ema_acc1": 36.635448042168676,
      "epochs_completed": 7,
      "nas_rank": 9,
      "val_rank": 5,
      "ema_rank": 3,
      "best_rank": 5
    },
    {
      "arch_index": 6,
      "nas_quant_acc1": 76.5,
      "val_acc1": 87.56918298192771,
      "ema_acc1": 33.434989959839356,
      "best_val_acc1": 87.56918298192771,
      "best_ema_acc1": 33.434989959839356,
      "epochs_completed": 7,
      "nas_rank": 8,
      "val_rank": 7,
      "ema_rank": 11,
      "best_rank": 7
    },
    {
      "arch_index": 7,
      "nas_quant_acc1": 77.25,
      "val_acc1": 86.6956890060241,
      "ema_acc1": 35.6410015060241,
      "best_val_acc1": 86.77867720883533,
      "best_ema_acc1": 35.6410015060241,
      "epochs_completed": 7,
      "nas_rank": 7,
      "val_rank": 11,
      "ema_rank": 6,
      "best_rank": 11
    },
    {
      "arch_index": 8,
      "nas_quant_acc1": 78.0,
      "val_acc1": 87.10529618473896,
      "ema_acc1": 35.82925451807229,
      "best_val_acc1": 87.10529618473896,
      "best_ema_acc1": 35.82925451807229,
      "epochs_completed": 7,
      "nas_rank": 6,
      "val_rank": 9,
      "ema_rank": 5,
      "best_rank": 9
    },
    {
      "arch_index": 9,
      "nas_quant_acc1": 78.5,
      "val_acc1": 88.81651606425703,
      "ema_acc1": 20.524441516064257,
      "best_val_acc1": 88.81651606425703,
      "best_ema_acc1": 20.524441516064257,
      "epochs_completed": 7,
      "nas_rank": 5,
      "val_rank": 2,
      "ema_rank": 14,
      "best_rank": 2
    },
    {
      "arch_index": 10,
      "nas_quant_acc1": 79.0,
      "val_acc1": 88.29944779116467,
      "ema_acc1": 35.590016315261046,
      "best_val_acc1": 88.29944779116467,
      "best_ema_acc1": 35.590016315261046,
      "epochs_completed": 7,
      "nas_rank": 4,
      "val_rank": 3,
      "ema_rank": 7,
      "best_rank": 3
    },
    {
      "arch_index": 11,
      "nas_quant_acc1": 79.75,
      "val_acc1": 87.726531124498,
      "ema_acc1": 36.61709337349397,
      "best_val_acc1": 87.726531124498,
      "best_ema_acc1": 36.61709337349397,
      "epochs_completed": 7,
      "nas_rank": 3,
      "val_rank": 6,
      "ema_rank": 4,
      "best_rank": 6
    },
    {
      "arch_index": 12,
      "nas_quant_acc1": 80.25,
      "val_acc1": 87.51819779116467,
      "ema_acc1": 36.712004267068274,
      "best_val_acc1": 87.51819779116467,
      "best_ema_acc1": 36.712004267068274,
      "epochs_completed": 7,
      "nas_rank": 2,
      "val_rank": 8,
      "ema_rank": 2,
      "best_rank": 8
    },
    {
      "arch_index": 13,
      "nas_quant_acc1": 81.25,
      "val_acc1": 88.28046561244979,
      "ema_acc1": 34.78429342369478,
      "best_val_acc1": 88.28046561244979,
      "best_ema_acc1": 34.78429342369478,
      "epochs_completed": 7,
      "nas_rank": 1,
      "val_rank": 4,
      "ema_rank": 8,
      "best_rank": 4
    },
    {
      "arch_index": 14,
      "nas_quant_acc1": 85.5,
      "val_acc1": 88.84851907630521,
      "ema_acc1": 34.58788278112449,
      "best_val_acc1": 88.84851907630521,
      "best_ema_acc1": 34.58788278112449,
      "epochs_completed": 7,
      "nas_rank": 0,
      "val_rank": 1,
      "ema_rank": 9,
      "best_rank": 1
    }
  ],
  "timestamp": "2026-06-03T13:28:47.644109"
}