{
  "cycle": 71,
  "completed_arch_indices": [
    0,
    1,
    2,
    3,
    4,
    5,
    6,
    7,
    8,
    9,
    10,
    11,
    12,
    13,
    14
  ],
  "cycle_val_results": {
    "0": [
      89.03896837349399,
      90.13977786144578,
      95.23484563253012,
      92.39081325301206
    ],
    "1": [
      86.93492720883533,
      89.69816767068274,
      91.75169427710844,
      89.69816767068274
    ],
    "2": [
      87.10639432730925,
      90.26292670682732,
      92.13416164658635,
      90.27594754016064
    ],
    "3": [
      87.98208458835342,
      91.55528363453816,
      92.80528363453816,
      91.58132530120481
    ],
    "4": [
      88.38949548192771,
      91.47119728915662,
      92.63491465863453,
      91.47119728915662
    ],
    "5": [
      88.63908760040161,
      92.2144829317269,
      93.6750125502008,
      92.2144829317269
    ],
    "6": [
      89.63463227911646,
      91.95186997991968,
      93.66089357429719,
      91.95186997991968
    ],
    "7": [
      88.56959086345381,
      91.97085215863453,
      93.70042670682732,
      92.05007530120481
    ],
    "8": [
      88.06617093373494,
      92.31755145582329,
      93.18288780120481,
      92.31755145582329
    ],
    "9": [
      89.95968247991968,
      90.66767068273093,
      93.61696787148594,
      90.66767068273093
    ],
    "10": [
      88.22838227911646,
      91.78856049196787,
      93.3863579317269,
      91.78856049196787
    ],
    "11": [
      85.63770707831326,
      92.00505145582329,
      93.62998870481927,
      92.05007530120481
    ],
    "12": [
      89.37311746987953,
      91.98497113453816,
      93.32125376506023,
      91.98497113453816
    ],
    "13": [
      89.13874246987953,
      92.11627761044177,
      93.55186370481927,
      92.11627761044177
    ],
    "14": [
      88.69117093373494,
      92.30672690763052,
      94.20290537148594,
      92.31974774096385
    ]
  }
}