{
  "cycle": 71,
  "n_archs": 15,
  "spearman_r": 0.32499999999999996,
  "spearman_p": 0.23722543823723408,
  "pearson_r": -0.03731824237850853,
  "pearson_p": 0.894953614766052,
  "kendall_tau": 0.23809523809523814,
  "kendall_p": 0.23945881568583288,
  "bootstrap_ci_spearman": [
    -0.23414110459869286,
    0.7989305301645334
  ],
  "spearman_r_ema": 0.7142857142857142,
  "spearman_p_ema": 0.0027743838176388096,
  "pearson_r_ema": 0.6290898604826335,
  "pearson_p_ema": 0.011987658432302413,
  "kendall_tau_ema": 0.580952380952381,
  "kendall_p_ema": 0.0019359627197342143,
  "bootstrap_ci_spearman_ema": [
    0.25273528649209226,
    0.9493670886075949
  ],
  "spearman_r_best": 0.2821428571428571,
  "spearman_p_best": 0.30828445682005556,
  "pearson_r_best": -0.37895019574116606,
  "pearson_p_best": 0.16363473377136978,
  "kendall_tau_best": 0.23809523809523814,
  "kendall_p_best": 0.23945881568583288,
  "bootstrap_ci_spearman_best": [
    -0.3748284232924747,
    0.8587020402547372
  ],
  "mean_val_acc1": 88.359343624498,
  "std_val_acc1": 1.1266127964007526,
  "mean_ema_acc1": 91.4967578647925,
  "mean_best_val_acc1": 93.36596385542167,
  "per_arch": [
    {
      "arch_index": 0,
      "nas_quant_acc1": 10.0,
      "val_acc1": 89.03896837349399,
      "ema_acc1": 90.13977786144578,
      "best_val_acc1": 95.23484563253012,
      "best_ema_acc1": 92.39081325301206,
      "epochs_completed": 72,
      "nas_rank": 14,
      "val_rank": 4,
      "ema_rank": 13,
      "best_rank": 0
    },
    {
      "arch_index": 1,
      "nas_quant_acc1": 63.5,
      "val_acc1": 86.93492720883533,
      "ema_acc1": 89.69816767068274,
      "best_val_acc1": 91.75169427710844,
      "best_ema_acc1": 89.69816767068274,
      "epochs_completed": 72,
      "nas_rank": 13,
      "val_rank": 13,
      "ema_rank": 14,
      "best_rank": 14
    },
    {
      "arch_index": 2,
      "nas_quant_acc1": 68.25,
      "val_acc1": 87.10639432730925,
      "ema_acc1": 90.26292670682732,
      "best_val_acc1": 92.13416164658635,
      "best_ema_acc1": 90.27594754016064,
      "epochs_completed": 72,
      "nas_rank": 12,
      "val_rank": 12,
      "ema_rank": 12,
      "best_rank": 13
    },
    {
      "arch_index": 3,
      "nas_quant_acc1": 71.5,
      "val_acc1": 87.98208458835342,
      "ema_acc1": 91.55528363453816,
      "best_val_acc1": 92.80528363453816,
      "best_ema_acc1": 91.58132530120481,
      "epochs_completed": 72,
      "nas_rank": 11,
      "val_rank": 11,
      "ema_rank": 9,
      "best_rank": 11
    },
    {
      "arch_index": 4,
      "nas_quant_acc1": 74.0,
      "val_acc1": 88.38949548192771,
      "ema_acc1": 91.47119728915662,
      "best_val_acc1": 92.63491465863453,
      "best_ema_acc1": 91.47119728915662,
      "epochs_completed": 72,
      "nas_rank": 10,
      "val_rank": 8,
      "ema_rank": 10,
      "best_rank": 12
    },
    {
      "arch_index": 5,
      "nas_quant_acc1": 75.5,
      "val_acc1": 88.63908760040161,
      "ema_acc1": 92.2144829317269,
      "best_val_acc1": 93.6750125502008,
      "best_ema_acc1": 92.2144829317269,
      "epochs_completed": 72,
      "nas_rank": 9,
      "val_rank": 6,
      "ema_rank": 2,
      "best_rank": 3
    },
    {
      "arch_index": 6,
      "nas_quant_acc1": 76.5,
      "val_acc1": 89.63463227911646,
      "ema_acc1": 91.95186997991968,
      "best_val_acc1": 93.66089357429719,
      "best_ema_acc1": 91.95186997991968,
      "epochs_completed": 72,
      "nas_rank": 8,
      "val_rank": 1,
      "ema_rank": 7,
      "best_rank": 4
    },
    {
      "arch_index": 7,
      "nas_quant_acc1": 77.25,
      "val_acc1": 88.56959086345381,
      "ema_acc1": 91.97085215863453,
      "best_val_acc1": 93.70042670682732,
      "best_ema_acc1": 92.05007530120481,
      "epochs_completed": 72,
      "nas_rank": 7,
      "val_rank": 7,
      "ema_rank": 6,
      "best_rank": 2
    },
    {
      "arch_index": 8,
      "nas_quant_acc1": 78.0,
      "val_acc1": 88.06617093373494,
      "ema_acc1": 92.31755145582329,
      "best_val_acc1": 93.18288780120481,
      "best_ema_acc1": 92.31755145582329,
      "epochs_completed": 72,
      "nas_rank": 6,
      "val_rank": 10,
      "ema_rank": 0,
      "best_rank": 10
    },
    {
      "arch_index": 9,
      "nas_quant_acc1": 78.5,
      "val_acc1": 89.95968247991968,
      "ema_acc1": 90.66767068273093,
      "best_val_acc1": 93.61696787148594,
      "best_ema_acc1": 90.66767068273093,
      "epochs_completed": 72,
      "nas_rank": 5,
      "val_rank": 0,
      "ema_rank": 11,
      "best_rank": 6
    },
    {
      "arch_index": 10,
      "nas_quant_acc1": 79.0,
      "val_acc1": 88.22838227911646,
      "ema_acc1": 91.78856049196787,
      "best_val_acc1": 93.3863579317269,
      "best_ema_acc1": 91.78856049196787,
      "epochs_completed": 72,
      "nas_rank": 4,
      "val_rank": 9,
      "ema_rank": 8,
      "best_rank": 8
    },
    {
      "arch_index": 11,
      "nas_quant_acc1": 79.75,
      "val_acc1": 85.63770707831326,
      "ema_acc1": 92.00505145582329,
      "best_val_acc1": 93.62998870481927,
      "best_ema_acc1": 92.05007530120481,
      "epochs_completed": 72,
      "nas_rank": 3,
      "val_rank": 14,
      "ema_rank": 4,
      "best_rank": 5
    },
    {
      "arch_index": 12,
      "nas_quant_acc1": 80.25,
      "val_acc1": 89.37311746987953,
      "ema_acc1": 91.98497113453816,
      "best_val_acc1": 93.32125376506023,
      "best_ema_acc1": 91.98497113453816,
      "epochs_completed": 72,
      "nas_rank": 2,
      "val_rank": 2,
      "ema_rank": 5,
      "best_rank": 9
    },
    {
      "arch_index": 13,
      "nas_quant_acc1": 81.25,
      "val_acc1": 89.13874246987953,
      "ema_acc1": 92.11627761044177,
      "best_val_acc1": 93.55186370481927,
      "best_ema_acc1": 92.11627761044177,
      "epochs_completed": 72,
      "nas_rank": 1,
      "val_rank": 3,
      "ema_rank": 3,
      "best_rank": 7
    },
    {
      "arch_index": 14,
      "nas_quant_acc1": 85.5,
      "val_acc1": 88.69117093373494,
      "ema_acc1": 92.30672690763052,
      "best_val_acc1": 94.20290537148594,
      "best_ema_acc1": 92.31974774096385,
      "epochs_completed": 72,
      "nas_rank": 0,
      "val_rank": 5,
      "ema_rank": 1,
      "best_rank": 1
    }
  ],
  "timestamp": "2026-06-03T22:04:04.936035"
}