{
  "cycle": 0,
  "completed_arch_indices": [
    0,
    1,
    2,
    3,
    4,
    5,
    6,
    7,
    8,
    9,
    10,
    11,
    12,
    13,
    14
  ],
  "cycle_val_results": {
    "0": [
      61.255176957831324,
      12.425953815261044,
      61.255176957831324,
      12.425953815261044
    ],
    "1": [
      47.863955823293175,
      11.561088102409638,
      47.863955823293175,
      11.561088102409638
    ],
    "2": [
      45.23421812248996,
      12.542043172690763,
      45.23421812248996,
      12.542043172690763
    ],
    "3": [
      55.40380271084337,
      11.375031375502008,
      55.40380271084337,
      11.375031375502008
    ],
    "4": [
      56.952183734939766,
      12.953846636546185,
      56.952183734939766,
      12.953846636546185
    ],
    "5": [
      57.0249748995984,
      12.844189257028113,
      57.0249748995984,
      12.844189257028113
    ],
    "6": [
      53.73211596385542,
      14.434456576305221,
      53.73211596385542,
      14.434456576305221
    ],
    "7": [
      52.192990712851405,
      14.981331576305221,
      52.192990712851405,
      14.981331576305221
    ],
    "8": [
      57.64934738955823,
      15.241748242971887,
      57.64934738955823,
      15.241748242971887
    ],
    "9": [
      38.259287148594375,
      14.650320030120481,
      38.259287148594375,
      14.650320030120481
    ],
    "10": [
      54.5519578313253,
      15.125658885542169,
      54.5519578313253,
      15.125658885542169
    ],
    "11": [
      53.26069904618474,
      14.506620230923694,
      53.26069904618474,
      14.506620230923694
    ],
    "12": [
      54.17058860441767,
      15.573230421686748,
      54.17058860441767,
      15.573230421686748
    ],
    "13": [
      55.90345758032129,
      15.160328815261044,
      55.90345758032129,
      15.160328815261044
    ],
    "14": [
      53.76788403614458,
      15.354543172690763,
      53.76788403614458,
      15.354543172690763
    ]
  }
}