{
  "cycle": 0,
  "n_archs": 15,
  "spearman_r": -0.08214285714285713,
  "spearman_p": 0.7710285652881772,
  "pearson_r": -0.30124853026622284,
  "pearson_p": 0.2752240638300219,
  "kendall_tau": -0.04761904761904762,
  "kendall_p": 0.845841042458974,
  "bootstrap_ci_spearman": [
    -0.6222634116937915,
    0.5172632433783105
  ],
  "spearman_r_ema": 0.8892857142857141,
  "spearman_p_ema": 9.192974758842268e-06,
  "pearson_r_ema": 0.5194986236873727,
  "pearson_p_ema": 0.04717753753771464,
  "kendall_tau_ema": 0.7142857142857143,
  "kendall_p_ema": 6.710364303783617e-05,
  "bootstrap_ci_spearman_ema": [
    0.645985401459854,
    0.9672131147540982
  ],
  "spearman_r_best": -0.08214285714285713,
  "spearman_p_best": 0.7710285652881772,
  "pearson_r_best": -0.30124853026622284,
  "pearson_p_best": 0.2752240638300219,
  "kendall_tau_best": -0.04761904761904762,
  "kendall_p_best": 0.845841042458974,
  "bootstrap_ci_spearman_best": [
    -0.6197440585009142,
    0.5082899684163017
  ],
  "mean_val_acc1": 53.14817603748327,
  "std_val_acc1": 5.63827607940083,
  "mean_ema_acc1": 13.915359354082998,
  "mean_best_val_acc1": 53.14817603748327,
  "per_arch": [
    {
      "arch_index": 0,
      "nas_quant_acc1": 10.0,
      "val_acc1": 61.255176957831324,
      "ema_acc1": 12.425953815261044,
      "best_val_acc1": 61.255176957831324,
      "best_ema_acc1": 12.425953815261044,
      "epochs_completed": 1,
      "nas_rank": 14,
      "val_rank": 0,
      "ema_rank": 12,
      "best_rank": 0
    },
    {
      "arch_index": 1,
      "nas_quant_acc1": 63.5,
      "val_acc1": 47.863955823293175,
      "ema_acc1": 11.561088102409638,
      "best_val_acc1": 47.863955823293175,
      "best_ema_acc1": 11.561088102409638,
      "epochs_completed": 1,
      "nas_rank": 13,
      "val_rank": 12,
      "ema_rank": 13,
      "best_rank": 12
    },
    {
      "arch_index": 2,
      "nas_quant_acc1": 68.25,
      "val_acc1": 45.23421812248996,
      "ema_acc1": 12.542043172690763,
      "best_val_acc1": 45.23421812248996,
      "best_ema_acc1": 12.542043172690763,
      "epochs_completed": 1,
      "nas_rank": 12,
      "val_rank": 13,
      "ema_rank": 11,
      "best_rank": 13
    },
    {
      "arch_index": 3,
      "nas_quant_acc1": 71.5,
      "val_acc1": 55.40380271084337,
      "ema_acc1": 11.375031375502008,
      "best_val_acc1": 55.40380271084337,
      "best_ema_acc1": 11.375031375502008,
      "epochs_completed": 1,
      "nas_rank": 11,
      "val_rank": 5,
      "ema_rank": 14,
      "best_rank": 5
    },
    {
      "arch_index": 4,
      "nas_quant_acc1": 74.0,
      "val_acc1": 56.952183734939766,
      "ema_acc1": 12.953846636546185,
      "best_val_acc1": 56.952183734939766,
      "best_ema_acc1": 12.953846636546185,
      "epochs_completed": 1,
      "nas_rank": 10,
      "val_rank": 3,
      "ema_rank": 9,
      "best_rank": 3
    },
    {
      "arch_index": 5,
      "nas_quant_acc1": 75.5,
      "val_acc1": 57.0249748995984,
      "ema_acc1": 12.844189257028113,
      "best_val_acc1": 57.0249748995984,
      "best_ema_acc1": 12.844189257028113,
      "epochs_completed": 1,
      "nas_rank": 9,
      "val_rank": 2,
      "ema_rank": 10,
      "best_rank": 2
    },
    {
      "arch_index": 6,
      "nas_quant_acc1": 76.5,
      "val_acc1": 53.73211596385542,
      "ema_acc1": 14.434456576305221,
      "best_val_acc1": 53.73211596385542,
      "best_ema_acc1": 14.434456576305221,
      "epochs_completed": 1,
      "nas_rank": 8,
      "val_rank": 9,
      "ema_rank": 8,
      "best_rank": 9
    },
    {
      "arch_index": 7,
      "nas_quant_acc1": 77.25,
      "val_acc1": 52.192990712851405,
      "ema_acc1": 14.981331576305221,
      "best_val_acc1": 52.192990712851405,
      "best_ema_acc1": 14.981331576305221,
      "epochs_completed": 1,
      "nas_rank": 7,
      "val_rank": 11,
      "ema_rank": 5,
      "best_rank": 11
    },
    {
      "arch_index": 8,
      "nas_quant_acc1": 78.0,
      "val_acc1": 57.64934738955823,
      "ema_acc1": 15.241748242971887,
      "best_val_acc1": 57.64934738955823,
      "best_ema_acc1": 15.241748242971887,
      "epochs_completed": 1,
      "nas_rank": 6,
      "val_rank": 1,
      "ema_rank": 2,
      "best_rank": 1
    },
    {
      "arch_index": 9,
      "nas_quant_acc1": 78.5,
      "val_acc1": 38.259287148594375,
      "ema_acc1": 14.650320030120481,
      "best_val_acc1": 38.259287148594375,
      "best_ema_acc1": 14.650320030120481,
      "epochs_completed": 1,
      "nas_rank": 5,
      "val_rank": 14,
      "ema_rank": 6,
      "best_rank": 14
    },
    {
      "arch_index": 10,
      "nas_quant_acc1": 79.0,
      "val_acc1": 54.5519578313253,
      "ema_acc1": 15.125658885542169,
      "best_val_acc1": 54.5519578313253,
      "best_ema_acc1": 15.125658885542169,
      "epochs_completed": 1,
      "nas_rank": 4,
      "val_rank": 6,
      "ema_rank": 4,
      "best_rank": 6
    },
    {
      "arch_index": 11,
      "nas_quant_acc1": 79.75,
      "val_acc1": 53.26069904618474,
      "ema_acc1": 14.506620230923694,
      "best_val_acc1": 53.26069904618474,
      "best_ema_acc1": 14.506620230923694,
      "epochs_completed": 1,
      "nas_rank": 3,
      "val_rank": 10,
      "ema_rank": 7,
      "best_rank": 10
    },
    {
      "arch_index": 12,
      "nas_quant_acc1": 80.25,
      "val_acc1": 54.17058860441767,
      "ema_acc1": 15.573230421686748,
      "best_val_acc1": 54.17058860441767,
      "best_ema_acc1": 15.573230421686748,
      "epochs_completed": 1,
      "nas_rank": 2,
      "val_rank": 7,
      "ema_rank": 0,
      "best_rank": 7
    },
    {
      "arch_index": 13,
      "nas_quant_acc1": 81.25,
      "val_acc1": 55.90345758032129,
      "ema_acc1": 15.160328815261044,
      "best_val_acc1": 55.90345758032129,
      "best_ema_acc1": 15.160328815261044,
      "epochs_completed": 1,
      "nas_rank": 1,
      "val_rank": 4,
      "ema_rank": 3,
      "best_rank": 4
    },
    {
      "arch_index": 14,
      "nas_quant_acc1": 85.5,
      "val_acc1": 53.76788403614458,
      "ema_acc1": 15.354543172690763,
      "best_val_acc1": 53.76788403614458,
      "best_ema_acc1": 15.354543172690763,
      "epochs_completed": 1,
      "nas_rank": 0,
      "val_rank": 8,
      "ema_rank": 1,
      "best_rank": 8
    }
  ],
  "timestamp": "2026-06-03T13:00:33.907739"
}