{
  "cycle": 100,
  "completed_arch_indices": [
    0,
    1,
    2,
    3,
    4,
    5,
    6,
    7,
    8,
    9,
    10,
    11,
    12,
    13,
    14
  ],
  "cycle_val_results": {
    "0": [
      95.52616716867469,
      89.70632530120481,
      95.52616716867469,
      92.39081325301206
    ],
    "1": [
      92.05007530120481,
      90.65574799196787,
      92.05007530120481,
      90.65574799196787
    ],
    "2": [
      92.31535517068274,
      91.1695218373494,
      92.37669427710844,
      91.1695218373494
    ],
    "3": [
      93.49272088353413,
      92.59208709839358,
      93.49272088353413,
      92.59208709839358
    ],
    "4": [
      92.93659011044177,
      92.0972954317269,
      92.96969126506023,
      92.0972954317269
    ],
    "5": [
      93.8703250502008,
      92.90568524096385,
      93.8703250502008,
      92.90568524096385
    ],
    "6": [
      93.9175451807229,
      92.87258408634538,
      93.9175451807229,
      92.87258408634538
    ],
    "7": [
      93.79110190763052,
      92.95776857429719,
      93.83502761044177,
      92.95776857429719
    ],
    "8": [
      93.43138177710844,
      92.75320030120481,
      93.56159011044177,
      92.75320030120481
    ],
    "9": [
      94.04665537148594,
      92.4515248493976,
      94.04665537148594,
      92.4515248493976
    ],
    "10": [
      93.54966741967873,
      92.41575677710844,
      93.58982806224898,
      92.41575677710844
    ],
    "11": [
      93.64787274096385,
      92.93062876506023,
      93.72709588353413,
      92.93062876506023
    ],
    "12": [
      93.70481927710844,
      92.87258408634538,
      93.70481927710844,
      92.87258408634538
    ],
    "13": [
      93.96256902610442,
      92.97078940763052,
      93.96256902610442,
      92.97078940763052
    ],
    "14": [
      94.23600652610442,
      93.33537274096385,
      94.23600652610442,
      93.33537274096385
    ]
  }
}