{
  "cycle": 100,
  "n_archs": 15,
  "spearman_r": 0.37499999999999994,
  "spearman_p": 0.16843274984674558,
  "pearson_r": -0.41507098151051874,
  "pearson_p": 0.12393043559765,
  "kendall_tau": 0.3523809523809524,
  "kendall_p": 0.07433498084899375,
  "bootstrap_ci_spearman": [
    -0.28727897419036663,
    0.9021783355609719
  ],
  "spearman_r_ema": 0.7649690275328731,
  "spearman_p_ema": 0.0008919483903002299,
  "pearson_r_ema": 0.864770049169607,
  "pearson_p_ema": 3.1727378085683614e-05,
  "kendall_tau_ema": 0.6124472018807623,
  "kendall_p_ema": 0.0015188171069272151,
  "bootstrap_ci_spearman_ema": [
    0.2898712290407164,
    0.9646062858680762
  ],
  "spearman_r_best": 0.38928571428571423,
  "spearman_p_best": 0.15151193679039388,
  "pearson_r_best": -0.41150021504331435,
  "pearson_p_best": 0.127527464377873,
  "kendall_tau_best": 0.3523809523809524,
  "kendall_p_best": 0.07433498084899375,
  "bootstrap_ci_spearman_best": [
    -0.2614301994688519,
    0.9127351778656128
  ],
  "mean_val_acc1": 93.6319235274431,
  "std_val_acc1": 0.8101662164479239,
  "mean_ema_acc1": 92.3124581659973,
  "mean_best_val_acc1": 93.65778739959838,
  "per_arch": [
    {
      "arch_index": 0,
      "nas_quant_acc1": 10.0,
      "val_acc1": 95.52616716867469,
      "ema_acc1": 89.70632530120481,
      "best_val_acc1": 95.52616716867469,
      "best_ema_acc1": 92.39081325301206,
      "epochs_completed": 101,
      "nas_rank": 14,
      "val_rank": 0,
      "ema_rank": 14,
      "best_rank": 0
    },
    {
      "arch_index": 1,
      "nas_quant_acc1": 63.5,
      "val_acc1": 92.05007530120481,
      "ema_acc1": 90.65574799196787,
      "best_val_acc1": 92.05007530120481,
      "best_ema_acc1": 90.65574799196787,
      "epochs_completed": 101,
      "nas_rank": 13,
      "val_rank": 14,
      "ema_rank": 13,
      "best_rank": 14
    },
    {
      "arch_index": 2,
      "nas_quant_acc1": 68.25,
      "val_acc1": 92.31535517068274,
      "ema_acc1": 91.1695218373494,
      "best_val_acc1": 92.37669427710844,
      "best_ema_acc1": 91.1695218373494,
      "epochs_completed": 101,
      "nas_rank": 12,
      "val_rank": 13,
      "ema_rank": 12,
      "best_rank": 13
    },
    {
      "arch_index": 3,
      "nas_quant_acc1": 71.5,
      "val_acc1": 93.49272088353413,
      "ema_acc1": 92.59208709839358,
      "best_val_acc1": 93.49272088353413,
      "best_ema_acc1": 92.59208709839358,
      "epochs_completed": 101,
      "nas_rank": 11,
      "val_rank": 10,
      "ema_rank": 8,
      "best_rank": 11
    },
    {
      "arch_index": 4,
      "nas_quant_acc1": 74.0,
      "val_acc1": 92.93659011044177,
      "ema_acc1": 92.0972954317269,
      "best_val_acc1": 92.96969126506023,
      "best_ema_acc1": 92.0972954317269,
      "epochs_completed": 101,
      "nas_rank": 10,
      "val_rank": 12,
      "ema_rank": 11,
      "best_rank": 12
    },
    {
      "arch_index": 5,
      "nas_quant_acc1": 75.5,
      "val_acc1": 93.8703250502008,
      "ema_acc1": 92.90568524096385,
      "best_val_acc1": 93.8703250502008,
      "best_ema_acc1": 92.90568524096385,
      "epochs_completed": 101,
      "nas_rank": 9,
      "val_rank": 5,
      "ema_rank": 4,
      "best_rank": 5
    },
    {
      "arch_index": 6,
      "nas_quant_acc1": 76.5,
      "val_acc1": 93.9175451807229,
      "ema_acc1": 92.87258408634538,
      "best_val_acc1": 93.9175451807229,
      "best_ema_acc1": 92.87258408634538,
      "epochs_completed": 101,
      "nas_rank": 8,
      "val_rank": 4,
      "ema_rank": 6,
      "best_rank": 4
    },
    {
      "arch_index": 7,
      "nas_quant_acc1": 77.25,
      "val_acc1": 93.79110190763052,
      "ema_acc1": 92.95776857429719,
      "best_val_acc1": 93.83502761044177,
      "best_ema_acc1": 92.95776857429719,
      "epochs_completed": 101,
      "nas_rank": 7,
      "val_rank": 6,
      "ema_rank": 2,
      "best_rank": 6
    },
    {
      "arch_index": 8,
      "nas_quant_acc1": 78.0,
      "val_acc1": 93.43138177710844,
      "ema_acc1": 92.75320030120481,
      "best_val_acc1": 93.56159011044177,
      "best_ema_acc1": 92.75320030120481,
      "epochs_completed": 101,
      "nas_rank": 6,
      "val_rank": 11,
      "ema_rank": 7,
      "best_rank": 10
    },
    {
      "arch_index": 9,
      "nas_quant_acc1": 78.5,
      "val_acc1": 94.04665537148594,
      "ema_acc1": 92.4515248493976,
      "best_val_acc1": 94.04665537148594,
      "best_ema_acc1": 92.4515248493976,
      "epochs_completed": 101,
      "nas_rank": 5,
      "val_rank": 2,
      "ema_rank": 9,
      "best_rank": 2
    },
    {
      "arch_index": 10,
      "nas_quant_acc1": 79.0,
      "val_acc1": 93.54966741967873,
      "ema_acc1": 92.41575677710844,
      "best_val_acc1": 93.58982806224898,
      "best_ema_acc1": 92.41575677710844,
      "epochs_completed": 101,
      "nas_rank": 4,
      "val_rank": 9,
      "ema_rank": 10,
      "best_rank": 9
    },
    {
      "arch_index": 11,
      "nas_quant_acc1": 79.75,
      "val_acc1": 93.64787274096385,
      "ema_acc1": 92.93062876506023,
      "best_val_acc1": 93.72709588353413,
      "best_ema_acc1": 92.93062876506023,
      "epochs_completed": 101,
      "nas_rank": 3,
      "val_rank": 8,
      "ema_rank": 3,
      "best_rank": 7
    },
    {
      "arch_index": 12,
      "nas_quant_acc1": 80.25,
      "val_acc1": 93.70481927710844,
      "ema_acc1": 92.87258408634538,
      "best_val_acc1": 93.70481927710844,
      "best_ema_acc1": 92.87258408634538,
      "epochs_completed": 101,
      "nas_rank": 2,
      "val_rank": 7,
      "ema_rank": 5,
      "best_rank": 8
    },
    {
      "arch_index": 13,
      "nas_quant_acc1": 81.25,
      "val_acc1": 93.96256902610442,
      "ema_acc1": 92.97078940763052,
      "best_val_acc1": 93.96256902610442,
      "best_ema_acc1": 92.97078940763052,
      "epochs_completed": 101,
      "nas_rank": 1,
      "val_rank": 3,
      "ema_rank": 1,
      "best_rank": 3
    },
    {
      "arch_index": 14,
      "nas_quant_acc1": 85.5,
      "val_acc1": 94.23600652610442,
      "ema_acc1": 93.33537274096385,
      "best_val_acc1": 94.23600652610442,
      "best_ema_acc1": 93.33537274096385,
      "epochs_completed": 101,
      "nas_rank": 0,
      "val_rank": 1,
      "ema_rank": 0,
      "best_rank": 1
    }
  ],
  "timestamp": "2026-06-04T00:29:16.186149"
}