{
  "cycle": 59,
  "completed_arch_indices": [
    0,
    1,
    2,
    3,
    4,
    5,
    6,
    7,
    8,
    9,
    10,
    11,
    12,
    13,
    14
  ],
  "cycle_val_results": {
    "0": [
      94.93536646586345,
      91.79185491967873,
      95.06933985943776,
      92.39081325301206
    ],
    "1": [
      91.7066704317269,
      89.18329568273093,
      91.7066704317269,
      89.18329568273093
    ],
    "2": [
      91.9046498493976,
      89.66396837349399,
      91.9046498493976,
      89.66396837349399
    ],
    "3": [
      92.59695030120481,
      91.36703062248995,
      92.59695030120481,
      91.36703062248995
    ],
    "4": [
      92.47489959839358,
      91.0132718373494,
      92.47489959839358,
      91.0132718373494
    ],
    "5": [
      93.31748870481927,
      91.94590863453816,
      93.59092620481927,
      92.01101280120481
    ],
    "6": [
      93.47750376506023,
      91.60030747991968,
      93.5968875502008,
      91.65945030120481
    ],
    "7": [
      93.37820030120481,
      91.9968938253012,
      93.37820030120481,
      91.9968938253012
    ],
    "8": [
      93.09284011044177,
      91.6996109437751,
      93.09284011044177,
      91.6996109437751
    ],
    "9": [
      93.3625125502008,
      89.69377510040161,
      93.3625125502008,
      89.69377510040161
    ],
    "10": [
      93.08091741967873,
      91.50210215863453,
      93.28925075301206,
      91.50210215863453
    ],
    "11": [
      93.13190261044177,
      91.71749497991968,
      93.38855421686748,
      91.71749497991968
    ],
    "12": [
      92.89752761044177,
      91.61442645582329,
      93.01691139558233,
      91.6214859437751
    ],
    "13": [
      93.10099774096385,
      91.76957831325302,
      93.22414658634538,
      91.78259914658635
    ],
    "14": [
      93.58982806224898,
      92.02622991967873,
      93.58982806224898,
      92.02622991967873
    ]
  }
}