{
  "cycle": 59,
  "n_archs": 15,
  "spearman_r": 0.2678571428571428,
  "spearman_p": 0.3344436005123538,
  "pearson_r": -0.46248531558156736,
  "pearson_p": 0.08259546055415236,
  "kendall_tau": 0.20000000000000004,
  "kendall_p": 0.3282335876694342,
  "bootstrap_ci_spearman": [
    -0.4436363636363637,
    0.8484045970920409
  ],
  "spearman_r_ema": 0.42499999999999993,
  "spearman_p_ema": 0.11429547548052224,
  "pearson_r_ema": 0.05773906762181886,
  "pearson_p_ema": 0.8380476275686647,
  "kendall_tau_ema": 0.37142857142857144,
  "kendall_p_ema": 0.058995845051235264,
  "bootstrap_ci_spearman_ema": [
    -0.15740519528517308,
    0.8843427585073143
  ],
  "spearman_r_best": 0.20357142857142854,
  "spearman_p_best": 0.46679507248911234,
  "pearson_r_best": -0.444631811477424,
  "pearson_p_best": 0.09679475358112614,
  "kendall_tau_best": 0.1619047619047619,
  "kendall_p_best": 0.43511891093211363,
  "bootstrap_ci_spearman_best": [
    -0.4637555891269302,
    0.8126440126257639
  ],
  "mean_val_acc1": 93.06988370147253,
  "std_val_acc1": 0.7553373621090087,
  "mean_ema_acc1": 91.23904994979921,
  "mean_best_val_acc1": 93.15217118473896,
  "per_arch": [
    {
      "arch_index": 0,
      "nas_quant_acc1": 10.0,
      "val_acc1": 94.93536646586345,
      "ema_acc1": 91.79185491967873,
      "best_val_acc1": 95.06933985943776,
      "best_ema_acc1": 92.39081325301206,
      "epochs_completed": 60,
      "nas_rank": 14,
      "val_rank": 0,
      "ema_rank": 3,
      "best_rank": 0
    },
    {
      "arch_index": 1,
      "nas_quant_acc1": 63.5,
      "val_acc1": 91.7066704317269,
      "ema_acc1": 89.18329568273093,
      "best_val_acc1": 91.7066704317269,
      "best_ema_acc1": 89.18329568273093,
      "epochs_completed": 60,
      "nas_rank": 13,
      "val_rank": 14,
      "ema_rank": 14,
      "best_rank": 14
    },
    {
      "arch_index": 2,
      "nas_quant_acc1": 68.25,
      "val_acc1": 91.9046498493976,
      "ema_acc1": 89.66396837349399,
      "best_val_acc1": 91.9046498493976,
      "best_ema_acc1": 89.66396837349399,
      "epochs_completed": 60,
      "nas_rank": 12,
      "val_rank": 13,
      "ema_rank": 13,
      "best_rank": 13
    },
    {
      "arch_index": 3,
      "nas_quant_acc1": 71.5,
      "val_acc1": 92.59695030120481,
      "ema_acc1": 91.36703062248995,
      "best_val_acc1": 92.59695030120481,
      "best_ema_acc1": 91.36703062248995,
      "epochs_completed": 60,
      "nas_rank": 11,
      "val_rank": 11,
      "ema_rank": 10,
      "best_rank": 11
    },
    {
      "arch_index": 4,
      "nas_quant_acc1": 74.0,
      "val_acc1": 92.47489959839358,
      "ema_acc1": 91.0132718373494,
      "best_val_acc1": 92.47489959839358,
      "best_ema_acc1": 91.0132718373494,
      "epochs_completed": 60,
      "nas_rank": 10,
      "val_rank": 12,
      "ema_rank": 11,
      "best_rank": 12
    },
    {
      "arch_index": 5,
      "nas_quant_acc1": 75.5,
      "val_acc1": 93.31748870481927,
      "ema_acc1": 91.94590863453816,
      "best_val_acc1": 93.59092620481927,
      "best_ema_acc1": 92.01101280120481,
      "epochs_completed": 60,
      "nas_rank": 9,
      "val_rank": 5,
      "ema_rank": 2,
      "best_rank": 2
    },
    {
      "arch_index": 6,
      "nas_quant_acc1": 76.5,
      "val_acc1": 93.47750376506023,
      "ema_acc1": 91.60030747991968,
      "best_val_acc1": 93.5968875502008,
      "best_ema_acc1": 91.65945030120481,
      "epochs_completed": 60,
      "nas_rank": 8,
      "val_rank": 2,
      "ema_rank": 8,
      "best_rank": 1
    },
    {
      "arch_index": 7,
      "nas_quant_acc1": 77.25,
      "val_acc1": 93.37820030120481,
      "ema_acc1": 91.9968938253012,
      "best_val_acc1": 93.37820030120481,
      "best_ema_acc1": 91.9968938253012,
      "epochs_completed": 60,
      "nas_rank": 7,
      "val_rank": 3,
      "ema_rank": 1,
      "best_rank": 5
    },
    {
      "arch_index": 8,
      "nas_quant_acc1": 78.0,
      "val_acc1": 93.09284011044177,
      "ema_acc1": 91.6996109437751,
      "best_val_acc1": 93.09284011044177,
      "best_ema_acc1": 91.6996109437751,
      "epochs_completed": 60,
      "nas_rank": 6,
      "val_rank": 8,
      "ema_rank": 6,
      "best_rank": 9
    },
    {
      "arch_index": 9,
      "nas_quant_acc1": 78.5,
      "val_acc1": 93.3625125502008,
      "ema_acc1": 89.69377510040161,
      "best_val_acc1": 93.3625125502008,
      "best_ema_acc1": 89.69377510040161,
      "epochs_completed": 60,
      "nas_rank": 5,
      "val_rank": 4,
      "ema_rank": 12,
      "best_rank": 6
    },
    {
      "arch_index": 10,
      "nas_quant_acc1": 79.0,
      "val_acc1": 93.08091741967873,
      "ema_acc1": 91.50210215863453,
      "best_val_acc1": 93.28925075301206,
      "best_ema_acc1": 91.50210215863453,
      "epochs_completed": 60,
      "nas_rank": 4,
      "val_rank": 9,
      "ema_rank": 9,
      "best_rank": 7
    },
    {
      "arch_index": 11,
      "nas_quant_acc1": 79.75,
      "val_acc1": 93.13190261044177,
      "ema_acc1": 91.71749497991968,
      "best_val_acc1": 93.38855421686748,
      "best_ema_acc1": 91.71749497991968,
      "epochs_completed": 60,
      "nas_rank": 3,
      "val_rank": 6,
      "ema_rank": 5,
      "best_rank": 4
    },
    {
      "arch_index": 12,
      "nas_quant_acc1": 80.25,
      "val_acc1": 92.89752761044177,
      "ema_acc1": 91.61442645582329,
      "best_val_acc1": 93.01691139558233,
      "best_ema_acc1": 91.6214859437751,
      "epochs_completed": 60,
      "nas_rank": 2,
      "val_rank": 10,
      "ema_rank": 7,
      "best_rank": 10
    },
    {
      "arch_index": 13,
      "nas_quant_acc1": 81.25,
      "val_acc1": 93.10099774096385,
      "ema_acc1": 91.76957831325302,
      "best_val_acc1": 93.22414658634538,
      "best_ema_acc1": 91.78259914658635,
      "epochs_completed": 60,
      "nas_rank": 1,
      "val_rank": 7,
      "ema_rank": 4,
      "best_rank": 8
    },
    {
      "arch_index": 14,
      "nas_quant_acc1": 85.5,
      "val_acc1": 93.58982806224898,
      "ema_acc1": 92.02622991967873,
      "best_val_acc1": 93.58982806224898,
      "best_ema_acc1": 92.02622991967873,
      "epochs_completed": 60,
      "nas_rank": 0,
      "val_rank": 1,
      "ema_rank": 0,
      "best_rank": 3
    }
  ],
  "timestamp": "2026-06-03T19:54:03.321560"
}