{
  "cycle": 51,
  "completed_arch_indices": [
    0,
    1,
    2,
    3,
    4,
    5,
    6,
    7,
    8,
    9,
    10,
    11,
    12,
    13,
    14
  ],
  "cycle_val_results": {
    "0": [
      87.79053714859438,
      92.05227158634538,
      95.06933985943776,
      92.39081325301206
    ],
    "1": [
      87.48886169678714,
      88.59516189759036,
      91.31494728915662,
      88.59516189759036
    ],
    "2": [
      87.27676330321286,
      89.07097138554217,
      91.62525100401606,
      89.07097138554217
    ],
    "3": [
      88.97276606425703,
      90.89718247991968,
      92.32241465863453,
      90.89718247991968
    ],
    "4": [
      88.51154618473896,
      90.59770331325302,
      92.29041164658635,
      90.59770331325302
    ],
    "5": [
      89.0769327309237,
      91.73051581325302,
      93.59092620481927,
      91.73051581325302
    ],
    "6": [
      86.82370105421687,
      91.4109563253012,
      93.5968875502008,
      91.4109563253012
    ],
    "7": [
      89.07254016064257,
      91.45598017068274,
      93.34400100401606,
      91.45598017068274
    ],
    "8": [
      89.45234061244979,
      91.24874497991968,
      92.9176079317269,
      91.24874497991968
    ],
    "9": [
      89.73393574297188,
      88.64504894578313,
      93.32941139558233,
      88.64504894578313
    ],
    "10": [
      89.85222138554217,
      91.37299196787149,
      93.28925075301206,
      91.37299196787149
    ],
    "11": [
      90.04753388554217,
      91.2547063253012,
      93.38855421686748,
      91.2547063253012
    ],
    "12": [
      89.67855798192771,
      91.23682228915662,
      93.01691139558233,
      91.23682228915662
    ],
    "13": [
      89.38833458835342,
      91.35887299196787,
      93.22414658634538,
      91.35887299196787
    ],
    "14": [
      88.16327811244979,
      91.91014056224898,
      93.56974774096385,
      91.91014056224898
    ]
  }
}