{
  "cycle": 51,
  "n_archs": 15,
  "spearman_r": 0.6178571428571428,
  "spearman_p": 0.014103928406489474,
  "pearson_r": 0.40125535367748283,
  "pearson_p": 0.1382416828305737,
  "kendall_tau": 0.4476190476190477,
  "kendall_p": 0.020790615322361355,
  "bootstrap_ci_spearman": [
    0.16303503298624913,
    0.9054588351757137
  ],
  "spearman_r_ema": 0.21428571428571427,
  "spearman_p_ema": 0.44314093482351424,
  "pearson_r_ema": -0.08147921575317511,
  "pearson_p_ema": 0.7728334962678104,
  "kendall_tau_ema": 0.1619047619047619,
  "kendall_p_ema": 0.43511891093211363,
  "bootstrap_ci_spearman_ema": [
    -0.45027124773960214,
    0.8014877803639441
  ],
  "spearman_r_best": 0.2178571428571428,
  "spearman_p_best": 0.43539267351553756,
  "pearson_r_best": -0.38077707330995003,
  "pearson_p_best": 0.16144668764321687,
  "kendall_tau_best": 0.18095238095238098,
  "kendall_p_best": 0.3794503959627968,
  "bootstrap_ci_spearman_best": [
    -0.4487051597051597,
    0.8254703557312252
  ],
  "mean_val_acc1": 88.7553233768407,
  "std_val_acc1": 1.0240989559919573,
  "mean_ema_acc1": 90.85587140227578,
  "mean_best_val_acc1": 93.05932061579651,
  "per_arch": [
    {
      "arch_index": 0,
      "nas_quant_acc1": 10.0,
      "val_acc1": 87.79053714859438,
      "ema_acc1": 92.05227158634538,
      "best_val_acc1": 95.06933985943776,
      "best_ema_acc1": 92.39081325301206,
      "epochs_completed": 52,
      "nas_rank": 14,
      "val_rank": 11,
      "ema_rank": 0,
      "best_rank": 0
    },
    {
      "arch_index": 1,
      "nas_quant_acc1": 63.5,
      "val_acc1": 87.48886169678714,
      "ema_acc1": 88.59516189759036,
      "best_val_acc1": 91.31494728915662,
      "best_ema_acc1": 88.59516189759036,
      "epochs_completed": 52,
      "nas_rank": 13,
      "val_rank": 12,
      "ema_rank": 14,
      "best_rank": 14
    },
    {
      "arch_index": 2,
      "nas_quant_acc1": 68.25,
      "val_acc1": 87.27676330321286,
      "ema_acc1": 89.07097138554217,
      "best_val_acc1": 91.62525100401606,
      "best_ema_acc1": 89.07097138554217,
      "epochs_completed": 52,
      "nas_rank": 12,
      "val_rank": 13,
      "ema_rank": 12,
      "best_rank": 13
    },
    {
      "arch_index": 3,
      "nas_quant_acc1": 71.5,
      "val_acc1": 88.97276606425703,
      "ema_acc1": 90.89718247991968,
      "best_val_acc1": 92.32241465863453,
      "best_ema_acc1": 90.89718247991968,
      "epochs_completed": 52,
      "nas_rank": 11,
      "val_rank": 8,
      "ema_rank": 10,
      "best_rank": 11
    },
    {
      "arch_index": 4,
      "nas_quant_acc1": 74.0,
      "val_acc1": 88.51154618473896,
      "ema_acc1": 90.59770331325302,
      "best_val_acc1": 92.29041164658635,
      "best_ema_acc1": 90.59770331325302,
      "epochs_completed": 52,
      "nas_rank": 10,
      "val_rank": 9,
      "ema_rank": 11,
      "best_rank": 12
    },
    {
      "arch_index": 5,
      "nas_quant_acc1": 75.5,
      "val_acc1": 89.0769327309237,
      "ema_acc1": 91.73051581325302,
      "best_val_acc1": 93.59092620481927,
      "best_ema_acc1": 91.73051581325302,
      "epochs_completed": 52,
      "nas_rank": 9,
      "val_rank": 6,
      "ema_rank": 2,
      "best_rank": 2
    },
    {
      "arch_index": 6,
      "nas_quant_acc1": 76.5,
      "val_acc1": 86.82370105421687,
      "ema_acc1": 91.4109563253012,
      "best_val_acc1": 93.5968875502008,
      "best_ema_acc1": 91.4109563253012,
      "epochs_completed": 52,
      "nas_rank": 8,
      "val_rank": 14,
      "ema_rank": 4,
      "best_rank": 1
    },
    {
      "arch_index": 7,
      "nas_quant_acc1": 77.25,
      "val_acc1": 89.07254016064257,
      "ema_acc1": 91.45598017068274,
      "best_val_acc1": 93.34400100401606,
      "best_ema_acc1": 91.45598017068274,
      "epochs_completed": 52,
      "nas_rank": 7,
      "val_rank": 7,
      "ema_rank": 3,
      "best_rank": 5
    },
    {
      "arch_index": 8,
      "nas_quant_acc1": 78.0,
      "val_acc1": 89.45234061244979,
      "ema_acc1": 91.24874497991968,
      "best_val_acc1": 92.9176079317269,
      "best_ema_acc1": 91.24874497991968,
      "epochs_completed": 52,
      "nas_rank": 6,
      "val_rank": 4,
      "ema_rank": 8,
      "best_rank": 10
    },
    {
      "arch_index": 9,
      "nas_quant_acc1": 78.5,
      "val_acc1": 89.73393574297188,
      "ema_acc1": 88.64504894578313,
      "best_val_acc1": 93.32941139558233,
      "best_ema_acc1": 88.64504894578313,
      "epochs_completed": 52,
      "nas_rank": 5,
      "val_rank": 2,
      "ema_rank": 13,
      "best_rank": 6
    },
    {
      "arch_index": 10,
      "nas_quant_acc1": 79.0,
      "val_acc1": 89.85222138554217,
      "ema_acc1": 91.37299196787149,
      "best_val_acc1": 93.28925075301206,
      "best_ema_acc1": 91.37299196787149,
      "epochs_completed": 52,
      "nas_rank": 4,
      "val_rank": 1,
      "ema_rank": 5,
      "best_rank": 7
    },
    {
      "arch_index": 11,
      "nas_quant_acc1": 79.75,
      "val_acc1": 90.04753388554217,
      "ema_acc1": 91.2547063253012,
      "best_val_acc1": 93.38855421686748,
      "best_ema_acc1": 91.2547063253012,
      "epochs_completed": 52,
      "nas_rank": 3,
      "val_rank": 0,
      "ema_rank": 7,
      "best_rank": 4
    },
    {
      "arch_index": 12,
      "nas_quant_acc1": 80.25,
      "val_acc1": 89.67855798192771,
      "ema_acc1": 91.23682228915662,
      "best_val_acc1": 93.01691139558233,
      "best_ema_acc1": 91.23682228915662,
      "epochs_completed": 52,
      "nas_rank": 2,
      "val_rank": 3,
      "ema_rank": 9,
      "best_rank": 9
    },
    {
      "arch_index": 13,
      "nas_quant_acc1": 81.25,
      "val_acc1": 89.38833458835342,
      "ema_acc1": 91.35887299196787,
      "best_val_acc1": 93.22414658634538,
      "best_ema_acc1": 91.35887299196787,
      "epochs_completed": 52,
      "nas_rank": 1,
      "val_rank": 5,
      "ema_rank": 6,
      "best_rank": 8
    },
    {
      "arch_index": 14,
      "nas_quant_acc1": 85.5,
      "val_acc1": 88.16327811244979,
      "ema_acc1": 91.91014056224898,
      "best_val_acc1": 93.56974774096385,
      "best_ema_acc1": 91.91014056224898,
      "epochs_completed": 52,
      "nas_rank": 0,
      "val_rank": 10,
      "ema_rank": 1,
      "best_rank": 3
    }
  ],
  "timestamp": "2026-06-03T19:06:51.136695"
}