{
  "cycle": 106,
  "completed_arch_indices": [
    0,
    1,
    2,
    3,
    4,
    5,
    6,
    7,
    8,
    9,
    10,
    11,
    12,
    13,
    14
  ],
  "cycle_val_results": {
    "0": [
      93.10099774096385,
      90.43549196787149,
      95.52616716867469,
      92.39081325301206
    ],
    "1": [
      90.44035517068274,
      90.98832831325302,
      92.05007530120481,
      90.98832831325302
    ],
    "2": [
      90.17334964859438,
      91.51622113453816,
      92.37669427710844,
      91.51622113453816
    ],
    "3": [
      91.63340863453816,
      92.55412274096385,
      93.49272088353413,
      92.61812876506023
    ],
    "4": [
      91.28890562248995,
      92.3316704317269,
      92.96969126506023,
      92.3316704317269
    ],
    "5": [
      91.63936997991968,
      93.12703940763052,
      93.8703250502008,
      93.12703940763052
    ],
    "6": [
      91.12826305220884,
      93.05487575301206,
      93.9175451807229,
      93.05487575301206
    ],
    "7": [
      92.23346511044177,
      93.08797690763052,
      93.83502761044177,
      93.08797690763052
    ],
    "8": [
      91.51512299196787,
      92.90348895582329,
      93.56159011044177,
      92.90348895582329
    ],
    "9": [
      91.8574297188755,
      92.79116465863453,
      94.04665537148594,
      92.79116465863453
    ],
    "10": [
      91.96975401606427,
      92.72935491967873,
      93.58982806224898,
      92.72935491967873
    ],
    "11": [
      92.08584337349399,
      93.19214357429719,
      93.72709588353413,
      93.19214357429719
    ],
    "12": [
      91.10112324297188,
      93.00875376506023,
      93.70481927710844,
      93.00875376506023
    ],
    "13": [
      91.87751004016064,
      93.16610190763052,
      93.96256902610442,
      93.16610190763052
    ],
    "14": [
      92.9496109437751,
      93.47750376506023,
      94.23600652610442,
      93.47750376506023
    ]
  }
}