{
  "cycle": 106,
  "n_archs": 15,
  "spearman_r": 0.3321428571428571,
  "spearman_p": 0.2264717590707243,
  "pearson_r": -0.2639624251538607,
  "pearson_p": 0.34178671192751464,
  "kendall_tau": 0.29523809523809524,
  "kendall_p": 0.13946285911906778,
  "bootstrap_ci_spearman": [
    -0.32371948870943523,
    0.8774829865837058
  ],
  "spearman_r_ema": 0.7999999999999999,
  "spearman_p_ema": 0.0003422698330356917,
  "pearson_r_ema": 0.8389739896928184,
  "pearson_p_ema": 9.245409359265207e-05,
  "kendall_tau_ema": 0.6190476190476191,
  "kendall_p_ema": 0.0008364083878716816,
  "bootstrap_ci_spearman_ema": [
    0.3236336898395723,
    0.9668523521286969
  ],
  "spearman_r_best": 0.38928571428571423,
  "spearman_p_best": 0.15151193679039388,
  "pearson_r_best": -0.41150021504331435,
  "pearson_p_best": 0.127527464377873,
  "kendall_tau_best": 0.3523809523809524,
  "kendall_p_best": 0.07433498084899375,
  "bootstrap_ci_spearman_best": [
    -0.2614301994688519,
    0.9127351778656128
  ],
  "mean_val_acc1": 91.66630061914321,
  "std_val_acc1": 0.7965999243861859,
  "mean_ema_acc1": 92.5576158801874,
  "mean_best_val_acc1": 93.65778739959838,
  "per_arch": [
    {
      "arch_index": 0,
      "nas_quant_acc1": 10.0,
      "val_acc1": 93.10099774096385,
      "ema_acc1": 90.43549196787149,
      "best_val_acc1": 95.52616716867469,
      "best_ema_acc1": 92.39081325301206,
      "epochs_completed": 107,
      "nas_rank": 14,
      "val_rank": 0,
      "ema_rank": 14,
      "best_rank": 0
    },
    {
      "arch_index": 1,
      "nas_quant_acc1": 63.5,
      "val_acc1": 90.44035517068274,
      "ema_acc1": 90.98832831325302,
      "best_val_acc1": 92.05007530120481,
      "best_ema_acc1": 90.98832831325302,
      "epochs_completed": 107,
      "nas_rank": 13,
      "val_rank": 13,
      "ema_rank": 13,
      "best_rank": 14
    },
    {
      "arch_index": 2,
      "nas_quant_acc1": 68.25,
      "val_acc1": 90.17334964859438,
      "ema_acc1": 91.51622113453816,
      "best_val_acc1": 92.37669427710844,
      "best_ema_acc1": 91.51622113453816,
      "epochs_completed": 107,
      "nas_rank": 12,
      "val_rank": 14,
      "ema_rank": 12,
      "best_rank": 13
    },
    {
      "arch_index": 3,
      "nas_quant_acc1": 71.5,
      "val_acc1": 91.63340863453816,
      "ema_acc1": 92.55412274096385,
      "best_val_acc1": 93.49272088353413,
      "best_ema_acc1": 92.61812876506023,
      "epochs_completed": 107,
      "nas_rank": 11,
      "val_rank": 8,
      "ema_rank": 10,
      "best_rank": 11
    },
    {
      "arch_index": 4,
      "nas_quant_acc1": 74.0,
      "val_acc1": 91.28890562248995,
      "ema_acc1": 92.3316704317269,
      "best_val_acc1": 92.96969126506023,
      "best_ema_acc1": 92.3316704317269,
      "epochs_completed": 107,
      "nas_rank": 10,
      "val_rank": 10,
      "ema_rank": 11,
      "best_rank": 12
    },
    {
      "arch_index": 5,
      "nas_quant_acc1": 75.5,
      "val_acc1": 91.63936997991968,
      "ema_acc1": 93.12703940763052,
      "best_val_acc1": 93.8703250502008,
      "best_ema_acc1": 93.12703940763052,
      "epochs_completed": 107,
      "nas_rank": 9,
      "val_rank": 7,
      "ema_rank": 3,
      "best_rank": 5
    },
    {
      "arch_index": 6,
      "nas_quant_acc1": 76.5,
      "val_acc1": 91.12826305220884,
      "ema_acc1": 93.05487575301206,
      "best_val_acc1": 93.9175451807229,
      "best_ema_acc1": 93.05487575301206,
      "epochs_completed": 107,
      "nas_rank": 8,
      "val_rank": 11,
      "ema_rank": 5,
      "best_rank": 4
    },
    {
      "arch_index": 7,
      "nas_quant_acc1": 77.25,
      "val_acc1": 92.23346511044177,
      "ema_acc1": 93.08797690763052,
      "best_val_acc1": 93.83502761044177,
      "best_ema_acc1": 93.08797690763052,
      "epochs_completed": 107,
      "nas_rank": 7,
      "val_rank": 2,
      "ema_rank": 4,
      "best_rank": 6
    },
    {
      "arch_index": 8,
      "nas_quant_acc1": 78.0,
      "val_acc1": 91.51512299196787,
      "ema_acc1": 92.90348895582329,
      "best_val_acc1": 93.56159011044177,
      "best_ema_acc1": 92.90348895582329,
      "epochs_completed": 107,
      "nas_rank": 6,
      "val_rank": 9,
      "ema_rank": 7,
      "best_rank": 10
    },
    {
      "arch_index": 9,
      "nas_quant_acc1": 78.5,
      "val_acc1": 91.8574297188755,
      "ema_acc1": 92.79116465863453,
      "best_val_acc1": 94.04665537148594,
      "best_ema_acc1": 92.79116465863453,
      "epochs_completed": 107,
      "nas_rank": 5,
      "val_rank": 6,
      "ema_rank": 8,
      "best_rank": 2
    },
    {
      "arch_index": 10,
      "nas_quant_acc1": 79.0,
      "val_acc1": 91.96975401606427,
      "ema_acc1": 92.72935491967873,
      "best_val_acc1": 93.58982806224898,
      "best_ema_acc1": 92.72935491967873,
      "epochs_completed": 107,
      "nas_rank": 4,
      "val_rank": 4,
      "ema_rank": 9,
      "best_rank": 9
    },
    {
      "arch_index": 11,
      "nas_quant_acc1": 79.75,
      "val_acc1": 92.08584337349399,
      "ema_acc1": 93.19214357429719,
      "best_val_acc1": 93.72709588353413,
      "best_ema_acc1": 93.19214357429719,
      "epochs_completed": 107,
      "nas_rank": 3,
      "val_rank": 3,
      "ema_rank": 1,
      "best_rank": 7
    },
    {
      "arch_index": 12,
      "nas_quant_acc1": 80.25,
      "val_acc1": 91.10112324297188,
      "ema_acc1": 93.00875376506023,
      "best_val_acc1": 93.70481927710844,
      "best_ema_acc1": 93.00875376506023,
      "epochs_completed": 107,
      "nas_rank": 2,
      "val_rank": 12,
      "ema_rank": 6,
      "best_rank": 8
    },
    {
      "arch_index": 13,
      "nas_quant_acc1": 81.25,
      "val_acc1": 91.87751004016064,
      "ema_acc1": 93.16610190763052,
      "best_val_acc1": 93.96256902610442,
      "best_ema_acc1": 93.16610190763052,
      "epochs_completed": 107,
      "nas_rank": 1,
      "val_rank": 5,
      "ema_rank": 2,
      "best_rank": 3
    },
    {
      "arch_index": 14,
      "nas_quant_acc1": 85.5,
      "val_acc1": 92.9496109437751,
      "ema_acc1": 93.47750376506023,
      "best_val_acc1": 94.23600652610442,
      "best_ema_acc1": 93.47750376506023,
      "epochs_completed": 107,
      "nas_rank": 0,
      "val_rank": 1,
      "ema_rank": 0,
      "best_rank": 1
    }
  ],
  "timestamp": "2026-06-04T00:59:12.838177"
}