{
  "cycle": 45,
  "completed_arch_indices": [
    0,
    1,
    2,
    3,
    4,
    5,
    6,
    7,
    8,
    9,
    10,
    11,
    12,
    13,
    14
  ],
  "cycle_val_results": {
    "0": [
      88.21802836345381,
      92.39081325301206,
      94.50944402610442,
      92.39081325301206
    ],
    "1": [
      88.13237324297188,
      87.87085843373494,
      90.93844126506023,
      87.87085843373494
    ],
    "2": [
      89.2331827309237,
      88.19041792168674,
      91.3328313253012,
      88.19041792168674
    ],
    "3": [
      89.35962600401606,
      90.49353664658635,
      92.32241465863453,
      90.49353664658635
    ],
    "4": [
      90.18370356425703,
      89.90053965863453,
      91.95296812248995,
      89.90053965863453
    ],
    "5": [
      91.19775978915662,
      91.47715863453816,
      93.44550075301206,
      91.47715863453816
    ],
    "6": [
      90.67959337349399,
      90.89012299196787,
      93.1058609437751,
      90.89012299196787
    ],
    "7": [
      89.37641189759036,
      90.8250188253012,
      92.99134036144578,
      90.8250188253012
    ],
    "8": [
      91.07241465863453,
      90.77293549196787,
      92.60071536144578,
      90.77293549196787
    ],
    "9": [
      91.21454568273093,
      87.05650727911646,
      93.18618222891565,
      87.05650727911646
    ],
    "10": [
      91.33173318273093,
      90.84509914658635,
      93.14602158634538,
      90.84509914658635
    ],
    "11": [
      90.45714106425703,
      90.82611696787149,
      93.08797690763052,
      90.82611696787149
    ],
    "12": [
      89.8972452309237,
      90.84509914658635,
      93.01691139558233,
      90.84509914658635
    ],
    "13": [
      89.89504894578313,
      90.83098017068274,
      93.02993222891565,
      90.83098017068274
    ],
    "14": [
      91.63717369477912,
      91.70180722891565,
      93.56974774096385,
      91.70180722891565
    ]
  }
}