{
  "cycle": 45,
  "n_archs": 15,
  "spearman_r": 0.6499999999999999,
  "spearman_p": 0.008711583621912303,
  "pearson_r": 0.6540194129944648,
  "pearson_p": 0.008171512627028817,
  "kendall_tau": 0.5047619047619049,
  "kendall_p": 0.008269998948239689,
  "bootstrap_ci_spearman": [
    0.07218610273904548,
    0.9425583877854689
  ],
  "spearman_r_ema": 0.2645220001749188,
  "spearman_p_ema": 0.34072615313686716,
  "pearson_r_ema": -0.19957111024908553,
  "pearson_p_ema": 0.47578139291614563,
  "kendall_tau_ema": 0.22966770070528586,
  "kendall_p_ema": 0.23438104887262345,
  "bootstrap_ci_spearman_ema": [
    -0.39459614977713875,
    0.8441305063829408
  ],
  "spearman_r_best": 0.34642857142857136,
  "spearman_p_best": 0.2058959920935512,
  "pearson_r_best": -0.2730451268996723,
  "pearson_p_best": 0.32480235835810267,
  "kendall_tau_best": 0.2761904761904762,
  "kendall_p_best": 0.16857787367749338,
  "bootstrap_ci_spearman_best": [
    -0.31648441269039035,
    0.8907153502235468
  ],
  "mean_val_acc1": 90.12573209504687,
  "std_val_acc1": 1.1036657490309814,
  "mean_ema_acc1": 90.32780078647924,
  "mean_best_val_acc1": 92.81575259370815,
  "per_arch": [
    {
      "arch_index": 0,
      "nas_quant_acc1": 10.0,
      "val_acc1": 88.21802836345381,
      "ema_acc1": 92.39081325301206,
      "best_val_acc1": 94.50944402610442,
      "best_ema_acc1": 92.39081325301206,
      "epochs_completed": 46,
      "nas_rank": 14,
      "val_rank": 13,
      "ema_rank": 0,
      "best_rank": 0
    },
    {
      "arch_index": 1,
      "nas_quant_acc1": 63.5,
      "val_acc1": 88.13237324297188,
      "ema_acc1": 87.87085843373494,
      "best_val_acc1": 90.93844126506023,
      "best_ema_acc1": 87.87085843373494,
      "epochs_completed": 46,
      "nas_rank": 13,
      "val_rank": 14,
      "ema_rank": 13,
      "best_rank": 14
    },
    {
      "arch_index": 2,
      "nas_quant_acc1": 68.25,
      "val_acc1": 89.2331827309237,
      "ema_acc1": 88.19041792168674,
      "best_val_acc1": 91.3328313253012,
      "best_ema_acc1": 88.19041792168674,
      "epochs_completed": 46,
      "nas_rank": 12,
      "val_rank": 12,
      "ema_rank": 12,
      "best_rank": 13
    },
    {
      "arch_index": 3,
      "nas_quant_acc1": 71.5,
      "val_acc1": 89.35962600401606,
      "ema_acc1": 90.49353664658635,
      "best_val_acc1": 92.32241465863453,
      "best_ema_acc1": 90.49353664658635,
      "epochs_completed": 46,
      "nas_rank": 11,
      "val_rank": 11,
      "ema_rank": 10,
      "best_rank": 11
    },
    {
      "arch_index": 4,
      "nas_quant_acc1": 74.0,
      "val_acc1": 90.18370356425703,
      "ema_acc1": 89.90053965863453,
      "best_val_acc1": 91.95296812248995,
      "best_ema_acc1": 89.90053965863453,
      "epochs_completed": 46,
      "nas_rank": 10,
      "val_rank": 7,
      "ema_rank": 11,
      "best_rank": 12
    },
    {
      "arch_index": 5,
      "nas_quant_acc1": 75.5,
      "val_acc1": 91.19775978915662,
      "ema_acc1": 91.47715863453816,
      "best_val_acc1": 93.44550075301206,
      "best_ema_acc1": 91.47715863453816,
      "epochs_completed": 46,
      "nas_rank": 9,
      "val_rank": 3,
      "ema_rank": 2,
      "best_rank": 2
    },
    {
      "arch_index": 6,
      "nas_quant_acc1": 76.5,
      "val_acc1": 90.67959337349399,
      "ema_acc1": 90.89012299196787,
      "best_val_acc1": 93.1058609437751,
      "best_ema_acc1": 90.89012299196787,
      "epochs_completed": 46,
      "nas_rank": 8,
      "val_rank": 5,
      "ema_rank": 3,
      "best_rank": 5
    },
    {
      "arch_index": 7,
      "nas_quant_acc1": 77.25,
      "val_acc1": 89.37641189759036,
      "ema_acc1": 90.8250188253012,
      "best_val_acc1": 92.99134036144578,
      "best_ema_acc1": 90.8250188253012,
      "epochs_completed": 46,
      "nas_rank": 7,
      "val_rank": 10,
      "ema_rank": 8,
      "best_rank": 9
    },
    {
      "arch_index": 8,
      "nas_quant_acc1": 78.0,
      "val_acc1": 91.07241465863453,
      "ema_acc1": 90.77293549196787,
      "best_val_acc1": 92.60071536144578,
      "best_ema_acc1": 90.77293549196787,
      "epochs_completed": 46,
      "nas_rank": 6,
      "val_rank": 4,
      "ema_rank": 9,
      "best_rank": 10
    },
    {
      "arch_index": 9,
      "nas_quant_acc1": 78.5,
      "val_acc1": 91.21454568273093,
      "ema_acc1": 87.05650727911646,
      "best_val_acc1": 93.18618222891565,
      "best_ema_acc1": 87.05650727911646,
      "epochs_completed": 46,
      "nas_rank": 5,
      "val_rank": 2,
      "ema_rank": 14,
      "best_rank": 3
    },
    {
      "arch_index": 10,
      "nas_quant_acc1": 79.0,
      "val_acc1": 91.33173318273093,
      "ema_acc1": 90.84509914658635,
      "best_val_acc1": 93.14602158634538,
      "best_ema_acc1": 90.84509914658635,
      "epochs_completed": 46,
      "nas_rank": 4,
      "val_rank": 1,
      "ema_rank": 4,
      "best_rank": 4
    },
    {
      "arch_index": 11,
      "nas_quant_acc1": 79.75,
      "val_acc1": 90.45714106425703,
      "ema_acc1": 90.82611696787149,
      "best_val_acc1": 93.08797690763052,
      "best_ema_acc1": 90.82611696787149,
      "epochs_completed": 46,
      "nas_rank": 3,
      "val_rank": 6,
      "ema_rank": 7,
      "best_rank": 6
    },
    {
      "arch_index": 12,
      "nas_quant_acc1": 80.25,
      "val_acc1": 89.8972452309237,
      "ema_acc1": 90.84509914658635,
      "best_val_acc1": 93.01691139558233,
      "best_ema_acc1": 90.84509914658635,
      "epochs_completed": 46,
      "nas_rank": 2,
      "val_rank": 8,
      "ema_rank": 5,
      "best_rank": 8
    },
    {
      "arch_index": 13,
      "nas_quant_acc1": 81.25,
      "val_acc1": 89.89504894578313,
      "ema_acc1": 90.83098017068274,
      "best_val_acc1": 93.02993222891565,
      "best_ema_acc1": 90.83098017068274,
      "epochs_completed": 46,
      "nas_rank": 1,
      "val_rank": 9,
      "ema_rank": 6,
      "best_rank": 7
    },
    {
      "arch_index": 14,
      "nas_quant_acc1": 85.5,
      "val_acc1": 91.63717369477912,
      "ema_acc1": 91.70180722891565,
      "best_val_acc1": 93.56974774096385,
      "best_ema_acc1": 91.70180722891565,
      "epochs_completed": 46,
      "nas_rank": 0,
      "val_rank": 0,
      "ema_rank": 1,
      "best_rank": 1
    }
  ],
  "timestamp": "2026-06-03T18:31:26.428088"
}