{
  "cycle": 87,
  "completed_arch_indices": [
    0,
    1,
    2,
    3,
    4,
    5,
    6,
    7,
    8,
    9,
    10,
    11,
    12,
    13,
    14
  ],
  "cycle_val_results": {
    "0": [
      93.77917921686748,
      89.30644452811245,
      95.42419678714859,
      92.39081325301206
    ],
    "1": [
      89.90210843373494,
      90.08989081325302,
      91.75169427710844,
      90.08989081325302
    ],
    "2": [
      90.81419427710844,
      90.68665286144578,
      92.13416164658635,
      90.68665286144578
    ],
    "3": [
      92.09400100401606,
      91.99909011044177,
      92.80528363453816,
      92.0121109437751
    ],
    "4": [
      91.24874497991968,
      91.71372991967873,
      92.63491465863453,
      91.71969126506023
    ],
    "5": [
      92.82646209839358,
      92.36477158634538,
      93.6750125502008,
      92.42391440763052
    ],
    "6": [
      92.13416164658635,
      92.4417984437751,
      93.76019703815261,
      92.4417984437751
    ],
    "7": [
      91.9117093373494,
      92.34955446787149,
      93.70042670682732,
      92.36257530120481
    ],
    "8": [
      92.15910517068274,
      92.42171812248995,
      93.43247991967873,
      92.47380145582329
    ],
    "9": [
      92.11627761044177,
      91.50696536144578,
      94.00649472891565,
      91.50696536144578
    ],
    "10": [
      92.13525978915662,
      92.07721511044177,
      93.43138177710844,
      92.07721511044177
    ],
    "11": [
      92.63114959839358,
      92.61812876506023,
      93.72709588353413,
      92.61812876506023
    ],
    "12": [
      91.9898343373494,
      92.44995607429719,
      93.39341741967873,
      92.44995607429719
    ],
    "13": [
      92.26436997991968,
      92.4417984437751,
      93.55186370481927,
      92.44289658634538
    ],
    "14": [
      92.7542984437751,
      92.71633408634538,
      94.20290537148594,
      92.71633408634538
    ]
  }
}