{
  "cycle": 129,
  "completed_arch_indices": [
    0,
    1,
    2,
    3,
    4,
    5,
    6,
    7,
    8,
    9,
    10,
    11,
    12,
    13,
    14
  ],
  "cycle_val_results": {
    "0": [
      95.48820281124497,
      93.39671184738955,
      95.79583960843372,
      93.39671184738955
    ],
    "1": [
      91.88190261044177,
      91.67843247991968,
      92.26546812248995,
      91.69851280120481
    ],
    "2": [
      92.40759914658635,
      92.54596511044177,
      92.76998619477912,
      92.54596511044177
    ],
    "3": [
      93.4015750502008,
      93.46667921686748,
      93.49272088353413,
      93.46667921686748
    ],
    "4": [
      93.03965863453816,
      92.95070908634538,
      93.22414658634538,
      93.02177459839358
    ],
    "5": [
      93.96256902610442,
      94.01355421686748,
      94.22784889558233,
      94.01355421686748
    ],
    "6": [
      93.77102158634538,
      93.89040537148594,
      94.11772088353413,
      93.89040537148594
    ],
    "7": [
      93.70481927710844,
      93.60065261044177,
      93.95817645582329,
      93.66575677710844
    ],
    "8": [
      93.75800075301206,
      93.56268825301206,
      93.75800075301206,
      93.56268825301206
    ],
    "9": [
      93.87628639558233,
      94.10250376506023,
      94.33091741967873,
      94.10250376506023
    ],
    "10": [
      93.65163780120481,
      93.69289658634538,
      94.21263177710844,
      93.73195908634538
    ],
    "11": [
      93.76506024096385,
      93.83612575301206,
      94.0894829317269,
      93.85620607429719
    ],
    "12": [
      93.76286395582329,
      93.71893825301206,
      93.90828940763052,
      93.7531375502008
    ],
    "13": [
      93.4797000502008,
      93.74717620481927,
      93.96256902610442,
      93.74717620481927
    ],
    "14": [
      94.11772088353413,
      94.06453940763052,
      94.35209588353413,
      94.08461972891565
    ]
  }
}