{
  "cycle": 129,
  "n_archs": 15,
  "spearman_r": 0.28571428571428564,
  "spearman_p": 0.3019363513225493,
  "pearson_r": -0.42288699775756816,
  "pearson_p": 0.11630104272188219,
  "kendall_tau": 0.21904761904761905,
  "kendall_p": 0.2815660702955676,
  "bootstrap_ci_spearman": [
    -0.4119399023147165,
    0.8625740137484412
  ],
  "spearman_r_ema": 0.7,
  "spearman_p_ema": 0.0036660678988013817,
  "pearson_r_ema": 0.29626915865489645,
  "pearson_p_ema": 0.28362677684410725,
  "kendall_tau_ema": 0.5238095238095238,
  "kendall_p_ema": 0.005901586283902752,
  "bootstrap_ci_spearman_ema": [
    0.21930212909766822,
    0.9130434782608698
  ],
  "spearman_r_best": 0.3428571428571428,
  "spearman_p_best": 0.21092379341475206,
  "pearson_r_best": -0.42844128018390015,
  "pearson_p_best": 0.11108055747302135,
  "kendall_tau_best": 0.2761904761904762,
  "kendall_p_best": 0.16857787367749338,
  "bootstrap_ci_spearman_best": [
    -0.3126198795997237,
    0.8866596498485435
  ],
  "mean_val_acc1": 93.60457454819276,
  "std_val_acc1": 0.7974944011723184,
  "mean_ema_acc1": 93.48453187751005,
  "mean_best_val_acc1": 93.89772632195448,
  "per_arch": [
    {
      "arch_index": 0,
      "nas_quant_acc1": 10.0,
      "val_acc1": 95.48820281124497,
      "ema_acc1": 93.39671184738955,
      "best_val_acc1": 95.79583960843372,
      "best_ema_acc1": 93.39671184738955,
      "epochs_completed": 130,
      "nas_rank": 14,
      "val_rank": 0,
      "ema_rank": 11,
      "best_rank": 0
    },
    {
      "arch_index": 1,
      "nas_quant_acc1": 63.5,
      "val_acc1": 91.88190261044177,
      "ema_acc1": 91.67843247991968,
      "best_val_acc1": 92.26546812248995,
      "best_ema_acc1": 91.69851280120481,
      "epochs_completed": 130,
      "nas_rank": 13,
      "val_rank": 14,
      "ema_rank": 14,
      "best_rank": 14
    },
    {
      "arch_index": 2,
      "nas_quant_acc1": 68.25,
      "val_acc1": 92.40759914658635,
      "ema_acc1": 92.54596511044177,
      "best_val_acc1": 92.76998619477912,
      "best_ema_acc1": 92.54596511044177,
      "epochs_completed": 130,
      "nas_rank": 12,
      "val_rank": 13,
      "ema_rank": 13,
      "best_rank": 13
    },
    {
      "arch_index": 3,
      "nas_quant_acc1": 71.5,
      "val_acc1": 93.4015750502008,
      "ema_acc1": 93.46667921686748,
      "best_val_acc1": 93.49272088353413,
      "best_ema_acc1": 93.46667921686748,
      "epochs_completed": 130,
      "nas_rank": 11,
      "val_rank": 11,
      "ema_rank": 10,
      "best_rank": 11
    },
    {
      "arch_index": 4,
      "nas_quant_acc1": 74.0,
      "val_acc1": 93.03965863453816,
      "ema_acc1": 92.95070908634538,
      "best_val_acc1": 93.22414658634538,
      "best_ema_acc1": 93.02177459839358,
      "epochs_completed": 130,
      "nas_rank": 10,
      "val_rank": 12,
      "ema_rank": 12,
      "best_rank": 12
    },
    {
      "arch_index": 5,
      "nas_quant_acc1": 75.5,
      "val_acc1": 93.96256902610442,
      "ema_acc1": 94.01355421686748,
      "best_val_acc1": 94.22784889558233,
      "best_ema_acc1": 94.01355421686748,
      "epochs_completed": 130,
      "nas_rank": 9,
      "val_rank": 2,
      "ema_rank": 2,
      "best_rank": 3
    },
    {
      "arch_index": 6,
      "nas_quant_acc1": 76.5,
      "val_acc1": 93.77102158634538,
      "ema_acc1": 93.89040537148594,
      "best_val_acc1": 94.11772088353413,
      "best_ema_acc1": 93.89040537148594,
      "epochs_completed": 130,
      "nas_rank": 8,
      "val_rank": 4,
      "ema_rank": 3,
      "best_rank": 5
    },
    {
      "arch_index": 7,
      "nas_quant_acc1": 77.25,
      "val_acc1": 93.70481927710844,
      "ema_acc1": 93.60065261044177,
      "best_val_acc1": 93.95817645582329,
      "best_ema_acc1": 93.66575677710844,
      "epochs_completed": 130,
      "nas_rank": 7,
      "val_rank": 8,
      "ema_rank": 8,
      "best_rank": 8
    },
    {
      "arch_index": 8,
      "nas_quant_acc1": 78.0,
      "val_acc1": 93.75800075301206,
      "ema_acc1": 93.56268825301206,
      "best_val_acc1": 93.75800075301206,
      "best_ema_acc1": 93.56268825301206,
      "epochs_completed": 130,
      "nas_rank": 6,
      "val_rank": 7,
      "ema_rank": 9,
      "best_rank": 10
    },
    {
      "arch_index": 9,
      "nas_quant_acc1": 78.5,
      "val_acc1": 93.87628639558233,
      "ema_acc1": 94.10250376506023,
      "best_val_acc1": 94.33091741967873,
      "best_ema_acc1": 94.10250376506023,
      "epochs_completed": 130,
      "nas_rank": 5,
      "val_rank": 3,
      "ema_rank": 0,
      "best_rank": 2
    },
    {
      "arch_index": 10,
      "nas_quant_acc1": 79.0,
      "val_acc1": 93.65163780120481,
      "ema_acc1": 93.69289658634538,
      "best_val_acc1": 94.21263177710844,
      "best_ema_acc1": 93.73195908634538,
      "epochs_completed": 130,
      "nas_rank": 4,
      "val_rank": 9,
      "ema_rank": 7,
      "best_rank": 4
    },
    {
      "arch_index": 11,
      "nas_quant_acc1": 79.75,
      "val_acc1": 93.76506024096385,
      "ema_acc1": 93.83612575301206,
      "best_val_acc1": 94.0894829317269,
      "best_ema_acc1": 93.85620607429719,
      "epochs_completed": 130,
      "nas_rank": 3,
      "val_rank": 5,
      "ema_rank": 4,
      "best_rank": 6
    },
    {
      "arch_index": 12,
      "nas_quant_acc1": 80.25,
      "val_acc1": 93.76286395582329,
      "ema_acc1": 93.71893825301206,
      "best_val_acc1": 93.90828940763052,
      "best_ema_acc1": 93.7531375502008,
      "epochs_completed": 130,
      "nas_rank": 2,
      "val_rank": 6,
      "ema_rank": 6,
      "best_rank": 9
    },
    {
      "arch_index": 13,
      "nas_quant_acc1": 81.25,
      "val_acc1": 93.4797000502008,
      "ema_acc1": 93.74717620481927,
      "best_val_acc1": 93.96256902610442,
      "best_ema_acc1": 93.74717620481927,
      "epochs_completed": 130,
      "nas_rank": 1,
      "val_rank": 10,
      "ema_rank": 5,
      "best_rank": 7
    },
    {
      "arch_index": 14,
      "nas_quant_acc1": 85.5,
      "val_acc1": 94.11772088353413,
      "ema_acc1": 94.06453940763052,
      "best_val_acc1": 94.35209588353413,
      "best_ema_acc1": 94.08461972891565,
      "epochs_completed": 130,
      "nas_rank": 0,
      "val_rank": 1,
      "ema_rank": 1,
      "best_rank": 1
    }
  ],
  "timestamp": "2026-06-04T07:39:42.058568"
}