{
  "cycle": 65,
  "completed_arch_indices": [
    0,
    1,
    2,
    3,
    4,
    5,
    6,
    7,
    8,
    9,
    10,
    11,
    12,
    13,
    14
  ],
  "cycle_val_results": {
    "0": [
      92.63224774096385,
      90.91726280120481,
      95.23484563253012,
      92.39081325301206
    ],
    "1": [
      88.46605170682732,
      89.39272715863453,
      91.75169427710844,
      89.39272715863453
    ],
    "2": [
      88.63579317269075,
      89.95748619477912,
      92.13416164658635,
      89.95748619477912
    ],
    "3": [
      90.7956827309237,
      91.39307228915662,
      92.78630145582329,
      91.45817645582329
    ],
    "4": [
      87.89690010040161,
      91.22270331325302,
      92.54596511044177,
      91.22270331325302
    ],
    "5": [
      91.65725401606427,
      92.10215863453816,
      93.59092620481927,
      92.20632530120481
    ],
    "6": [
      90.148406124498,
      91.70447414658635,
      93.66089357429719,
      91.70447414658635
    ],
    "7": [
      90.95789407630521,
      92.05007530120481,
      93.51436997991968,
      92.05007530120481
    ],
    "8": [
      90.6687688253012,
      91.93994728915662,
      93.18288780120481,
      91.93994728915662
    ],
    "9": [
      91.33989081325302,
      90.12456074297188,
      93.61696787148594,
      90.14464106425703
    ],
    "10": [
      89.49956074297188,
      91.65239081325302,
      93.3792984437751,
      91.65239081325302
    ],
    "11": [
      91.04041164658635,
      92.01697414658635,
      93.38855421686748,
      92.01697414658635
    ],
    "12": [
      90.80164407630521,
      91.8167984437751,
      93.32125376506023,
      91.8167984437751
    ],
    "13": [
      90.72351907630521,
      91.9339859437751,
      93.23606927710844,
      91.96002761044177
    ],
    "14": [
      90.65841490963855,
      92.18953940763052,
      93.70215235943776,
      92.24162274096385
    ]
  }
}