{
  "cycle": 65,
  "n_archs": 15,
  "spearman_r": 0.10357142857142855,
  "spearman_p": 0.7133796306287292,
  "pearson_r": -0.30644354667888574,
  "pearson_p": 0.266618518793863,
  "kendall_tau": 0.04761904761904762,
  "kendall_p": 0.845841042458974,
  "bootstrap_ci_spearman": [
    -0.539319045915799,
    0.6691449814126395
  ],
  "spearman_r_ema": 0.6321428571428571,
  "spearman_p_ema": 0.011457541540078888,
  "pearson_r_ema": 0.36108024193776855,
  "pearson_p_ema": 0.18607499919377787,
  "kendall_tau_ema": 0.4666666666666667,
  "kendall_p_ema": 0.015510823225067603,
  "bootstrap_ci_spearman_ema": [
    0.10507246376811596,
    0.902355220294945
  ],
  "spearman_r_best": 0.27499999999999997,
  "spearman_p_best": 0.3212111733193767,
  "pearson_r_best": -0.4611613189559848,
  "pearson_p_best": 0.0835942278418149,
  "kendall_tau_best": 0.20000000000000004,
  "kendall_p_best": 0.3282335876694342,
  "bootstrap_ci_spearman_best": [
    -0.3933823529411765,
    0.8461678832116785
  ],
  "mean_val_acc1": 90.39482931726907,
  "std_val_acc1": 1.273962539129857,
  "mean_ema_acc1": 91.3609437751004,
  "mean_best_val_acc1": 93.26975610776441,
  "per_arch": [
    {
      "arch_index": 0,
      "nas_quant_acc1": 10.0,
      "val_acc1": 92.63224774096385,
      "ema_acc1": 90.91726280120481,
      "best_val_acc1": 95.23484563253012,
      "best_ema_acc1": 92.39081325301206,
      "epochs_completed": 66,
      "nas_rank": 14,
      "val_rank": 0,
      "ema_rank": 11,
      "best_rank": 0
    },
    {
      "arch_index": 1,
      "nas_quant_acc1": 63.5,
      "val_acc1": 88.46605170682732,
      "ema_acc1": 89.39272715863453,
      "best_val_acc1": 91.75169427710844,
      "best_ema_acc1": 89.39272715863453,
      "epochs_completed": 66,
      "nas_rank": 13,
      "val_rank": 13,
      "ema_rank": 14,
      "best_rank": 14
    },
    {
      "arch_index": 2,
      "nas_quant_acc1": 68.25,
      "val_acc1": 88.63579317269075,
      "ema_acc1": 89.95748619477912,
      "best_val_acc1": 92.13416164658635,
      "best_ema_acc1": 89.95748619477912,
      "epochs_completed": 66,
      "nas_rank": 12,
      "val_rank": 12,
      "ema_rank": 13,
      "best_rank": 13
    },
    {
      "arch_index": 3,
      "nas_quant_acc1": 71.5,
      "val_acc1": 90.7956827309237,
      "ema_acc1": 91.39307228915662,
      "best_val_acc1": 92.78630145582329,
      "best_ema_acc1": 91.45817645582329,
      "epochs_completed": 66,
      "nas_rank": 11,
      "val_rank": 6,
      "ema_rank": 9,
      "best_rank": 11
    },
    {
      "arch_index": 4,
      "nas_quant_acc1": 74.0,
      "val_acc1": 87.89690010040161,
      "ema_acc1": 91.22270331325302,
      "best_val_acc1": 92.54596511044177,
      "best_ema_acc1": 91.22270331325302,
      "epochs_completed": 66,
      "nas_rank": 10,
      "val_rank": 14,
      "ema_rank": 10,
      "best_rank": 12
    },
    {
      "arch_index": 5,
      "nas_quant_acc1": 75.5,
      "val_acc1": 91.65725401606427,
      "ema_acc1": 92.10215863453816,
      "best_val_acc1": 93.59092620481927,
      "best_ema_acc1": 92.20632530120481,
      "epochs_completed": 66,
      "nas_rank": 9,
      "val_rank": 1,
      "ema_rank": 1,
      "best_rank": 4
    },
    {
      "arch_index": 6,
      "nas_quant_acc1": 76.5,
      "val_acc1": 90.148406124498,
      "ema_acc1": 91.70447414658635,
      "best_val_acc1": 93.66089357429719,
      "best_ema_acc1": 91.70447414658635,
      "epochs_completed": 66,
      "nas_rank": 8,
      "val_rank": 10,
      "ema_rank": 7,
      "best_rank": 2
    },
    {
      "arch_index": 7,
      "nas_quant_acc1": 77.25,
      "val_acc1": 90.95789407630521,
      "ema_acc1": 92.05007530120481,
      "best_val_acc1": 93.51436997991968,
      "best_ema_acc1": 92.05007530120481,
      "epochs_completed": 66,
      "nas_rank": 7,
      "val_rank": 4,
      "ema_rank": 2,
      "best_rank": 5
    },
    {
      "arch_index": 8,
      "nas_quant_acc1": 78.0,
      "val_acc1": 90.6687688253012,
      "ema_acc1": 91.93994728915662,
      "best_val_acc1": 93.18288780120481,
      "best_ema_acc1": 91.93994728915662,
      "epochs_completed": 66,
      "nas_rank": 6,
      "val_rank": 8,
      "ema_rank": 4,
      "best_rank": 10
    },
    {
      "arch_index": 9,
      "nas_quant_acc1": 78.5,
      "val_acc1": 91.33989081325302,
      "ema_acc1": 90.12456074297188,
      "best_val_acc1": 93.61696787148594,
      "best_ema_acc1": 90.14464106425703,
      "epochs_completed": 66,
      "nas_rank": 5,
      "val_rank": 2,
      "ema_rank": 12,
      "best_rank": 3
    },
    {
      "arch_index": 10,
      "nas_quant_acc1": 79.0,
      "val_acc1": 89.49956074297188,
      "ema_acc1": 91.65239081325302,
      "best_val_acc1": 93.3792984437751,
      "best_ema_acc1": 91.65239081325302,
      "epochs_completed": 66,
      "nas_rank": 4,
      "val_rank": 11,
      "ema_rank": 8,
      "best_rank": 7
    },
    {
      "arch_index": 11,
      "nas_quant_acc1": 79.75,
      "val_acc1": 91.04041164658635,
      "ema_acc1": 92.01697414658635,
      "best_val_acc1": 93.38855421686748,
      "best_ema_acc1": 92.01697414658635,
      "epochs_completed": 66,
      "nas_rank": 3,
      "val_rank": 3,
      "ema_rank": 3,
      "best_rank": 6
    },
    {
      "arch_index": 12,
      "nas_quant_acc1": 80.25,
      "val_acc1": 90.80164407630521,
      "ema_acc1": 91.8167984437751,
      "best_val_acc1": 93.32125376506023,
      "best_ema_acc1": 91.8167984437751,
      "epochs_completed": 66,
      "nas_rank": 2,
      "val_rank": 5,
      "ema_rank": 6,
      "best_rank": 8
    },
    {
      "arch_index": 13,
      "nas_quant_acc1": 81.25,
      "val_acc1": 90.72351907630521,
      "ema_acc1": 91.9339859437751,
      "best_val_acc1": 93.23606927710844,
      "best_ema_acc1": 91.96002761044177,
      "epochs_completed": 66,
      "nas_rank": 1,
      "val_rank": 7,
      "ema_rank": 5,
      "best_rank": 9
    },
    {
      "arch_index": 14,
      "nas_quant_acc1": 85.5,
      "val_acc1": 90.65841490963855,
      "ema_acc1": 92.18953940763052,
      "best_val_acc1": 93.70215235943776,
      "best_ema_acc1": 92.24162274096385,
      "epochs_completed": 66,
      "nas_rank": 0,
      "val_rank": 9,
      "ema_rank": 0,
      "best_rank": 1
    }
  ],
  "timestamp": "2026-06-03T21:34:01.837263"
}