{
  "cycle": 17,
  "completed_arch_indices": [
    0,
    1,
    2,
    3,
    4,
    5,
    6,
    7,
    8,
    9,
    10,
    11,
    12,
    13,
    14
  ],
  "cycle_val_results": {
    "0": [
      91.71749497991968,
      83.4621297690763,
      92.65499497991968,
      83.4621297690763
    ],
    "1": [
      87.3581827309237,
      70.16581952811245,
      87.45528990963855,
      70.16581952811245
    ],
    "2": [
      87.93109939759036,
      73.80098519076304,
      87.93109939759036,
      73.80098519076304
    ],
    "3": [
      89.85928087349399,
      78.18696661646587,
      89.85928087349399,
      78.18696661646587
    ],
    "4": [
      89.76923318273093,
      77.81312751004016,
      89.76923318273093,
      77.81312751004016
    ],
    "5": [
      91.28074799196787,
      80.74720758032127,
      91.28074799196787,
      80.74720758032127
    ],
    "6": [
      90.1468373493976,
      79.2378890562249,
      90.22166792168674,
      79.2378890562249
    ],
    "7": [
      90.92102786144578,
      79.08430597389558,
      90.92102786144578,
      79.08430597389558
    ],
    "8": [
      90.32206952811245,
      77.23801455823293,
      90.32206952811245,
      77.23801455823293
    ],
    "9": [
      91.08276857429719,
      39.252635542168676,
      91.08276857429719,
      39.252635542168676
    ],
    "10": [
      90.23092369477912,
      79.0512048192771,
      90.38607555220884,
      79.0512048192771
    ],
    "11": [
      91.28184613453816,
      80.13365963855422,
      91.28184613453816,
      80.13365963855422
    ],
    "12": [
      90.46749497991968,
      78.77400225903615,
      90.46749497991968,
      78.77400225903615
    ],
    "13": [
      90.42953062248995,
      77.40022590361446,
      90.42953062248995,
      77.40022590361446
    ],
    "14": [
      89.7952748493976,
      80.75207078313252,
      90.70563504016064,
      80.75207078313252
    ]
  }
}