{
  "cycle": 17,
  "n_archs": 15,
  "spearman_r": 0.21071428571428572,
  "spearman_p": 0.450957865215285,
  "pearson_r": -0.1368163714737744,
  "pearson_p": 0.6268149185673606,
  "kendall_tau": 0.18095238095238098,
  "kendall_p": 0.3794503959627968,
  "bootstrap_ci_spearman": [
    -0.47132769194480467,
    0.8391298255914812
  ],
  "spearman_r_ema": 0.12142857142857141,
  "spearman_p_ema": 0.6664011137233894,
  "pearson_r_ema": -0.16354910905749787,
  "pearson_p_ema": 0.5602869288934154,
  "kendall_tau_ema": 0.08571428571428572,
  "kendall_p_ema": 0.6971814254173712,
  "bootstrap_ci_spearman_ema": [
    -0.4972067039106145,
    0.7127337056609814
  ],
  "spearman_r_best": 0.3321428571428571,
  "spearman_p_best": 0.2264717590707243,
  "pearson_r_best": -0.2673588545416288,
  "pearson_p_best": 0.3353780501206221,
  "kendall_tau_best": 0.3142857142857143,
  "kendall_p_best": 0.11424717239544455,
  "bootstrap_ci_spearman_best": [
    -0.3272684889173061,
    0.8913092617344132
  ],
  "mean_val_acc1": 90.17292085006693,
  "std_val_acc1": 1.1880827701239978,
  "mean_ema_acc1": 75.6733496485944,
  "mean_best_val_acc1": 90.3179175033467,
  "per_arch": [
    {
      "arch_index": 0,
      "nas_quant_acc1": 10.0,
      "val_acc1": 91.71749497991968,
      "ema_acc1": 83.4621297690763,
      "best_val_acc1": 92.65499497991968,
      "best_ema_acc1": 83.4621297690763,
      "epochs_completed": 18,
      "nas_rank": 14,
      "val_rank": 0,
      "ema_rank": 0,
      "best_rank": 0
    },
    {
      "arch_index": 1,
      "nas_quant_acc1": 63.5,
      "val_acc1": 87.3581827309237,
      "ema_acc1": 70.16581952811245,
      "best_val_acc1": 87.45528990963855,
      "best_ema_acc1": 70.16581952811245,
      "epochs_completed": 18,
      "nas_rank": 13,
      "val_rank": 14,
      "ema_rank": 13,
      "best_rank": 14
    },
    {
      "arch_index": 2,
      "nas_quant_acc1": 68.25,
      "val_acc1": 87.93109939759036,
      "ema_acc1": 73.80098519076304,
      "best_val_acc1": 87.93109939759036,
      "best_ema_acc1": 73.80098519076304,
      "epochs_completed": 18,
      "nas_rank": 12,
      "val_rank": 13,
      "ema_rank": 12,
      "best_rank": 13
    },
    {
      "arch_index": 3,
      "nas_quant_acc1": 71.5,
      "val_acc1": 89.85928087349399,
      "ema_acc1": 78.18696661646587,
      "best_val_acc1": 89.85928087349399,
      "best_ema_acc1": 78.18696661646587,
      "epochs_completed": 18,
      "nas_rank": 11,
      "val_rank": 10,
      "ema_rank": 8,
      "best_rank": 11
    },
    {
      "arch_index": 4,
      "nas_quant_acc1": 74.0,
      "val_acc1": 89.76923318273093,
      "ema_acc1": 77.81312751004016,
      "best_val_acc1": 89.76923318273093,
      "best_ema_acc1": 77.81312751004016,
      "epochs_completed": 18,
      "nas_rank": 10,
      "val_rank": 12,
      "ema_rank": 9,
      "best_rank": 12
    },
    {
      "arch_index": 5,
      "nas_quant_acc1": 75.5,
      "val_acc1": 91.28074799196787,
      "ema_acc1": 80.74720758032127,
      "best_val_acc1": 91.28074799196787,
      "best_ema_acc1": 80.74720758032127,
      "epochs_completed": 18,
      "nas_rank": 9,
      "val_rank": 2,
      "ema_rank": 2,
      "best_rank": 2
    },
    {
      "arch_index": 6,
      "nas_quant_acc1": 76.5,
      "val_acc1": 90.1468373493976,
      "ema_acc1": 79.2378890562249,
      "best_val_acc1": 90.22166792168674,
      "best_ema_acc1": 79.2378890562249,
      "epochs_completed": 18,
      "nas_rank": 8,
      "val_rank": 9,
      "ema_rank": 4,
      "best_rank": 10
    },
    {
      "arch_index": 7,
      "nas_quant_acc1": 77.25,
      "val_acc1": 90.92102786144578,
      "ema_acc1": 79.08430597389558,
      "best_val_acc1": 90.92102786144578,
      "best_ema_acc1": 79.08430597389558,
      "epochs_completed": 18,
      "nas_rank": 7,
      "val_rank": 4,
      "ema_rank": 5,
      "best_rank": 4
    },
    {
      "arch_index": 8,
      "nas_quant_acc1": 78.0,
      "val_acc1": 90.32206952811245,
      "ema_acc1": 77.23801455823293,
      "best_val_acc1": 90.32206952811245,
      "best_ema_acc1": 77.23801455823293,
      "epochs_completed": 18,
      "nas_rank": 6,
      "val_rank": 7,
      "ema_rank": 11,
      "best_rank": 9
    },
    {
      "arch_index": 9,
      "nas_quant_acc1": 78.5,
      "val_acc1": 91.08276857429719,
      "ema_acc1": 39.252635542168676,
      "best_val_acc1": 91.08276857429719,
      "best_ema_acc1": 39.252635542168676,
      "epochs_completed": 18,
      "nas_rank": 5,
      "val_rank": 3,
      "ema_rank": 14,
      "best_rank": 3
    },
    {
      "arch_index": 10,
      "nas_quant_acc1": 79.0,
      "val_acc1": 90.23092369477912,
      "ema_acc1": 79.0512048192771,
      "best_val_acc1": 90.38607555220884,
      "best_ema_acc1": 79.0512048192771,
      "epochs_completed": 18,
      "nas_rank": 4,
      "val_rank": 8,
      "ema_rank": 6,
      "best_rank": 8
    },
    {
      "arch_index": 11,
      "nas_quant_acc1": 79.75,
      "val_acc1": 91.28184613453816,
      "ema_acc1": 80.13365963855422,
      "best_val_acc1": 91.28184613453816,
      "best_ema_acc1": 80.13365963855422,
      "epochs_completed": 18,
      "nas_rank": 3,
      "val_rank": 1,
      "ema_rank": 3,
      "best_rank": 1
    },
    {
      "arch_index": 12,
      "nas_quant_acc1": 80.25,
      "val_acc1": 90.46749497991968,
      "ema_acc1": 78.77400225903615,
      "best_val_acc1": 90.46749497991968,
      "best_ema_acc1": 78.77400225903615,
      "epochs_completed": 18,
      "nas_rank": 2,
      "val_rank": 5,
      "ema_rank": 7,
      "best_rank": 6
    },
    {
      "arch_index": 13,
      "nas_quant_acc1": 81.25,
      "val_acc1": 90.42953062248995,
      "ema_acc1": 77.40022590361446,
      "best_val_acc1": 90.42953062248995,
      "best_ema_acc1": 77.40022590361446,
      "epochs_completed": 18,
      "nas_rank": 1,
      "val_rank": 6,
      "ema_rank": 10,
      "best_rank": 7
    },
    {
      "arch_index": 14,
      "nas_quant_acc1": 85.5,
      "val_acc1": 89.7952748493976,
      "ema_acc1": 80.75207078313252,
      "best_val_acc1": 90.70563504016064,
      "best_ema_acc1": 80.75207078313252,
      "epochs_completed": 18,
      "nas_rank": 0,
      "val_rank": 11,
      "ema_rank": 1,
      "best_rank": 5
    }
  ],
  "timestamp": "2026-06-03T14:20:12.424603"
}