{
  "cycle": 34,
  "completed_arch_indices": [
    0,
    1,
    2,
    3,
    4,
    5,
    6,
    7,
    8,
    9,
    10,
    11,
    12,
    13,
    14
  ],
  "cycle_val_results": {
    "0": [
      91.1695218373494,
      91.43433107429719,
      94.50944402610442,
      91.43433107429719
    ],
    "1": [
      87.09227535140562,
      85.2980672690763,
      90.47455446787149,
      85.2980672690763
    ],
    "2": [
      87.23989708835342,
      86.27196285140562,
      90.9671498493976,
      86.27196285140562
    ],
    "3": [
      88.81541792168674,
      88.53821536144578,
      92.05980170682732,
      88.53821536144578
    ],
    "4": [
      88.75251004016064,
      88.29787901606427,
      91.61928965863453,
      88.29787901606427
    ],
    "5": [
      90.6297063253012,
      90.03780747991968,
      93.12703940763052,
      90.03780747991968
    ],
    "6": [
      89.21200426706828,
      89.4284952309237,
      92.67507530120481,
      89.4284952309237
    ],
    "7": [
      89.74476029116467,
      89.29828689759036,
      92.55302459839358,
      89.29828689759036
    ],
    "8": [
      89.83214106425703,
      89.02594754016064,
      92.53184613453816,
      89.02594754016064
    ],
    "9": [
      89.3015813253012,
      79.63071034136547,
      92.57200677710844,
      79.63071034136547
    ],
    "10": [
      90.11373619477912,
      89.06877510040161,
      92.90678338353413,
      89.06877510040161
    ],
    "11": [
      90.13648343373494,
      89.71338478915662,
      92.71037274096385,
      89.71338478915662
    ],
    "12": [
      89.85928087349399,
      89.47571536144578,
      92.47380145582329,
      89.47571536144578
    ],
    "13": [
      88.70528990963855,
      89.13011420682732,
      92.47003639558233,
      89.13011420682732
    ],
    "14": [
      89.33138805220884,
      90.47784889558233,
      93.25128639558233,
      90.47784889558233
    ]
  }
}