{
  "cycle": 18,
  "completed_arch_indices": [
    0,
    1,
    2,
    3,
    4,
    5,
    6,
    7,
    8,
    9,
    10,
    11,
    12,
    13,
    14
  ],
  "cycle_val_results": {
    "0": [
      93.48566139558233,
      84.58521586345381,
      93.48566139558233,
      84.58521586345381
    ],
    "1": [
      88.35749246987953,
      71.91280747991968,
      88.35749246987953,
      71.91280747991968
    ],
    "2": [
      88.94186119477912,
      75.58217243975903,
      88.94186119477912,
      75.58217243975903
    ],
    "3": [
      90.1218938253012,
      79.6675765562249,
      90.1218938253012,
      79.6675765562249
    ],
    "4": [
      90.0047063253012,
      79.39084462851406,
      90.0047063253012,
      79.39084462851406
    ],
    "5": [
      91.57536395582329,
      81.96143950803213,
      91.57536395582329,
      81.96143950803213
    ],
    "6": [
      91.25251004016064,
      80.78956450803213,
      91.25251004016064,
      80.78956450803213
    ],
    "7": [
      91.25847138554217,
      80.40866591365462,
      91.25847138554217,
      80.40866591365462
    ],
    "8": [
      90.75175702811245,
      79.32354417670682,
      90.75175702811245,
      79.32354417670682
    ],
    "9": [
      91.76471511044177,
      42.223111194779115,
      91.76471511044177,
      42.223111194779115
    ],
    "10": [
      91.69851280120481,
      80.53667796184739,
      91.69851280120481,
      80.53667796184739
    ],
    "11": [
      91.61442645582329,
      81.60124874497993,
      91.61442645582329,
      81.60124874497993
    ],
    "12": [
      91.1527359437751,
      80.29477284136547,
      91.1527359437751,
      80.29477284136547
    ],
    "13": [
      90.75018825301206,
      79.13419302208835,
      90.75018825301206,
      79.13419302208835
    ],
    "14": [
      91.56453940763052,
      82.46815386546184,
      91.56453940763052,
      82.46815386546184
    ]
  }
}