{
  "cycle": 18,
  "n_archs": 15,
  "spearman_r": 0.28571428571428564,
  "spearman_p": 0.3019363513225493,
  "pearson_r": -0.32510941540677946,
  "pearson_p": 0.23705836392586424,
  "kendall_tau": 0.21904761904761905,
  "kendall_p": 0.2815660702955676,
  "bootstrap_ci_spearman": [
    -0.36650226017076853,
    0.8427840899383211
  ],
  "spearman_r_ema": 0.11428571428571425,
  "spearman_p_ema": 0.6850657626568972,
  "pearson_r_ema": -0.15539809815677444,
  "pearson_p_ema": 0.5802504165905603,
  "kendall_tau_ema": 0.08571428571428572,
  "kendall_p_ema": 0.6971814254173712,
  "bootstrap_ci_spearman_ema": [
    -0.5163824733824735,
    0.7211800121424704
  ],
  "spearman_r_best": 0.28571428571428564,
  "spearman_p_best": 0.3019363513225493,
  "pearson_r_best": -0.32510941540677946,
  "pearson_p_best": 0.23705836392586424,
  "kendall_tau_best": 0.21904761904761905,
  "kendall_p_best": 0.2815660702955676,
  "bootstrap_ci_spearman_best": [
    -0.36238495715645835,
    0.8514559910370313
  ],
  "mean_val_acc1": 90.9529890394913,
  "std_val_acc1": 1.2393468502835512,
  "mean_ema_acc1": 77.32533258032127,
  "mean_best_val_acc1": 90.9529890394913,
  "per_arch": [
    {
      "arch_index": 0,
      "nas_quant_acc1": 10.0,
      "val_acc1": 93.48566139558233,
      "ema_acc1": 84.58521586345381,
      "best_val_acc1": 93.48566139558233,
      "best_ema_acc1": 84.58521586345381,
      "epochs_completed": 19,
      "nas_rank": 14,
      "val_rank": 0,
      "ema_rank": 0,
      "best_rank": 0
    },
    {
      "arch_index": 1,
      "nas_quant_acc1": 63.5,
      "val_acc1": 88.35749246987953,
      "ema_acc1": 71.91280747991968,
      "best_val_acc1": 88.35749246987953,
      "best_ema_acc1": 71.91280747991968,
      "epochs_completed": 19,
      "nas_rank": 13,
      "val_rank": 14,
      "ema_rank": 13,
      "best_rank": 14
    },
    {
      "arch_index": 2,
      "nas_quant_acc1": 68.25,
      "val_acc1": 88.94186119477912,
      "ema_acc1": 75.58217243975903,
      "best_val_acc1": 88.94186119477912,
      "best_ema_acc1": 75.58217243975903,
      "epochs_completed": 19,
      "nas_rank": 12,
      "val_rank": 13,
      "ema_rank": 12,
      "best_rank": 13
    },
    {
      "arch_index": 3,
      "nas_quant_acc1": 71.5,
      "val_acc1": 90.1218938253012,
      "ema_acc1": 79.6675765562249,
      "best_val_acc1": 90.1218938253012,
      "best_ema_acc1": 79.6675765562249,
      "epochs_completed": 19,
      "nas_rank": 11,
      "val_rank": 11,
      "ema_rank": 8,
      "best_rank": 11
    },
    {
      "arch_index": 4,
      "nas_quant_acc1": 74.0,
      "val_acc1": 90.0047063253012,
      "ema_acc1": 79.39084462851406,
      "best_val_acc1": 90.0047063253012,
      "best_ema_acc1": 79.39084462851406,
      "epochs_completed": 19,
      "nas_rank": 10,
      "val_rank": 12,
      "ema_rank": 9,
      "best_rank": 12
    },
    {
      "arch_index": 5,
      "nas_quant_acc1": 75.5,
      "val_acc1": 91.57536395582329,
      "ema_acc1": 81.96143950803213,
      "best_val_acc1": 91.57536395582329,
      "best_ema_acc1": 81.96143950803213,
      "epochs_completed": 19,
      "nas_rank": 9,
      "val_rank": 4,
      "ema_rank": 2,
      "best_rank": 4
    },
    {
      "arch_index": 6,
      "nas_quant_acc1": 76.5,
      "val_acc1": 91.25251004016064,
      "ema_acc1": 80.78956450803213,
      "best_val_acc1": 91.25251004016064,
      "best_ema_acc1": 80.78956450803213,
      "epochs_completed": 19,
      "nas_rank": 8,
      "val_rank": 7,
      "ema_rank": 4,
      "best_rank": 7
    },
    {
      "arch_index": 7,
      "nas_quant_acc1": 77.25,
      "val_acc1": 91.25847138554217,
      "ema_acc1": 80.40866591365462,
      "best_val_acc1": 91.25847138554217,
      "best_ema_acc1": 80.40866591365462,
      "epochs_completed": 19,
      "nas_rank": 7,
      "val_rank": 6,
      "ema_rank": 6,
      "best_rank": 6
    },
    {
      "arch_index": 8,
      "nas_quant_acc1": 78.0,
      "val_acc1": 90.75175702811245,
      "ema_acc1": 79.32354417670682,
      "best_val_acc1": 90.75175702811245,
      "best_ema_acc1": 79.32354417670682,
      "epochs_completed": 19,
      "nas_rank": 6,
      "val_rank": 9,
      "ema_rank": 10,
      "best_rank": 9
    },
    {
      "arch_index": 9,
      "nas_quant_acc1": 78.5,
      "val_acc1": 91.76471511044177,
      "ema_acc1": 42.223111194779115,
      "best_val_acc1": 91.76471511044177,
      "best_ema_acc1": 42.223111194779115,
      "epochs_completed": 19,
      "nas_rank": 5,
      "val_rank": 1,
      "ema_rank": 14,
      "best_rank": 1
    },
    {
      "arch_index": 10,
      "nas_quant_acc1": 79.0,
      "val_acc1": 91.69851280120481,
      "ema_acc1": 80.53667796184739,
      "best_val_acc1": 91.69851280120481,
      "best_ema_acc1": 80.53667796184739,
      "epochs_completed": 19,
      "nas_rank": 4,
      "val_rank": 2,
      "ema_rank": 5,
      "best_rank": 2
    },
    {
      "arch_index": 11,
      "nas_quant_acc1": 79.75,
      "val_acc1": 91.61442645582329,
      "ema_acc1": 81.60124874497993,
      "best_val_acc1": 91.61442645582329,
      "best_ema_acc1": 81.60124874497993,
      "epochs_completed": 19,
      "nas_rank": 3,
      "val_rank": 3,
      "ema_rank": 3,
      "best_rank": 3
    },
    {
      "arch_index": 12,
      "nas_quant_acc1": 80.25,
      "val_acc1": 91.1527359437751,
      "ema_acc1": 80.29477284136547,
      "best_val_acc1": 91.1527359437751,
      "best_ema_acc1": 80.29477284136547,
      "epochs_completed": 19,
      "nas_rank": 2,
      "val_rank": 8,
      "ema_rank": 7,
      "best_rank": 8
    },
    {
      "arch_index": 13,
      "nas_quant_acc1": 81.25,
      "val_acc1": 90.75018825301206,
      "ema_acc1": 79.13419302208835,
      "best_val_acc1": 90.75018825301206,
      "best_ema_acc1": 79.13419302208835,
      "epochs_completed": 19,
      "nas_rank": 1,
      "val_rank": 10,
      "ema_rank": 11,
      "best_rank": 10
    },
    {
      "arch_index": 14,
      "nas_quant_acc1": 85.5,
      "val_acc1": 91.56453940763052,
      "ema_acc1": 82.46815386546184,
      "best_val_acc1": 91.56453940763052,
      "best_ema_acc1": 82.46815386546184,
      "epochs_completed": 19,
      "nas_rank": 0,
      "val_rank": 5,
      "ema_rank": 1,
      "best_rank": 5
    }
  ],
  "timestamp": "2026-06-03T14:24:50.762447"
}