{
  "cycle": 4,
  "completed_arch_indices": [
    0,
    1,
    2,
    3,
    4,
    5,
    6,
    7,
    8,
    9,
    10,
    11,
    12,
    13,
    14
  ],
  "cycle_val_results": {
    "0": [
      86.8589984939759,
      29.741779618473895,
      86.8589984939759,
      29.741779618473895
    ],
    "1": [
      82.05148719879519,
      23.05487575301205,
      82.05148719879519,
      23.05487575301205
    ],
    "2": [
      81.26537399598394,
      23.044051204819276,
      81.93429969879519,
      23.044051204819276
    ],
    "3": [
      83.07040662650601,
      24.315857178714857,
      84.05998995983936,
      24.315857178714857
    ],
    "4": [
      83.89558232931726,
      28.718624497991968,
      83.89558232931726,
      28.718624497991968
    ],
    "5": [
      86.7738140060241,
      26.773029618473895,
      86.7738140060241,
      26.773029618473895
    ],
    "6": [
      85.24708207831326,
      25.209431475903614,
      85.24708207831326,
      25.209431475903614
    ],
    "7": [
      85.03059111445783,
      26.762205070281126,
      85.03059111445783,
      26.762205070281126
    ],
    "8": [
      85.10871611445783,
      27.642758534136547,
      85.10871611445783,
      27.642758534136547
    ],
    "9": [
      86.28012048192771,
      18.039031124497992,
      86.28012048192771,
      18.039031124497992
    ],
    "10": [
      85.85529618473896,
      27.417639307228914,
      85.85529618473896,
      27.417639307228914
    ],
    "11": [
      85.40333207831326,
      27.877133534136547,
      85.40333207831326,
      27.877133534136547
    ],
    "12": [
      84.98070406626506,
      28.06428840361446,
      84.98070406626506,
      28.06428840361446
    ],
    "13": [
      85.82548945783132,
      27.59553840361446,
      85.82548945783132,
      27.59553840361446
    ],
    "14": [
      85.74297188755021,
      26.09155371485944,
      85.74297188755021,
      26.09155371485944
    ]
  }
}