{
  "cycle": 4,
  "n_archs": 15,
  "spearman_r": 0.3,
  "spearman_p": 0.27731678036838386,
  "pearson_r": -0.08341513792595306,
  "pearson_p": 0.7675713474972379,
  "kendall_tau": 0.23809523809523814,
  "kendall_p": 0.23945881568583288,
  "bootstrap_ci_spearman": [
    -0.393061249865577,
    0.8610729829538831
  ],
  "spearman_r_ema": 0.15357142857142855,
  "spearman_p_ema": 0.5847640949410158,
  "pearson_r_ema": -0.23020677594402536,
  "pearson_p_ema": 0.40913799839602616,
  "kendall_tau_ema": 0.14285714285714288,
  "kendall_p_ema": 0.4950508526248027,
  "bootstrap_ci_spearman_ema": [
    -0.4710144927536233,
    0.7655727155727153
  ],
  "spearman_r_best": 0.2964285714285714,
  "spearman_p_best": 0.28335542843426287,
  "pearson_r_best": -0.1004201711606271,
  "pearson_p_best": 0.7217756002956127,
  "kendall_tau_best": 0.21904761904761905,
  "kendall_p_best": 0.2815660702955676,
  "bootstrap_ci_spearman_best": [
    -0.3503309780343481,
    0.847826086956522
  ],
  "mean_val_acc1": 84.89266440763053,
  "std_val_acc1": 1.6443461453262027,
  "mean_ema_acc1": 26.02318649598394,
  "mean_best_val_acc1": 85.00323167670685,
  "per_arch": [
    {
      "arch_index": 0,
      "nas_quant_acc1": 10.0,
      "val_acc1": 86.8589984939759,
      "ema_acc1": 29.741779618473895,
      "best_val_acc1": 86.8589984939759,
      "best_ema_acc1": 29.741779618473895,
      "epochs_completed": 5,
      "nas_rank": 14,
      "val_rank": 0,
      "ema_rank": 0,
      "best_rank": 0
    },
    {
      "arch_index": 1,
      "nas_quant_acc1": 63.5,
      "val_acc1": 82.05148719879519,
      "ema_acc1": 23.05487575301205,
      "best_val_acc1": 82.05148719879519,
      "best_ema_acc1": 23.05487575301205,
      "epochs_completed": 5,
      "nas_rank": 13,
      "val_rank": 13,
      "ema_rank": 12,
      "best_rank": 13
    },
    {
      "arch_index": 2,
      "nas_quant_acc1": 68.25,
      "val_acc1": 81.26537399598394,
      "ema_acc1": 23.044051204819276,
      "best_val_acc1": 81.93429969879519,
      "best_ema_acc1": 23.044051204819276,
      "epochs_completed": 5,
      "nas_rank": 12,
      "val_rank": 14,
      "ema_rank": 13,
      "best_rank": 14
    },
    {
      "arch_index": 3,
      "nas_quant_acc1": 71.5,
      "val_acc1": 83.07040662650601,
      "ema_acc1": 24.315857178714857,
      "best_val_acc1": 84.05998995983936,
      "best_ema_acc1": 24.315857178714857,
      "epochs_completed": 5,
      "nas_rank": 11,
      "val_rank": 12,
      "ema_rank": 11,
      "best_rank": 11
    },
    {
      "arch_index": 4,
      "nas_quant_acc1": 74.0,
      "val_acc1": 83.89558232931726,
      "ema_acc1": 28.718624497991968,
      "best_val_acc1": 83.89558232931726,
      "best_ema_acc1": 28.718624497991968,
      "epochs_completed": 5,
      "nas_rank": 10,
      "val_rank": 11,
      "ema_rank": 1,
      "best_rank": 12
    },
    {
      "arch_index": 5,
      "nas_quant_acc1": 75.5,
      "val_acc1": 86.7738140060241,
      "ema_acc1": 26.773029618473895,
      "best_val_acc1": 86.7738140060241,
      "best_ema_acc1": 26.773029618473895,
      "epochs_completed": 5,
      "nas_rank": 9,
      "val_rank": 1,
      "ema_rank": 7,
      "best_rank": 1
    },
    {
      "arch_index": 6,
      "nas_quant_acc1": 76.5,
      "val_acc1": 85.24708207831326,
      "ema_acc1": 25.209431475903614,
      "best_val_acc1": 85.24708207831326,
      "best_ema_acc1": 25.209431475903614,
      "epochs_completed": 5,
      "nas_rank": 8,
      "val_rank": 7,
      "ema_rank": 10,
      "best_rank": 7
    },
    {
      "arch_index": 7,
      "nas_quant_acc1": 77.25,
      "val_acc1": 85.03059111445783,
      "ema_acc1": 26.762205070281126,
      "best_val_acc1": 85.03059111445783,
      "best_ema_acc1": 26.762205070281126,
      "epochs_completed": 5,
      "nas_rank": 7,
      "val_rank": 9,
      "ema_rank": 8,
      "best_rank": 9
    },
    {
      "arch_index": 8,
      "nas_quant_acc1": 78.0,
      "val_acc1": 85.10871611445783,
      "ema_acc1": 27.642758534136547,
      "best_val_acc1": 85.10871611445783,
      "best_ema_acc1": 27.642758534136547,
      "epochs_completed": 5,
      "nas_rank": 6,
      "val_rank": 8,
      "ema_rank": 4,
      "best_rank": 8
    },
    {
      "arch_index": 9,
      "nas_quant_acc1": 78.5,
      "val_acc1": 86.28012048192771,
      "ema_acc1": 18.039031124497992,
      "best_val_acc1": 86.28012048192771,
      "best_ema_acc1": 18.039031124497992,
      "epochs_completed": 5,
      "nas_rank": 5,
      "val_rank": 2,
      "ema_rank": 14,
      "best_rank": 2
    },
    {
      "arch_index": 10,
      "nas_quant_acc1": 79.0,
      "val_acc1": 85.85529618473896,
      "ema_acc1": 27.417639307228914,
      "best_val_acc1": 85.85529618473896,
      "best_ema_acc1": 27.417639307228914,
      "epochs_completed": 5,
      "nas_rank": 4,
      "val_rank": 3,
      "ema_rank": 6,
      "best_rank": 3
    },
    {
      "arch_index": 11,
      "nas_quant_acc1": 79.75,
      "val_acc1": 85.40333207831326,
      "ema_acc1": 27.877133534136547,
      "best_val_acc1": 85.40333207831326,
      "best_ema_acc1": 27.877133534136547,
      "epochs_completed": 5,
      "nas_rank": 3,
      "val_rank": 6,
      "ema_rank": 3,
      "best_rank": 6
    },
    {
      "arch_index": 12,
      "nas_quant_acc1": 80.25,
      "val_acc1": 84.98070406626506,
      "ema_acc1": 28.06428840361446,
      "best_val_acc1": 84.98070406626506,
      "best_ema_acc1": 28.06428840361446,
      "epochs_completed": 5,
      "nas_rank": 2,
      "val_rank": 10,
      "ema_rank": 2,
      "best_rank": 10
    },
    {
      "arch_index": 13,
      "nas_quant_acc1": 81.25,
      "val_acc1": 85.82548945783132,
      "ema_acc1": 27.59553840361446,
      "best_val_acc1": 85.82548945783132,
      "best_ema_acc1": 27.59553840361446,
      "epochs_completed": 5,
      "nas_rank": 1,
      "val_rank": 4,
      "ema_rank": 5,
      "best_rank": 4
    },
    {
      "arch_index": 14,
      "nas_quant_acc1": 85.5,
      "val_acc1": 85.74297188755021,
      "ema_acc1": 26.09155371485944,
      "best_val_acc1": 85.74297188755021,
      "best_ema_acc1": 26.09155371485944,
      "epochs_completed": 5,
      "nas_rank": 0,
      "val_rank": 5,
      "ema_rank": 9,
      "best_rank": 5
    }
  ],
  "timestamp": "2026-06-03T13:19:23.870617"
}