{
  "cycle": 1,
  "completed_arch_indices": [
    0,
    1,
    2,
    3,
    4,
    5,
    7,
    8,
    9,
    10,
    11,
    12,
    13,
    14
  ],
  "cycle_val_results": {
    "0": [
      62.244666624211966,
      29.814710564860235,
      62.244666624211966,
      38.64421889007001
    ],
    "1": [
      57.87814185432482,
      56.19930831443282,
      57.87814185432482,
      56.19930831443282
    ],
    "2": [
      63.85702780948275,
      61.31658722733044,
      63.85702780948275,
      61.31658722733044
    ],
    "3": [
      66.31525774104901,
      63.9951934711153,
      66.31525774104901,
      63.9951934711153
    ],
    "4": [
      65.13706641063199,
      63.41015778464675,
      65.13706641063199,
      63.41015778464675
    ],
    "5": [
      63.08539769470799,
      61.28603451569757,
      63.08539769470799,
      61.28603451569757
    ],
    "7": [
      62.043791730144655,
      60.11846339993823,
      62.043791730144655,
      60.11846339993823
    ],
    "8": [
      61.87699459681885,
      60.001992759835254,
      61.87699459681885,
      60.001992759835254
    ],
    "9": [
      66.05008058234829,
      63.92377448699169,
      66.05008058234829,
      63.92377448699169
    ],
    "10": [
      56.55496206016487,
      54.31087739236496,
      56.55496206016487,
      54.31087739236496
    ],
    "11": [
      62.409611098320276,
      59.63114740446462,
      62.409611098320276,
      59.63114740446462
    ],
    "12": [
      65.01229554372263,
      63.47057054262051,
      65.01229554372263,
      63.47057054262051
    ],
    "13": [
      64.57804633117624,
      62.11169840157924,
      64.57804633117624,
      62.11169840157924
    ],
    "14": [
      63.721113554979716,
      62.34393428007384,
      63.721113554979716,
      62.34393428007384
    ]
  }
}