{
  "cycle": 1,
  "n_archs": 14,
  "spearman_r": 0.1386139452643757,
  "spearman_p": 0.6365105221079713,
  "pearson_r": 0.14324569337213294,
  "pearson_p": 0.6251689629992179,
  "kendall_tau": 0.04419956960878639,
  "kendall_p": 0.82640978682081,
  "bootstrap_ci_spearman": [
    -0.4593418010608868,
    0.5893231811881569
  ],
  "spearman_r_ema": 0.29042921864916815,
  "spearman_p_ema": 0.31378957883681413,
  "pearson_r_ema": 0.871608429670717,
  "pearson_p_ema": 4.876663343238215e-05,
  "kendall_tau_ema": 0.1546984936307524,
  "kendall_p_ema": 0.44273701906434393,
  "bootstrap_ci_spearman_ema": [
    -0.3682428153654327,
    0.7633979475830306
  ],
  "spearman_r_best": 0.1386139452643757,
  "spearman_p_best": 0.6365105221079713,
  "pearson_r_best": 0.14324569337213294,
  "pearson_p_best": 0.6251689629992179,
  "kendall_tau_best": 0.04419956960878639,
  "kendall_p_best": 0.82640978682081,
  "bootstrap_ci_spearman_best": [
    -0.42213382725441556,
    0.5955501042249218
  ],
  "mean_val_acc1": 62.911746688006005,
  "std_val_acc1": 2.820526449334018,
  "mean_ema_acc1": 58.70960361042511,
  "mean_best_val_acc1": 62.911746688006005,
  "per_arch": [
    {
      "arch_index": 0,
      "nas_quant_acc1": 59.333333333333336,
      "val_acc1": 62.244666624211966,
      "ema_acc1": 29.814710564860235,
      "best_val_acc1": 62.244666624211966,
      "best_ema_acc1": 38.64421889007001,
      "epochs_completed": 2,
      "nas_rank": 13,
      "val_rank": 9,
      "ema_rank": 13,
      "best_rank": 9
    },
    {
      "arch_index": 1,
      "nas_quant_acc1": 78.66666666666667,
      "val_acc1": 57.87814185432482,
      "ema_acc1": 56.19930831443282,
      "best_val_acc1": 57.87814185432482,
      "best_ema_acc1": 56.19930831443282,
      "epochs_completed": 2,
      "nas_rank": 12,
      "val_rank": 12,
      "ema_rank": 11,
      "best_rank": 12
    },
    {
      "arch_index": 2,
      "nas_quant_acc1": 80.66666666666667,
      "val_acc1": 63.85702780948275,
      "ema_acc1": 61.31658722733044,
      "best_val_acc1": 63.85702780948275,
      "best_ema_acc1": 61.31658722733044,
      "epochs_completed": 2,
      "nas_rank": 11,
      "val_rank": 5,
      "ema_rank": 6,
      "best_rank": 5
    },
    {
      "arch_index": 3,
      "nas_quant_acc1": 81.33333333333333,
      "val_acc1": 66.31525774104901,
      "ema_acc1": 63.9951934711153,
      "best_val_acc1": 66.31525774104901,
      "best_ema_acc1": 63.9951934711153,
      "epochs_completed": 2,
      "nas_rank": 10,
      "val_rank": 0,
      "ema_rank": 0,
      "best_rank": 0
    },
    {
      "arch_index": 4,
      "nas_quant_acc1": 82.0,
      "val_acc1": 65.13706641063199,
      "ema_acc1": 63.41015778464675,
      "best_val_acc1": 65.13706641063199,
      "best_ema_acc1": 63.41015778464675,
      "epochs_completed": 2,
      "nas_rank": 9,
      "val_rank": 2,
      "ema_rank": 3,
      "best_rank": 2
    },
    {
      "arch_index": 5,
      "nas_quant_acc1": 82.66666666666667,
      "val_acc1": 63.08539769470799,
      "ema_acc1": 61.28603451569757,
      "best_val_acc1": 63.08539769470799,
      "best_ema_acc1": 61.28603451569757,
      "epochs_completed": 2,
      "nas_rank": 8,
      "val_rank": 7,
      "ema_rank": 7,
      "best_rank": 7
    },
    {
      "arch_index": 7,
      "nas_quant_acc1": 84.0,
      "val_acc1": 62.043791730144655,
      "ema_acc1": 60.11846339993823,
      "best_val_acc1": 62.043791730144655,
      "best_ema_acc1": 60.11846339993823,
      "epochs_completed": 2,
      "nas_rank": 7,
      "val_rank": 10,
      "ema_rank": 8,
      "best_rank": 10
    },
    {
      "arch_index": 8,
      "nas_quant_acc1": 84.66666666666667,
      "val_acc1": 61.87699459681885,
      "ema_acc1": 60.001992759835254,
      "best_val_acc1": 61.87699459681885,
      "best_ema_acc1": 60.001992759835254,
      "epochs_completed": 2,
      "nas_rank": 6,
      "val_rank": 11,
      "ema_rank": 9,
      "best_rank": 11
    },
    {
      "arch_index": 9,
      "nas_quant_acc1": 85.33333333333333,
      "val_acc1": 66.05008058234829,
      "ema_acc1": 63.92377448699169,
      "best_val_acc1": 66.05008058234829,
      "best_ema_acc1": 63.92377448699169,
      "epochs_completed": 2,
      "nas_rank": 5,
      "val_rank": 1,
      "ema_rank": 1,
      "best_rank": 1
    },
    {
      "arch_index": 10,
      "nas_quant_acc1": 85.33333333333333,
      "val_acc1": 56.55496206016487,
      "ema_acc1": 54.31087739236496,
      "best_val_acc1": 56.55496206016487,
      "best_ema_acc1": 54.31087739236496,
      "epochs_completed": 2,
      "nas_rank": 4,
      "val_rank": 13,
      "ema_rank": 12,
      "best_rank": 13
    },
    {
      "arch_index": 11,
      "nas_quant_acc1": 86.0,
      "val_acc1": 62.409611098320276,
      "ema_acc1": 59.63114740446462,
      "best_val_acc1": 62.409611098320276,
      "best_ema_acc1": 59.63114740446462,
      "epochs_completed": 2,
      "nas_rank": 3,
      "val_rank": 8,
      "ema_rank": 10,
      "best_rank": 8
    },
    {
      "arch_index": 12,
      "nas_quant_acc1": 86.66666666666667,
      "val_acc1": 65.01229554372263,
      "ema_acc1": 63.47057054262051,
      "best_val_acc1": 65.01229554372263,
      "best_ema_acc1": 63.47057054262051,
      "epochs_completed": 2,
      "nas_rank": 2,
      "val_rank": 3,
      "ema_rank": 2,
      "best_rank": 3
    },
    {
      "arch_index": 13,
      "nas_quant_acc1": 88.0,
      "val_acc1": 64.57804633117624,
      "ema_acc1": 62.11169840157924,
      "best_val_acc1": 64.57804633117624,
      "best_ema_acc1": 62.11169840157924,
      "epochs_completed": 2,
      "nas_rank": 1,
      "val_rank": 4,
      "ema_rank": 5,
      "best_rank": 4
    },
    {
      "arch_index": 14,
      "nas_quant_acc1": 92.66666666666667,
      "val_acc1": 63.721113554979716,
      "ema_acc1": 62.34393428007384,
      "best_val_acc1": 63.721113554979716,
      "best_ema_acc1": 62.34393428007384,
      "epochs_completed": 2,
      "nas_rank": 0,
      "val_rank": 6,
      "ema_rank": 4,
      "best_rank": 6
    }
  ],
  "timestamp": "2026-04-25T02:21:00.285381"
}