{
  "cycle": 76,
  "completed_arch_indices": [
    0,
    1,
    2,
    3,
    4,
    5,
    6,
    7,
    8,
    9,
    10,
    11,
    12,
    13,
    14
  ],
  "cycle_val_results": {
    "0": [
      93.08421184738955,
      89.8733998493976,
      95.23484563253012,
      92.39081325301206
    ],
    "1": [
      89.38237324297188,
      89.76436997991968,
      91.75169427710844,
      89.76436997991968
    ],
    "2": [
      89.79198042168674,
      90.27594754016064,
      92.13416164658635,
      90.31501004016064
    ],
    "3": [
      91.01923318273093,
      91.6605484437751,
      92.80528363453816,
      91.6605484437751
    ],
    "4": [
      90.87223895582329,
      91.41911395582329,
      92.63491465863453,
      91.47119728915662
    ],
    "5": [
      91.7945218373494,
      92.2144829317269,
      93.6750125502008,
      92.2535454317269
    ],
    "6": [
      91.9898343373494,
      91.99203062248995,
      93.66089357429719,
      92.08913780120481
    ],
    "7": [
      91.1863077309237,
      92.09509914658635,
      93.70042670682732,
      92.09509914658635
    ],
    "8": [
      91.1375188253012,
      92.3636734437751,
      93.18288780120481,
      92.37669427710844
    ],
    "9": [
      91.19556350401606,
      90.9671498493976,
      93.61696787148594,
      90.9671498493976
    ],
    "10": [
      91.59434613453816,
      91.78259914658635,
      93.3863579317269,
      91.78856049196787
    ],
    "11": [
      91.1695218373494,
      92.17432228915662,
      93.62998870481927,
      92.17432228915662
    ],
    "12": [
      91.11743850401606,
      92.00505145582329,
      93.32125376506023,
      92.05713478915662
    ],
    "13": [
      90.60146837349399,
      92.23346511044177,
      93.55186370481927,
      92.23346511044177
    ],
    "14": [
      92.26546812248995,
      92.49497991967873,
      94.20290537148594,
      92.49497991967873
    ]
  }
}