{
  "cycle": 76,
  "n_archs": 15,
  "spearman_r": 0.1714285714285714,
  "spearman_p": 0.5412721760996331,
  "pearson_r": -0.35272957652637127,
  "pearson_p": 0.19721357122684463,
  "kendall_tau": 0.12380952380952381,
  "kendall_p": 0.5589660721223221,
  "bootstrap_ci_spearman": [
    -0.5164292289988494,
    0.80506293296907
  ],
  "spearman_r_ema": 0.7464285714285712,
  "spearman_p_ema": 0.001391411089063054,
  "pearson_r_ema": 0.704050988491644,
  "pearson_p_ema": 0.003392869955191092,
  "kendall_tau_ema": 0.6000000000000001,
  "kendall_p_ema": 0.0012858607977242237,
  "bootstrap_ci_spearman_ema": [
    0.300688273563948,
    0.9493693734862678
  ],
  "spearman_r_best": 0.2821428571428571,
  "spearman_p_best": 0.30828445682005556,
  "pearson_r_best": -0.37895019574116606,
  "pearson_p_best": 0.16363473377136978,
  "kendall_tau_best": 0.23809523809523814,
  "kendall_p_best": 0.23945881568583288,
  "bootstrap_ci_spearman_best": [
    -0.3748284232924747,
    0.8587020402547372
  ],
  "mean_val_acc1": 91.21346845716197,
  "std_val_acc1": 0.910731478974338,
  "mean_ema_acc1": 91.55441557898261,
  "mean_best_val_acc1": 93.36596385542167,
  "per_arch": [
    {
      "arch_index": 0,
      "nas_quant_acc1": 10.0,
      "val_acc1": 93.08421184738955,
      "ema_acc1": 89.8733998493976,
      "best_val_acc1": 95.23484563253012,
      "best_ema_acc1": 92.39081325301206,
      "epochs_completed": 77,
      "nas_rank": 14,
      "val_rank": 0,
      "ema_rank": 13,
      "best_rank": 0
    },
    {
      "arch_index": 1,
      "nas_quant_acc1": 63.5,
      "val_acc1": 89.38237324297188,
      "ema_acc1": 89.76436997991968,
      "best_val_acc1": 91.75169427710844,
      "best_ema_acc1": 89.76436997991968,
      "epochs_completed": 77,
      "nas_rank": 13,
      "val_rank": 14,
      "ema_rank": 14,
      "best_rank": 14
    },
    {
      "arch_index": 2,
      "nas_quant_acc1": 68.25,
      "val_acc1": 89.79198042168674,
      "ema_acc1": 90.27594754016064,
      "best_val_acc1": 92.13416164658635,
      "best_ema_acc1": 90.31501004016064,
      "epochs_completed": 77,
      "nas_rank": 12,
      "val_rank": 13,
      "ema_rank": 12,
      "best_rank": 13
    },
    {
      "arch_index": 3,
      "nas_quant_acc1": 71.5,
      "val_acc1": 91.01923318273093,
      "ema_acc1": 91.6605484437751,
      "best_val_acc1": 92.80528363453816,
      "best_ema_acc1": 91.6605484437751,
      "epochs_completed": 77,
      "nas_rank": 11,
      "val_rank": 10,
      "ema_rank": 9,
      "best_rank": 11
    },
    {
      "arch_index": 4,
      "nas_quant_acc1": 74.0,
      "val_acc1": 90.87223895582329,
      "ema_acc1": 91.41911395582329,
      "best_val_acc1": 92.63491465863453,
      "best_ema_acc1": 91.47119728915662,
      "epochs_completed": 77,
      "nas_rank": 10,
      "val_rank": 11,
      "ema_rank": 10,
      "best_rank": 12
    },
    {
      "arch_index": 5,
      "nas_quant_acc1": 75.5,
      "val_acc1": 91.7945218373494,
      "ema_acc1": 92.2144829317269,
      "best_val_acc1": 93.6750125502008,
      "best_ema_acc1": 92.2535454317269,
      "epochs_completed": 77,
      "nas_rank": 9,
      "val_rank": 3,
      "ema_rank": 3,
      "best_rank": 3
    },
    {
      "arch_index": 6,
      "nas_quant_acc1": 76.5,
      "val_acc1": 91.9898343373494,
      "ema_acc1": 91.99203062248995,
      "best_val_acc1": 93.66089357429719,
      "best_ema_acc1": 92.08913780120481,
      "epochs_completed": 77,
      "nas_rank": 8,
      "val_rank": 2,
      "ema_rank": 7,
      "best_rank": 4
    },
    {
      "arch_index": 7,
      "nas_quant_acc1": 77.25,
      "val_acc1": 91.1863077309237,
      "ema_acc1": 92.09509914658635,
      "best_val_acc1": 93.70042670682732,
      "best_ema_acc1": 92.09509914658635,
      "epochs_completed": 77,
      "nas_rank": 7,
      "val_rank": 6,
      "ema_rank": 5,
      "best_rank": 2
    },
    {
      "arch_index": 8,
      "nas_quant_acc1": 78.0,
      "val_acc1": 91.1375188253012,
      "ema_acc1": 92.3636734437751,
      "best_val_acc1": 93.18288780120481,
      "best_ema_acc1": 92.37669427710844,
      "epochs_completed": 77,
      "nas_rank": 6,
      "val_rank": 8,
      "ema_rank": 1,
      "best_rank": 10
    },
    {
      "arch_index": 9,
      "nas_quant_acc1": 78.5,
      "val_acc1": 91.19556350401606,
      "ema_acc1": 90.9671498493976,
      "best_val_acc1": 93.61696787148594,
      "best_ema_acc1": 90.9671498493976,
      "epochs_completed": 77,
      "nas_rank": 5,
      "val_rank": 5,
      "ema_rank": 11,
      "best_rank": 6
    },
    {
      "arch_index": 10,
      "nas_quant_acc1": 79.0,
      "val_acc1": 91.59434613453816,
      "ema_acc1": 91.78259914658635,
      "best_val_acc1": 93.3863579317269,
      "best_ema_acc1": 91.78856049196787,
      "epochs_completed": 77,
      "nas_rank": 4,
      "val_rank": 4,
      "ema_rank": 8,
      "best_rank": 8
    },
    {
      "arch_index": 11,
      "nas_quant_acc1": 79.75,
      "val_acc1": 91.1695218373494,
      "ema_acc1": 92.17432228915662,
      "best_val_acc1": 93.62998870481927,
      "best_ema_acc1": 92.17432228915662,
      "epochs_completed": 77,
      "nas_rank": 3,
      "val_rank": 7,
      "ema_rank": 4,
      "best_rank": 5
    },
    {
      "arch_index": 12,
      "nas_quant_acc1": 80.25,
      "val_acc1": 91.11743850401606,
      "ema_acc1": 92.00505145582329,
      "best_val_acc1": 93.32125376506023,
      "best_ema_acc1": 92.05713478915662,
      "epochs_completed": 77,
      "nas_rank": 2,
      "val_rank": 9,
      "ema_rank": 6,
      "best_rank": 9
    },
    {
      "arch_index": 13,
      "nas_quant_acc1": 81.25,
      "val_acc1": 90.60146837349399,
      "ema_acc1": 92.23346511044177,
      "best_val_acc1": 93.55186370481927,
      "best_ema_acc1": 92.23346511044177,
      "epochs_completed": 77,
      "nas_rank": 1,
      "val_rank": 12,
      "ema_rank": 2,
      "best_rank": 7
    },
    {
      "arch_index": 14,
      "nas_quant_acc1": 85.5,
      "val_acc1": 92.26546812248995,
      "ema_acc1": 92.49497991967873,
      "best_val_acc1": 94.20290537148594,
      "best_ema_acc1": 92.49497991967873,
      "epochs_completed": 77,
      "nas_rank": 0,
      "val_rank": 1,
      "ema_rank": 0,
      "best_rank": 1
    }
  ],
  "timestamp": "2026-06-03T22:29:07.931069"
}