{
  "cycle": 13,
  "completed_arch_indices": [
    0,
    1,
    2,
    3,
    4,
    5,
    6,
    7,
    8,
    9,
    10,
    11,
    12,
    13,
    14
  ],
  "cycle_val_results": {
    "0": [
      89.33028990963855,
      77.16475276104417,
      92.65499497991968,
      77.16475276104417
    ],
    "1": [
      84.38990336345381,
      57.56196661646586,
      87.45528990963855,
      57.56196661646586
    ],
    "2": [
      83.49303463855422,
      63.003733684738954,
      87.38092996987953,
      63.003733684738954
    ],
    "3": [
      86.10049573293172,
      67.55522088353413,
      89.46159638554217,
      67.55522088353413
    ],
    "4": [
      86.72173067269075,
      68.75423569277109,
      89.00963227911646,
      68.75423569277109
    ],
    "5": [
      87.37387048192771,
      71.06817896586345,
      90.76587600401606,
      71.06817896586345
    ],
    "6": [
      87.41512926706828,
      67.144515562249,
      90.22166792168674,
      67.144515562249
    ],
    "7": [
      86.71576932730925,
      69.00978915662651,
      89.75511420682732,
      69.00978915662651
    ],
    "8": [
      88.24516817269075,
      65.48647715863453,
      89.85002510040161,
      65.48647715863453
    ],
    "9": [
      87.94192394578313,
      30.150916164658632,
      90.8640813253012,
      30.150916164658632
    ],
    "10": [
      87.56918298192771,
      68.3234500502008,
      90.38607555220884,
      68.3234500502008
    ],
    "11": [
      87.28272464859438,
      70.92118473895583,
      90.42623619477912,
      70.92118473895583
    ],
    "12": [
      87.48729292168674,
      67.43254267068274,
      90.07090863453816,
      67.43254267068274
    ],
    "13": [
      86.67560868473896,
      65.15060240963855,
      89.81049196787149,
      65.15060240963855
    ],
    "14": [
      87.44117093373494,
      69.93050326305222,
      90.5835843373494,
      69.93050326305222
    ]
  }
}