{
  "cycle": 13,
  "n_archs": 15,
  "spearman_r": 0.2714285714285714,
  "spearman_p": 0.3277893068411727,
  "pearson_r": -0.2228744580675781,
  "pearson_p": 0.4246247578756361,
  "kendall_tau": 0.20000000000000004,
  "kendall_p": 0.3282335876694342,
  "bootstrap_ci_spearman": [
    -0.38775190415741045,
    0.820151957428671
  ],
  "spearman_r_ema": 0.0035714285714285704,
  "spearman_p_ema": 0.9899214068809781,
  "pearson_r_ema": -0.2591696948793139,
  "pearson_p_ema": 0.35094614256697093,
  "kendall_tau_ema": 0.009523809523809525,
  "kendall_p_ema": 1.0,
  "bootstrap_ci_spearman_ema": [
    -0.5828982593673918,
    0.618185988323603
  ],
  "spearman_r_best": 0.3107142857142856,
  "spearman_p_best": 0.2596673973372179,
  "pearson_r_best": -0.35178044893593485,
  "pearson_p_best": 0.19850609157405383,
  "kendall_tau_best": 0.2571428571428572,
  "kendall_p_best": 0.20184282422518202,
  "bootstrap_ci_spearman_best": [
    -0.3297016274864375,
    0.8587020402547372
  ],
  "mean_val_acc1": 86.9455530455154,
  "std_val_acc1": 1.4430997803851333,
  "mean_ema_acc1": 65.24387131860776,
  "mean_best_val_acc1": 89.91310031793842,
  "per_arch": [
    {
      "arch_index": 0,
      "nas_quant_acc1": 10.0,
      "val_acc1": 89.33028990963855,
      "ema_acc1": 77.16475276104417,
      "best_val_acc1": 92.65499497991968,
      "best_ema_acc1": 77.16475276104417,
      "epochs_completed": 14,
      "nas_rank": 14,
      "val_rank": 0,
      "ema_rank": 0,
      "best_rank": 0
    },
    {
      "arch_index": 1,
      "nas_quant_acc1": 63.5,
      "val_acc1": 84.38990336345381,
      "ema_acc1": 57.56196661646586,
      "best_val_acc1": 87.45528990963855,
      "best_ema_acc1": 57.56196661646586,
      "epochs_completed": 14,
      "nas_rank": 13,
      "val_rank": 13,
      "ema_rank": 13,
      "best_rank": 13
    },
    {
      "arch_index": 2,
      "nas_quant_acc1": 68.25,
      "val_acc1": 83.49303463855422,
      "ema_acc1": 63.003733684738954,
      "best_val_acc1": 87.38092996987953,
      "best_ema_acc1": 63.003733684738954,
      "epochs_completed": 14,
      "nas_rank": 12,
      "val_rank": 14,
      "ema_rank": 12,
      "best_rank": 14
    },
    {
      "arch_index": 3,
      "nas_quant_acc1": 71.5,
      "val_acc1": 86.10049573293172,
      "ema_acc1": 67.55522088353413,
      "best_val_acc1": 89.46159638554217,
      "best_ema_acc1": 67.55522088353413,
      "epochs_completed": 14,
      "nas_rank": 11,
      "val_rank": 12,
      "ema_rank": 7,
      "best_rank": 11
    },
    {
      "arch_index": 4,
      "nas_quant_acc1": 74.0,
      "val_acc1": 86.72173067269075,
      "ema_acc1": 68.75423569277109,
      "best_val_acc1": 89.00963227911646,
      "best_ema_acc1": 68.75423569277109,
      "epochs_completed": 14,
      "nas_rank": 10,
      "val_rank": 9,
      "ema_rank": 5,
      "best_rank": 12
    },
    {
      "arch_index": 5,
      "nas_quant_acc1": 75.5,
      "val_acc1": 87.37387048192771,
      "ema_acc1": 71.06817896586345,
      "best_val_acc1": 90.76587600401606,
      "best_ema_acc1": 71.06817896586345,
      "epochs_completed": 14,
      "nas_rank": 9,
      "val_rank": 7,
      "ema_rank": 1,
      "best_rank": 2
    },
    {
      "arch_index": 6,
      "nas_quant_acc1": 76.5,
      "val_acc1": 87.41512926706828,
      "ema_acc1": 67.144515562249,
      "best_val_acc1": 90.22166792168674,
      "best_ema_acc1": 67.144515562249,
      "epochs_completed": 14,
      "nas_rank": 8,
      "val_rank": 6,
      "ema_rank": 9,
      "best_rank": 6
    },
    {
      "arch_index": 7,
      "nas_quant_acc1": 77.25,
      "val_acc1": 86.71576932730925,
      "ema_acc1": 69.00978915662651,
      "best_val_acc1": 89.75511420682732,
      "best_ema_acc1": 69.00978915662651,
      "epochs_completed": 14,
      "nas_rank": 7,
      "val_rank": 10,
      "ema_rank": 4,
      "best_rank": 10
    },
    {
      "arch_index": 8,
      "nas_quant_acc1": 78.0,
      "val_acc1": 88.24516817269075,
      "ema_acc1": 65.48647715863453,
      "best_val_acc1": 89.85002510040161,
      "best_ema_acc1": 65.48647715863453,
      "epochs_completed": 14,
      "nas_rank": 6,
      "val_rank": 1,
      "ema_rank": 10,
      "best_rank": 8
    },
    {
      "arch_index": 9,
      "nas_quant_acc1": 78.5,
      "val_acc1": 87.94192394578313,
      "ema_acc1": 30.150916164658632,
      "best_val_acc1": 90.8640813253012,
      "best_ema_acc1": 30.150916164658632,
      "epochs_completed": 14,
      "nas_rank": 5,
      "val_rank": 2,
      "ema_rank": 14,
      "best_rank": 1
    },
    {
      "arch_index": 10,
      "nas_quant_acc1": 79.0,
      "val_acc1": 87.56918298192771,
      "ema_acc1": 68.3234500502008,
      "best_val_acc1": 90.38607555220884,
      "best_ema_acc1": 68.3234500502008,
      "epochs_completed": 14,
      "nas_rank": 4,
      "val_rank": 3,
      "ema_rank": 6,
      "best_rank": 5
    },
    {
      "arch_index": 11,
      "nas_quant_acc1": 79.75,
      "val_acc1": 87.28272464859438,
      "ema_acc1": 70.92118473895583,
      "best_val_acc1": 90.42623619477912,
      "best_ema_acc1": 70.92118473895583,
      "epochs_completed": 14,
      "nas_rank": 3,
      "val_rank": 8,
      "ema_rank": 2,
      "best_rank": 4
    },
    {
      "arch_index": 12,
      "nas_quant_acc1": 80.25,
      "val_acc1": 87.48729292168674,
      "ema_acc1": 67.43254267068274,
      "best_val_acc1": 90.07090863453816,
      "best_ema_acc1": 67.43254267068274,
      "epochs_completed": 14,
      "nas_rank": 2,
      "val_rank": 4,
      "ema_rank": 8,
      "best_rank": 7
    },
    {
      "arch_index": 13,
      "nas_quant_acc1": 81.25,
      "val_acc1": 86.67560868473896,
      "ema_acc1": 65.15060240963855,
      "best_val_acc1": 89.81049196787149,
      "best_ema_acc1": 65.15060240963855,
      "epochs_completed": 14,
      "nas_rank": 1,
      "val_rank": 11,
      "ema_rank": 11,
      "best_rank": 9
    },
    {
      "arch_index": 14,
      "nas_quant_acc1": 85.5,
      "val_acc1": 87.44117093373494,
      "ema_acc1": 69.93050326305222,
      "best_val_acc1": 90.5835843373494,
      "best_ema_acc1": 69.93050326305222,
      "epochs_completed": 14,
      "nas_rank": 0,
      "val_rank": 5,
      "ema_rank": 3,
      "best_rank": 3
    }
  ],
  "timestamp": "2026-06-03T14:01:22.190794"
}