{
  "cycle": 85,
  "completed_arch_indices": [
    0,
    1,
    2,
    3,
    4,
    5,
    6,
    7,
    8,
    9,
    10,
    11,
    12,
    13,
    14
  ],
  "cycle_val_results": {
    "0": [
      92.31159011044177,
      89.65094754016064,
      95.42419678714859,
      92.39081325301206
    ],
    "1": [
      88.56582580321286,
      89.95968247991968,
      91.75169427710844,
      89.97866465863453
    ],
    "2": [
      89.5066202309237,
      90.64162901606427,
      92.13416164658635,
      90.64162901606427
    ],
    "3": [
      90.4343938253012,
      91.94700677710844,
      92.80528363453816,
      91.94700677710844
    ],
    "4": [
      89.96344754016064,
      91.71969126506023,
      92.63491465863453,
      91.71969126506023
    ],
    "5": [
      90.71865587349399,
      92.40383408634538,
      93.6750125502008,
      92.42391440763052
    ],
    "6": [
      91.49990587349399,
      92.38265562248995,
      93.76019703815261,
      92.38265562248995
    ],
    "7": [
      90.69637926706828,
      92.36257530120481,
      93.70042670682732,
      92.36257530120481
    ],
    "8": [
      89.85598644578313,
      92.38265562248995,
      93.43247991967873,
      92.38971511044177
    ],
    "9": [
      90.51142068273093,
      91.35667670682732,
      94.00649472891565,
      91.35667670682732
    ],
    "10": [
      90.74579568273093,
      92.05007530120481,
      93.43138177710844,
      92.06309613453816
    ],
    "11": [
      90.83098017068274,
      92.4808609437751,
      93.72709588353413,
      92.50690261044177
    ],
    "12": [
      90.45823920682732,
      92.35881024096385,
      93.39341741967873,
      92.35881024096385
    ],
    "13": [
      90.29116465863453,
      92.41575677710844,
      93.55186370481927,
      92.44289658634538
    ],
    "14": [
      90.11263805220884,
      92.6832329317269,
      94.20290537148594,
      92.6832329317269
    ]
  }
}