{
  "cycle": 85,
  "n_archs": 15,
  "spearman_r": 0.08214285714285713,
  "spearman_p": 0.7710285652881772,
  "pearson_r": -0.43996565414431166,
  "pearson_p": 0.10077167102928018,
  "kendall_tau": 0.04761904761904762,
  "kendall_p": 0.845841042458974,
  "bootstrap_ci_spearman": [
    -0.5584142701394705,
    0.7200127041742286
  ],
  "spearman_r_ema": 0.754245162660917,
  "spearman_p_ema": 0.0011588705971637327,
  "pearson_r_ema": 0.7884572375299759,
  "pearson_p_ema": 0.00047836872993334316,
  "kendall_tau_ema": 0.5933082268219885,
  "kendall_p_ema": 0.0021265238749267235,
  "bootstrap_ci_spearman_ema": [
    0.2690759679298394,
    0.9592764109156682
  ],
  "spearman_r_best": 0.3214285714285714,
  "spearman_p_best": 0.24271904680166836,
  "pearson_r_best": -0.38391158871811976,
  "pearson_p_best": 0.15773787905527228,
  "kendall_tau_best": 0.2761904761904762,
  "kendall_p_best": 0.16857787367749338,
  "bootstrap_ci_spearman_best": [
    -0.3357667581865666,
    0.8761440635866865
  ],
  "mean_val_acc1": 90.43353622824633,
  "std_val_acc1": 0.8494562471724897,
  "mean_ema_acc1": 91.78640604082999,
  "mean_best_val_acc1": 93.4421017402945,
  "per_arch": [
    {
      "arch_index": 0,
      "nas_quant_acc1": 10.0,
      "val_acc1": 92.31159011044177,
      "ema_acc1": 89.65094754016064,
      "best_val_acc1": 95.42419678714859,
      "best_ema_acc1": 92.39081325301206,
      "epochs_completed": 86,
      "nas_rank": 14,
      "val_rank": 0,
      "ema_rank": 14,
      "best_rank": 0
    },
    {
      "arch_index": 1,
      "nas_quant_acc1": 63.5,
      "val_acc1": 88.56582580321286,
      "ema_acc1": 89.95968247991968,
      "best_val_acc1": 91.75169427710844,
      "best_ema_acc1": 89.97866465863453,
      "epochs_completed": 86,
      "nas_rank": 13,
      "val_rank": 14,
      "ema_rank": 13,
      "best_rank": 14
    },
    {
      "arch_index": 2,
      "nas_quant_acc1": 68.25,
      "val_acc1": 89.5066202309237,
      "ema_acc1": 90.64162901606427,
      "best_val_acc1": 92.13416164658635,
      "best_ema_acc1": 90.64162901606427,
      "epochs_completed": 86,
      "nas_rank": 12,
      "val_rank": 13,
      "ema_rank": 12,
      "best_rank": 13
    },
    {
      "arch_index": 3,
      "nas_quant_acc1": 71.5,
      "val_acc1": 90.4343938253012,
      "ema_acc1": 91.94700677710844,
      "best_val_acc1": 92.80528363453816,
      "best_ema_acc1": 91.94700677710844,
      "epochs_completed": 86,
      "nas_rank": 11,
      "val_rank": 8,
      "ema_rank": 9,
      "best_rank": 11
    },
    {
      "arch_index": 4,
      "nas_quant_acc1": 74.0,
      "val_acc1": 89.96344754016064,
      "ema_acc1": 91.71969126506023,
      "best_val_acc1": 92.63491465863453,
      "best_ema_acc1": 91.71969126506023,
      "epochs_completed": 86,
      "nas_rank": 10,
      "val_rank": 11,
      "ema_rank": 10,
      "best_rank": 12
    },
    {
      "arch_index": 5,
      "nas_quant_acc1": 75.5,
      "val_acc1": 90.71865587349399,
      "ema_acc1": 92.40383408634538,
      "best_val_acc1": 93.6750125502008,
      "best_ema_acc1": 92.42391440763052,
      "epochs_completed": 86,
      "nas_rank": 9,
      "val_rank": 4,
      "ema_rank": 3,
      "best_rank": 6
    },
    {
      "arch_index": 6,
      "nas_quant_acc1": 76.5,
      "val_acc1": 91.49990587349399,
      "ema_acc1": 92.38265562248995,
      "best_val_acc1": 93.76019703815261,
      "best_ema_acc1": 92.38265562248995,
      "epochs_completed": 86,
      "nas_rank": 8,
      "val_rank": 1,
      "ema_rank": 5,
      "best_rank": 3
    },
    {
      "arch_index": 7,
      "nas_quant_acc1": 77.25,
      "val_acc1": 90.69637926706828,
      "ema_acc1": 92.36257530120481,
      "best_val_acc1": 93.70042670682732,
      "best_ema_acc1": 92.36257530120481,
      "epochs_completed": 86,
      "nas_rank": 7,
      "val_rank": 5,
      "ema_rank": 6,
      "best_rank": 5
    },
    {
      "arch_index": 8,
      "nas_quant_acc1": 78.0,
      "val_acc1": 89.85598644578313,
      "ema_acc1": 92.38265562248995,
      "best_val_acc1": 93.43247991967873,
      "best_ema_acc1": 92.38971511044177,
      "epochs_completed": 86,
      "nas_rank": 6,
      "val_rank": 12,
      "ema_rank": 4,
      "best_rank": 8
    },
    {
      "arch_index": 9,
      "nas_quant_acc1": 78.5,
      "val_acc1": 90.51142068273093,
      "ema_acc1": 91.35667670682732,
      "best_val_acc1": 94.00649472891565,
      "best_ema_acc1": 91.35667670682732,
      "epochs_completed": 86,
      "nas_rank": 5,
      "val_rank": 6,
      "ema_rank": 11,
      "best_rank": 2
    },
    {
      "arch_index": 10,
      "nas_quant_acc1": 79.0,
      "val_acc1": 90.74579568273093,
      "ema_acc1": 92.05007530120481,
      "best_val_acc1": 93.43138177710844,
      "best_ema_acc1": 92.06309613453816,
      "epochs_completed": 86,
      "nas_rank": 4,
      "val_rank": 3,
      "ema_rank": 8,
      "best_rank": 9
    },
    {
      "arch_index": 11,
      "nas_quant_acc1": 79.75,
      "val_acc1": 90.83098017068274,
      "ema_acc1": 92.4808609437751,
      "best_val_acc1": 93.72709588353413,
      "best_ema_acc1": 92.50690261044177,
      "epochs_completed": 86,
      "nas_rank": 3,
      "val_rank": 2,
      "ema_rank": 1,
      "best_rank": 4
    },
    {
      "arch_index": 12,
      "nas_quant_acc1": 80.25,
      "val_acc1": 90.45823920682732,
      "ema_acc1": 92.35881024096385,
      "best_val_acc1": 93.39341741967873,
      "best_ema_acc1": 92.35881024096385,
      "epochs_completed": 86,
      "nas_rank": 2,
      "val_rank": 7,
      "ema_rank": 7,
      "best_rank": 10
    },
    {
      "arch_index": 13,
      "nas_quant_acc1": 81.25,
      "val_acc1": 90.29116465863453,
      "ema_acc1": 92.41575677710844,
      "best_val_acc1": 93.55186370481927,
      "best_ema_acc1": 92.44289658634538,
      "epochs_completed": 86,
      "nas_rank": 1,
      "val_rank": 9,
      "ema_rank": 2,
      "best_rank": 7
    },
    {
      "arch_index": 14,
      "nas_quant_acc1": 85.5,
      "val_acc1": 90.11263805220884,
      "ema_acc1": 92.6832329317269,
      "best_val_acc1": 94.20290537148594,
      "best_ema_acc1": 92.6832329317269,
      "epochs_completed": 86,
      "nas_rank": 0,
      "val_rank": 10,
      "ema_rank": 0,
      "best_rank": 1
    }
  ],
  "timestamp": "2026-06-03T23:14:19.858132"
}