{
  "cycle": 145,
  "completed_arch_indices": [
    0,
    1,
    2,
    3,
    4,
    5,
    6,
    7,
    8,
    9,
    10,
    11,
    12,
    13,
    14
  ],
  "cycle_val_results": {
    "0": [
      92.54157254016064,
      94.59572665662651,
      95.79583960843372,
      94.59572665662651
    ],
    "1": [
      88.64771586345381,
      92.10921812248995,
      92.46187876506023,
      92.16130145582329
    ],
    "2": [
      90.17884036144578,
      92.74723895582329,
      92.76998619477912,
      92.76731927710844
    ],
    "3": [
      91.1863077309237,
      93.81337851405623,
      93.73415537148594,
      93.81337851405623
    ],
    "4": [
      90.64053087349399,
      93.23120607429719,
      93.37223895582329,
      93.25724774096385
    ],
    "5": [
      91.51292670682732,
      94.3390750502008,
      94.22784889558233,
      94.40417921686748
    ],
    "6": [
      91.99093247991968,
      94.23600652610442,
      94.11772088353413,
      94.23600652610442
    ],
    "7": [
      89.9043047188755,
      93.91315261044177,
      94.08728664658635,
      93.93213478915662
    ],
    "8": [
      90.94597138554217,
      93.93433107429719,
      94.0504204317269,
      93.94735190763052
    ],
    "9": [
      91.39307228915662,
      94.43022088353413,
      94.4253576807229,
      94.44324171686748
    ],
    "10": [
      90.68445657630521,
      93.99237575301206,
      94.21263177710844,
      93.99237575301206
    ],
    "11": [
      90.84400100401606,
      94.11662274096385,
      94.0894829317269,
      94.14266440763052
    ],
    "12": [
      92.09619728915662,
      94.17466741967873,
      93.97339357429719,
      94.17466741967873
    ],
    "13": [
      90.75442394578313,
      93.89636671686748,
      93.97449171686748,
      93.89636671686748
    ],
    "14": [
      90.64915913654619,
      94.44324171686748,
      94.36731300200803,
      94.4562625502008
    ]
  }
}