{
  "cycle": 145,
  "n_archs": 15,
  "spearman_r": 0.04642857142857142,
  "spearman_p": 0.8694915255450946,
  "pearson_r": -0.29974941983447595,
  "pearson_p": 0.27773793319466117,
  "kendall_tau": 0.028571428571428574,
  "kendall_p": 0.9225700904951897,
  "bootstrap_ci_spearman": [
    -0.5884534432259383,
    0.6642792798760043
  ],
  "spearman_r_ema": 0.3214285714285714,
  "spearman_p_ema": 0.24271904680166836,
  "pearson_r_ema": -0.03665485118322579,
  "pearson_p_ema": 0.8968117094308738,
  "kendall_tau_ema": 0.29523809523809524,
  "kendall_p_ema": 0.13946285911906778,
  "bootstrap_ci_spearman_ema": [
    -0.358721066624961,
    0.891314157902998
  ],
  "spearman_r_best": 0.2714285714285714,
  "spearman_p_best": 0.3277893068411727,
  "pearson_r_best": -0.4378049545596794,
  "pearson_p_best": 0.10265138521655313,
  "kendall_tau_best": 0.20000000000000004,
  "kendall_p_best": 0.3282335876694342,
  "bootstrap_ci_spearman_best": [
    -0.3804347826086958,
    0.8411741479082606
  ],
  "mean_val_acc1": 90.9313608601071,
  "std_val_acc1": 0.9557798295094726,
  "mean_ema_acc1": 93.86485525435074,
  "mean_best_val_acc1": 93.97733642904954,
  "per_arch": [
    {
      "arch_index": 0,
      "nas_quant_acc1": 10.0,
      "val_acc1": 92.54157254016064,
      "ema_acc1": 94.59572665662651,
      "best_val_acc1": 95.79583960843372,
      "best_ema_acc1": 94.59572665662651,
      "epochs_completed": 146,
      "nas_rank": 14,
      "val_rank": 0,
      "ema_rank": 0,
      "best_rank": 0
    },
    {
      "arch_index": 1,
      "nas_quant_acc1": 63.5,
      "val_acc1": 88.64771586345381,
      "ema_acc1": 92.10921812248995,
      "best_val_acc1": 92.46187876506023,
      "best_ema_acc1": 92.16130145582329,
      "epochs_completed": 146,
      "nas_rank": 13,
      "val_rank": 14,
      "ema_rank": 14,
      "best_rank": 14
    },
    {
      "arch_index": 2,
      "nas_quant_acc1": 68.25,
      "val_acc1": 90.17884036144578,
      "ema_acc1": 92.74723895582329,
      "best_val_acc1": 92.76998619477912,
      "best_ema_acc1": 92.76731927710844,
      "epochs_completed": 146,
      "nas_rank": 12,
      "val_rank": 12,
      "ema_rank": 13,
      "best_rank": 13
    },
    {
      "arch_index": 3,
      "nas_quant_acc1": 71.5,
      "val_acc1": 91.1863077309237,
      "ema_acc1": 93.81337851405623,
      "best_val_acc1": 93.73415537148594,
      "best_ema_acc1": 93.81337851405623,
      "epochs_completed": 146,
      "nas_rank": 11,
      "val_rank": 5,
      "ema_rank": 11,
      "best_rank": 11
    },
    {
      "arch_index": 4,
      "nas_quant_acc1": 74.0,
      "val_acc1": 90.64053087349399,
      "ema_acc1": 93.23120607429719,
      "best_val_acc1": 93.37223895582329,
      "best_ema_acc1": 93.25724774096385,
      "epochs_completed": 146,
      "nas_rank": 10,
      "val_rank": 11,
      "ema_rank": 12,
      "best_rank": 12
    },
    {
      "arch_index": 5,
      "nas_quant_acc1": 75.5,
      "val_acc1": 91.51292670682732,
      "ema_acc1": 94.3390750502008,
      "best_val_acc1": 94.22784889558233,
      "best_ema_acc1": 94.40417921686748,
      "epochs_completed": 146,
      "nas_rank": 9,
      "val_rank": 3,
      "ema_rank": 3,
      "best_rank": 3
    },
    {
      "arch_index": 6,
      "nas_quant_acc1": 76.5,
      "val_acc1": 91.99093247991968,
      "ema_acc1": 94.23600652610442,
      "best_val_acc1": 94.11772088353413,
      "best_ema_acc1": 94.23600652610442,
      "epochs_completed": 146,
      "nas_rank": 8,
      "val_rank": 2,
      "ema_rank": 4,
      "best_rank": 5
    },
    {
      "arch_index": 7,
      "nas_quant_acc1": 77.25,
      "val_acc1": 89.9043047188755,
      "ema_acc1": 93.91315261044177,
      "best_val_acc1": 94.08728664658635,
      "best_ema_acc1": 93.93213478915662,
      "epochs_completed": 146,
      "nas_rank": 7,
      "val_rank": 13,
      "ema_rank": 9,
      "best_rank": 7
    },
    {
      "arch_index": 8,
      "nas_quant_acc1": 78.0,
      "val_acc1": 90.94597138554217,
      "ema_acc1": 93.93433107429719,
      "best_val_acc1": 94.0504204317269,
      "best_ema_acc1": 93.94735190763052,
      "epochs_completed": 146,
      "nas_rank": 6,
      "val_rank": 6,
      "ema_rank": 8,
      "best_rank": 8
    },
    {
      "arch_index": 9,
      "nas_quant_acc1": 78.5,
      "val_acc1": 91.39307228915662,
      "ema_acc1": 94.43022088353413,
      "best_val_acc1": 94.4253576807229,
      "best_ema_acc1": 94.44324171686748,
      "epochs_completed": 146,
      "nas_rank": 5,
      "val_rank": 4,
      "ema_rank": 2,
      "best_rank": 1
    },
    {
      "arch_index": 10,
      "nas_quant_acc1": 79.0,
      "val_acc1": 90.68445657630521,
      "ema_acc1": 93.99237575301206,
      "best_val_acc1": 94.21263177710844,
      "best_ema_acc1": 93.99237575301206,
      "epochs_completed": 146,
      "nas_rank": 4,
      "val_rank": 9,
      "ema_rank": 7,
      "best_rank": 4
    },
    {
      "arch_index": 11,
      "nas_quant_acc1": 79.75,
      "val_acc1": 90.84400100401606,
      "ema_acc1": 94.11662274096385,
      "best_val_acc1": 94.0894829317269,
      "best_ema_acc1": 94.14266440763052,
      "epochs_completed": 146,
      "nas_rank": 3,
      "val_rank": 7,
      "ema_rank": 6,
      "best_rank": 6
    },
    {
      "arch_index": 12,
      "nas_quant_acc1": 80.25,
      "val_acc1": 92.09619728915662,
      "ema_acc1": 94.17466741967873,
      "best_val_acc1": 93.97339357429719,
      "best_ema_acc1": 94.17466741967873,
      "epochs_completed": 146,
      "nas_rank": 2,
      "val_rank": 1,
      "ema_rank": 5,
      "best_rank": 10
    },
    {
      "arch_index": 13,
      "nas_quant_acc1": 81.25,
      "val_acc1": 90.75442394578313,
      "ema_acc1": 93.89636671686748,
      "best_val_acc1": 93.97449171686748,
      "best_ema_acc1": 93.89636671686748,
      "epochs_completed": 146,
      "nas_rank": 1,
      "val_rank": 8,
      "ema_rank": 10,
      "best_rank": 9
    },
    {
      "arch_index": 14,
      "nas_quant_acc1": 85.5,
      "val_acc1": 90.64915913654619,
      "ema_acc1": 94.44324171686748,
      "best_val_acc1": 94.36731300200803,
      "best_ema_acc1": 94.4562625502008,
      "epochs_completed": 146,
      "nas_rank": 0,
      "val_rank": 10,
      "ema_rank": 1,
      "best_rank": 2
    }
  ],
  "timestamp": "2026-06-04T08:54:22.361803"
}