{
  "cycle": 147,
  "completed_arch_indices": [
    0,
    1,
    2,
    3,
    4,
    5,
    6,
    7,
    8,
    9,
    10,
    11,
    12,
    13,
    14
  ],
  "cycle_val_results": {
    "0": [
      94.45845883534136,
      94.67385165662651,
      95.79583960843372,
      94.67385165662651
    ],
    "1": [
      89.70412901606427,
      92.10215863453816,
      92.46187876506023,
      92.16130145582329
    ],
    "2": [
      91.15650100401606,
      92.78630145582329,
      92.76998619477912,
      92.78630145582329
    ],
    "3": [
      92.76841741967873,
      93.8394201807229,
      93.73415537148594,
      93.8394201807229
    ],
    "4": [
      92.1140813253012,
      93.29034889558233,
      93.37223895582329,
      93.30336972891565
    ],
    "5": [
      92.74614081325302,
      94.35915537148594,
      94.22784889558233,
      94.40417921686748
    ],
    "6": [
      93.04891440763052,
      94.2300451807229,
      94.11772088353413,
      94.24902735943776
    ],
    "7": [
      92.00881651606427,
      93.97935491967873,
      94.08728664658635,
      93.97935491967873
    ],
    "8": [
      92.61812876506023,
      93.98045306224898,
      94.0504204317269,
      93.98045306224898
    ],
    "9": [
      93.40047690763052,
      94.46332203815261,
      94.4253576807229,
      94.46332203815261
    ],
    "10": [
      92.38265562248995,
      93.97935491967873,
      94.21263177710844,
      94.03143825301206
    ],
    "11": [
      92.87038780120481,
      94.11662274096385,
      94.0894829317269,
      94.14266440763052
    ],
    "12": [
      92.71413780120481,
      94.31193524096385,
      93.97339357429719,
      94.31193524096385
    ],
    "13": [
      92.4417984437751,
      93.89636671686748,
      93.97449171686748,
      93.89636671686748
    ],
    "14": [
      93.30603664658635,
      94.44324171686748,
      94.36731300200803,
      94.4562625502008
    ]
  }
}