{
  "cycle": 147,
  "n_archs": 15,
  "spearman_r": 0.2071428571428571,
  "spearman_p": 0.4588428049634703,
  "pearson_r": -0.2683266934613714,
  "pearson_p": 0.33356439477189426,
  "kendall_tau": 0.18095238095238098,
  "kendall_p": 0.3794503959627968,
  "bootstrap_ci_spearman": [
    -0.4249672858786782,
    0.7906190176530984
  ],
  "spearman_r_ema": 0.3127793920987215,
  "spearman_p_ema": 0.2563461530109663,
  "pearson_r_ema": -0.05280243433053214,
  "pearson_p_ema": 0.8517465428122676,
  "kendall_tau_ema": 0.2679456508228335,
  "kendall_p_ema": 0.16533796761616726,
  "bootstrap_ci_spearman_ema": [
    -0.36298364593626015,
    0.8700440470269332
  ],
  "spearman_r_best": 0.2714285714285714,
  "spearman_p_best": 0.3277893068411727,
  "pearson_r_best": -0.4378049545596794,
  "pearson_p_best": 0.10265138521655313,
  "kendall_tau_best": 0.20000000000000004,
  "kendall_p_best": 0.3282335876694342,
  "bootstrap_ci_spearman_best": [
    -0.3804347826086958,
    0.8411741479082606
  ],
  "mean_val_acc1": 92.51593875502006,
  "std_val_acc1": 1.0674561391359412,
  "mean_ema_acc1": 93.89679551539491,
  "mean_best_val_acc1": 93.97733642904954,
  "per_arch": [
    {
      "arch_index": 0,
      "nas_quant_acc1": 10.0,
      "val_acc1": 94.45845883534136,
      "ema_acc1": 94.67385165662651,
      "best_val_acc1": 95.79583960843372,
      "best_ema_acc1": 94.67385165662651,
      "epochs_completed": 148,
      "nas_rank": 14,
      "val_rank": 0,
      "ema_rank": 0,
      "best_rank": 0
    },
    {
      "arch_index": 1,
      "nas_quant_acc1": 63.5,
      "val_acc1": 89.70412901606427,
      "ema_acc1": 92.10215863453816,
      "best_val_acc1": 92.46187876506023,
      "best_ema_acc1": 92.16130145582329,
      "epochs_completed": 148,
      "nas_rank": 13,
      "val_rank": 14,
      "ema_rank": 14,
      "best_rank": 14
    },
    {
      "arch_index": 2,
      "nas_quant_acc1": 68.25,
      "val_acc1": 91.15650100401606,
      "ema_acc1": 92.78630145582329,
      "best_val_acc1": 92.76998619477912,
      "best_ema_acc1": 92.78630145582329,
      "epochs_completed": 148,
      "nas_rank": 12,
      "val_rank": 13,
      "ema_rank": 13,
      "best_rank": 13
    },
    {
      "arch_index": 3,
      "nas_quant_acc1": 71.5,
      "val_acc1": 92.76841741967873,
      "ema_acc1": 93.8394201807229,
      "best_val_acc1": 93.73415537148594,
      "best_ema_acc1": 93.8394201807229,
      "epochs_completed": 148,
      "nas_rank": 11,
      "val_rank": 5,
      "ema_rank": 11,
      "best_rank": 11
    },
    {
      "arch_index": 4,
      "nas_quant_acc1": 74.0,
      "val_acc1": 92.1140813253012,
      "ema_acc1": 93.29034889558233,
      "best_val_acc1": 93.37223895582329,
      "best_ema_acc1": 93.30336972891565,
      "epochs_completed": 148,
      "nas_rank": 10,
      "val_rank": 11,
      "ema_rank": 12,
      "best_rank": 12
    },
    {
      "arch_index": 5,
      "nas_quant_acc1": 75.5,
      "val_acc1": 92.74614081325302,
      "ema_acc1": 94.35915537148594,
      "best_val_acc1": 94.22784889558233,
      "best_ema_acc1": 94.40417921686748,
      "epochs_completed": 148,
      "nas_rank": 9,
      "val_rank": 6,
      "ema_rank": 3,
      "best_rank": 3
    },
    {
      "arch_index": 6,
      "nas_quant_acc1": 76.5,
      "val_acc1": 93.04891440763052,
      "ema_acc1": 94.2300451807229,
      "best_val_acc1": 94.11772088353413,
      "best_ema_acc1": 94.24902735943776,
      "epochs_completed": 148,
      "nas_rank": 8,
      "val_rank": 3,
      "ema_rank": 5,
      "best_rank": 5
    },
    {
      "arch_index": 7,
      "nas_quant_acc1": 77.25,
      "val_acc1": 92.00881651606427,
      "ema_acc1": 93.97935491967873,
      "best_val_acc1": 94.08728664658635,
      "best_ema_acc1": 93.97935491967873,
      "epochs_completed": 148,
      "nas_rank": 7,
      "val_rank": 12,
      "ema_rank": 8,
      "best_rank": 7
    },
    {
      "arch_index": 8,
      "nas_quant_acc1": 78.0,
      "val_acc1": 92.61812876506023,
      "ema_acc1": 93.98045306224898,
      "best_val_acc1": 94.0504204317269,
      "best_ema_acc1": 93.98045306224898,
      "epochs_completed": 148,
      "nas_rank": 6,
      "val_rank": 8,
      "ema_rank": 7,
      "best_rank": 8
    },
    {
      "arch_index": 9,
      "nas_quant_acc1": 78.5,
      "val_acc1": 93.40047690763052,
      "ema_acc1": 94.46332203815261,
      "best_val_acc1": 94.4253576807229,
      "best_ema_acc1": 94.46332203815261,
      "epochs_completed": 148,
      "nas_rank": 5,
      "val_rank": 1,
      "ema_rank": 1,
      "best_rank": 1
    },
    {
      "arch_index": 10,
      "nas_quant_acc1": 79.0,
      "val_acc1": 92.38265562248995,
      "ema_acc1": 93.97935491967873,
      "best_val_acc1": 94.21263177710844,
      "best_ema_acc1": 94.03143825301206,
      "epochs_completed": 148,
      "nas_rank": 4,
      "val_rank": 10,
      "ema_rank": 9,
      "best_rank": 4
    },
    {
      "arch_index": 11,
      "nas_quant_acc1": 79.75,
      "val_acc1": 92.87038780120481,
      "ema_acc1": 94.11662274096385,
      "best_val_acc1": 94.0894829317269,
      "best_ema_acc1": 94.14266440763052,
      "epochs_completed": 148,
      "nas_rank": 3,
      "val_rank": 4,
      "ema_rank": 6,
      "best_rank": 6
    },
    {
      "arch_index": 12,
      "nas_quant_acc1": 80.25,
      "val_acc1": 92.71413780120481,
      "ema_acc1": 94.31193524096385,
      "best_val_acc1": 93.97339357429719,
      "best_ema_acc1": 94.31193524096385,
      "epochs_completed": 148,
      "nas_rank": 2,
      "val_rank": 7,
      "ema_rank": 4,
      "best_rank": 10
    },
    {
      "arch_index": 13,
      "nas_quant_acc1": 81.25,
      "val_acc1": 92.4417984437751,
      "ema_acc1": 93.89636671686748,
      "best_val_acc1": 93.97449171686748,
      "best_ema_acc1": 93.89636671686748,
      "epochs_completed": 148,
      "nas_rank": 1,
      "val_rank": 9,
      "ema_rank": 10,
      "best_rank": 9
    },
    {
      "arch_index": 14,
      "nas_quant_acc1": 85.5,
      "val_acc1": 93.30603664658635,
      "ema_acc1": 94.44324171686748,
      "best_val_acc1": 94.36731300200803,
      "best_ema_acc1": 94.4562625502008,
      "epochs_completed": 148,
      "nas_rank": 0,
      "val_rank": 2,
      "ema_rank": 2,
      "best_rank": 2
    }
  ],
  "timestamp": "2026-06-04T09:03:32.195783"
}