{
  "cycle": 96,
  "completed_arch_indices": [
    0,
    1,
    2,
    3,
    4,
    5,
    6,
    7,
    8,
    9,
    10,
    11,
    12,
    13,
    14
  ],
  "cycle_val_results": {
    "0": [
      93.38259287148594,
      89.5750188253012,
      95.42419678714859,
      92.39081325301206
    ],
    "1": [
      90.09145958835342,
      90.41431350401606,
      91.75169427710844,
      90.41431350401606
    ],
    "2": [
      89.83104292168674,
      91.02739081325302,
      92.37669427710844,
      91.03335215863453
    ],
    "3": [
      90.96275727911646,
      92.38375376506023,
      93.33537274096385,
      92.41685491967873
    ],
    "4": [
      91.64046812248995,
      91.80377761044177,
      92.96969126506023,
      91.83091741967873
    ],
    "5": [
      92.16130145582329,
      92.73045306224898,
      93.79110190763052,
      92.73045306224898
    ],
    "6": [
      92.12710215863453,
      92.69625376506023,
      93.76019703815261,
      92.69625376506023
    ],
    "7": [
      91.48798318273093,
      92.6371109437751,
      93.83502761044177,
      92.6371109437751
    ],
    "8": [
      91.95563504016064,
      92.53890562248995,
      93.56159011044177,
      92.56494728915662
    ],
    "9": [
      92.17212600401606,
      92.17102786144578,
      94.00649472891565,
      92.17102786144578
    ],
    "10": [
      91.98167670682732,
      92.3707329317269,
      93.58982806224898,
      92.3707329317269
    ],
    "11": [
      91.17328689759036,
      92.8004204317269,
      93.72709588353413,
      92.8004204317269
    ],
    "12": [
      91.57097138554217,
      92.67131024096385,
      93.48456325301206,
      92.71037274096385
    ],
    "13": [
      91.7234563253012,
      92.75539658634538,
      93.64787274096385,
      92.75539658634538
    ],
    "14": [
      91.71263177710844,
      93.04891440763052,
      94.20290537148594,
      93.04891440763052
    ]
  }
}