{
  "cycle": 96,
  "n_archs": 15,
  "spearman_r": 0.12142857142857141,
  "spearman_p": 0.6664011137233894,
  "pearson_r": -0.36564010392305035,
  "pearson_p": 0.18016896720187994,
  "kendall_tau": 0.08571428571428572,
  "kendall_p": 0.6971814254173712,
  "bootstrap_ci_spearman": [
    -0.5326086956521741,
    0.7231830354054873
  ],
  "spearman_r_ema": 0.7714285714285712,
  "spearman_p_ema": 0.0007568751073803471,
  "pearson_r_ema": 0.8586151898343517,
  "pearson_p_ema": 4.171954772059871e-05,
  "kendall_tau_ema": 0.6000000000000001,
  "kendall_p_ema": 0.0012858607977242237,
  "bootstrap_ci_spearman_ema": [
    0.2945187747035573,
    0.9632352941176471
  ],
  "spearman_r_best": 0.2928571428571428,
  "spearman_p_best": 0.289471667212401,
  "pearson_r_best": -0.390796955057923,
  "pearson_p_best": 0.149791230475398,
  "kendall_tau_best": 0.2571428571428572,
  "kendall_p_best": 0.20184282422518202,
  "bootstrap_ci_spearman_best": [
    -0.36220317209348285,
    0.8618244514106583
  ],
  "mean_val_acc1": 91.59829944779116,
  "std_val_acc1": 0.8621398911114011,
  "mean_ema_acc1": 92.10831869143239,
  "mean_best_val_acc1": 93.56428840361444,
  "per_arch": [
    {
      "arch_index": 0,
      "nas_quant_acc1": 10.0,
      "val_acc1": 93.38259287148594,
      "ema_acc1": 89.5750188253012,
      "best_val_acc1": 95.42419678714859,
      "best_ema_acc1": 92.39081325301206,
      "epochs_completed": 97,
      "nas_rank": 14,
      "val_rank": 0,
      "ema_rank": 14,
      "best_rank": 0
    },
    {
      "arch_index": 1,
      "nas_quant_acc1": 63.5,
      "val_acc1": 90.09145958835342,
      "ema_acc1": 90.41431350401606,
      "best_val_acc1": 91.75169427710844,
      "best_ema_acc1": 90.41431350401606,
      "epochs_completed": 97,
      "nas_rank": 13,
      "val_rank": 13,
      "ema_rank": 13,
      "best_rank": 14
    },
    {
      "arch_index": 2,
      "nas_quant_acc1": 68.25,
      "val_acc1": 89.83104292168674,
      "ema_acc1": 91.02739081325302,
      "best_val_acc1": 92.37669427710844,
      "best_ema_acc1": 91.03335215863453,
      "epochs_completed": 97,
      "nas_rank": 12,
      "val_rank": 14,
      "ema_rank": 12,
      "best_rank": 13
    },
    {
      "arch_index": 3,
      "nas_quant_acc1": 71.5,
      "val_acc1": 90.96275727911646,
      "ema_acc1": 92.38375376506023,
      "best_val_acc1": 93.33537274096385,
      "best_ema_acc1": 92.41685491967873,
      "epochs_completed": 97,
      "nas_rank": 11,
      "val_rank": 12,
      "ema_rank": 8,
      "best_rank": 11
    },
    {
      "arch_index": 4,
      "nas_quant_acc1": 74.0,
      "val_acc1": 91.64046812248995,
      "ema_acc1": 91.80377761044177,
      "best_val_acc1": 92.96969126506023,
      "best_ema_acc1": 91.83091741967873,
      "epochs_completed": 97,
      "nas_rank": 10,
      "val_rank": 8,
      "ema_rank": 11,
      "best_rank": 12
    },
    {
      "arch_index": 5,
      "nas_quant_acc1": 75.5,
      "val_acc1": 92.16130145582329,
      "ema_acc1": 92.73045306224898,
      "best_val_acc1": 93.79110190763052,
      "best_ema_acc1": 92.73045306224898,
      "epochs_completed": 97,
      "nas_rank": 9,
      "val_rank": 2,
      "ema_rank": 3,
      "best_rank": 4
    },
    {
      "arch_index": 6,
      "nas_quant_acc1": 76.5,
      "val_acc1": 92.12710215863453,
      "ema_acc1": 92.69625376506023,
      "best_val_acc1": 93.76019703815261,
      "best_ema_acc1": 92.69625376506023,
      "epochs_completed": 97,
      "nas_rank": 8,
      "val_rank": 3,
      "ema_rank": 4,
      "best_rank": 5
    },
    {
      "arch_index": 7,
      "nas_quant_acc1": 77.25,
      "val_acc1": 91.48798318273093,
      "ema_acc1": 92.6371109437751,
      "best_val_acc1": 93.83502761044177,
      "best_ema_acc1": 92.6371109437751,
      "epochs_completed": 97,
      "nas_rank": 7,
      "val_rank": 10,
      "ema_rank": 6,
      "best_rank": 3
    },
    {
      "arch_index": 8,
      "nas_quant_acc1": 78.0,
      "val_acc1": 91.95563504016064,
      "ema_acc1": 92.53890562248995,
      "best_val_acc1": 93.56159011044177,
      "best_ema_acc1": 92.56494728915662,
      "epochs_completed": 97,
      "nas_rank": 6,
      "val_rank": 5,
      "ema_rank": 7,
      "best_rank": 9
    },
    {
      "arch_index": 9,
      "nas_quant_acc1": 78.5,
      "val_acc1": 92.17212600401606,
      "ema_acc1": 92.17102786144578,
      "best_val_acc1": 94.00649472891565,
      "best_ema_acc1": 92.17102786144578,
      "epochs_completed": 97,
      "nas_rank": 5,
      "val_rank": 1,
      "ema_rank": 10,
      "best_rank": 2
    },
    {
      "arch_index": 10,
      "nas_quant_acc1": 79.0,
      "val_acc1": 91.98167670682732,
      "ema_acc1": 92.3707329317269,
      "best_val_acc1": 93.58982806224898,
      "best_ema_acc1": 92.3707329317269,
      "epochs_completed": 97,
      "nas_rank": 4,
      "val_rank": 4,
      "ema_rank": 9,
      "best_rank": 8
    },
    {
      "arch_index": 11,
      "nas_quant_acc1": 79.75,
      "val_acc1": 91.17328689759036,
      "ema_acc1": 92.8004204317269,
      "best_val_acc1": 93.72709588353413,
      "best_ema_acc1": 92.8004204317269,
      "epochs_completed": 97,
      "nas_rank": 3,
      "val_rank": 11,
      "ema_rank": 1,
      "best_rank": 6
    },
    {
      "arch_index": 12,
      "nas_quant_acc1": 80.25,
      "val_acc1": 91.57097138554217,
      "ema_acc1": 92.67131024096385,
      "best_val_acc1": 93.48456325301206,
      "best_ema_acc1": 92.71037274096385,
      "epochs_completed": 97,
      "nas_rank": 2,
      "val_rank": 9,
      "ema_rank": 5,
      "best_rank": 10
    },
    {
      "arch_index": 13,
      "nas_quant_acc1": 81.25,
      "val_acc1": 91.7234563253012,
      "ema_acc1": 92.75539658634538,
      "best_val_acc1": 93.64787274096385,
      "best_ema_acc1": 92.75539658634538,
      "epochs_completed": 97,
      "nas_rank": 1,
      "val_rank": 6,
      "ema_rank": 2,
      "best_rank": 7
    },
    {
      "arch_index": 14,
      "nas_quant_acc1": 85.5,
      "val_acc1": 91.71263177710844,
      "ema_acc1": 93.04891440763052,
      "best_val_acc1": 94.20290537148594,
      "best_ema_acc1": 93.04891440763052,
      "epochs_completed": 97,
      "nas_rank": 0,
      "val_rank": 7,
      "ema_rank": 0,
      "best_rank": 1
    }
  ],
  "timestamp": "2026-06-04T00:09:07.695823"
}