{
  "cycle": 148,
  "completed_arch_indices": [
    0,
    1,
    2,
    3,
    4,
    5,
    6,
    7,
    8,
    9,
    10,
    11,
    12,
    13,
    14
  ],
  "cycle_val_results": {
    "0": [
      94.76280120481927,
      94.69393197791165,
      95.79583960843372,
      94.69393197791165
    ],
    "1": [
      91.52437876506023,
      92.22530747991968,
      92.46187876506023,
      92.22530747991968
    ],
    "2": [
      91.65019452811245,
      92.86442645582329,
      92.76998619477912,
      92.86442645582329
    ],
    "3": [
      93.41679216867469,
      93.82639934738955,
      93.73415537148594,
      93.8394201807229
    ],
    "4": [
      92.41575677710844,
      93.40753639558233,
      93.37223895582329,
      93.40753639558233
    ],
    "5": [
      93.37333709839358,
      94.41123870481927,
      94.22784889558233,
      94.41123870481927
    ],
    "6": [
      93.49758408634538,
      94.33421184738955,
      94.11772088353413,
      94.33421184738955
    ],
    "7": [
      93.05048318273093,
      93.99833709839358,
      94.08728664658635,
      93.99833709839358
    ],
    "8": [
      93.2691704317269,
      93.94139056224898,
      94.0504204317269,
      93.98045306224898
    ],
    "9": [
      93.46777735943776,
      94.55446787148594,
      94.4253576807229,
      94.55446787148594
    ],
    "10": [
      92.86928965863453,
      93.97935491967873,
      94.21263177710844,
      94.03143825301206
    ],
    "11": [
      93.22195030120481,
      94.14266440763052,
      94.0894829317269,
      94.14266440763052
    ],
    "12": [
      93.52958709839358,
      94.31193524096385,
      93.97339357429719,
      94.31193524096385
    ],
    "13": [
      93.28219126506023,
      94.0265750502008,
      93.97449171686748,
      94.0265750502008
    ],
    "14": [
      93.62183107429719,
      94.4953250502008,
      94.36731300200803,
      94.4953250502008
    ]
  }
}