{
  "cycle": 39,
  "completed_arch_indices": [
    0,
    1,
    2,
    3,
    4,
    5,
    6,
    7,
    8,
    9,
    10,
    11,
    12,
    13,
    14
  ],
  "cycle_val_results": {
    "0": [
      94.13670306224898,
      91.91500376506023,
      94.50944402610442,
      91.91500376506023
    ],
    "1": [
      90.8640813253012,
      86.7347515060241,
      90.8640813253012,
      86.7347515060241
    ],
    "2": [
      91.22976280120481,
      87.24366214859438,
      91.22976280120481,
      87.24366214859438
    ],
    "3": [
      92.22640562248995,
      89.72907254016064,
      92.22640562248995,
      89.72907254016064
    ],
    "4": [
      91.88080446787149,
      89.26142068273093,
      91.88080446787149,
      89.26142068273093
    ],
    "5": [
      93.1449234437751,
      90.74093247991968,
      93.1449234437751,
      90.74093247991968
    ],
    "6": [
      92.89862575301206,
      90.38607555220884,
      92.89862575301206,
      90.38607555220884
    ],
    "7": [
      92.85407254016064,
      90.10667670682732,
      92.85407254016064,
      90.10667670682732
    ],
    "8": [
      92.39238202811245,
      89.88532254016064,
      92.53184613453816,
      89.88532254016064
    ],
    "9": [
      93.10099774096385,
      83.74482304216868,
      93.10099774096385,
      83.74482304216868
    ],
    "10": [
      92.98381024096385,
      89.89348017068274,
      92.98381024096385,
      89.89348017068274
    ],
    "11": [
      92.97078940763052,
      90.2933609437751,
      92.97078940763052,
      90.2933609437751
    ],
    "12": [
      92.81344126506023,
      90.3562688253012,
      92.81344126506023,
      90.3562688253012
    ],
    "13": [
      92.83461972891565,
      90.10887299196787,
      92.83461972891565,
      90.10887299196787
    ],
    "14": [
      93.29631024096385,
      91.27917921686748,
      93.29631024096385,
      91.27917921686748
    ]
  }
}