{
  "cycle": 39,
  "n_archs": 15,
  "spearman_r": 0.32499999999999996,
  "spearman_p": 0.23722543823723408,
  "pearson_r": -0.24665724983730894,
  "pearson_p": 0.37549342260764323,
  "kendall_tau": 0.2571428571428572,
  "kendall_p": 0.20184282422518202,
  "bootstrap_ci_spearman": [
    -0.37071549236175627,
    0.8773572463371964
  ],
  "spearman_r_ema": 0.2642857142857143,
  "spearman_p_ema": 0.3411737579900821,
  "pearson_r_ema": -0.18567355228185287,
  "pearson_p_ema": 0.5076357394180743,
  "kendall_tau_ema": 0.23809523809523814,
  "kendall_p_ema": 0.23945881568583288,
  "bootstrap_ci_spearman_ema": [
    -0.3927436497326203,
    0.8545454545454547
  ],
  "spearman_r_best": 0.32499999999999996,
  "spearman_p_best": 0.23722543823723408,
  "pearson_r_best": -0.33375553950991826,
  "pearson_p_best": 0.2240868830682281,
  "kendall_tau_best": 0.2571428571428572,
  "kendall_p_best": 0.20184282422518202,
  "bootstrap_ci_spearman_best": [
    -0.3322015000334828,
    0.8800000000000001
  ],
  "mean_val_acc1": 92.6418486445783,
  "std_val_acc1": 0.8236672181201689,
  "mean_ema_acc1": 89.44526020749666,
  "mean_best_val_acc1": 92.67599564926371,
  "per_arch": [
    {
      "arch_index": 0,
      "nas_quant_acc1": 10.0,
      "val_acc1": 94.13670306224898,
      "ema_acc1": 91.91500376506023,
      "best_val_acc1": 94.50944402610442,
      "best_ema_acc1": 91.91500376506023,
      "epochs_completed": 40,
      "nas_rank": 14,
      "val_rank": 0,
      "ema_rank": 0,
      "best_rank": 0
    },
    {
      "arch_index": 1,
      "nas_quant_acc1": 63.5,
      "val_acc1": 90.8640813253012,
      "ema_acc1": 86.7347515060241,
      "best_val_acc1": 90.8640813253012,
      "best_ema_acc1": 86.7347515060241,
      "epochs_completed": 40,
      "nas_rank": 13,
      "val_rank": 14,
      "ema_rank": 13,
      "best_rank": 14
    },
    {
      "arch_index": 2,
      "nas_quant_acc1": 68.25,
      "val_acc1": 91.22976280120481,
      "ema_acc1": 87.24366214859438,
      "best_val_acc1": 91.22976280120481,
      "best_ema_acc1": 87.24366214859438,
      "epochs_completed": 40,
      "nas_rank": 12,
      "val_rank": 13,
      "ema_rank": 12,
      "best_rank": 13
    },
    {
      "arch_index": 3,
      "nas_quant_acc1": 71.5,
      "val_acc1": 92.22640562248995,
      "ema_acc1": 89.72907254016064,
      "best_val_acc1": 92.22640562248995,
      "best_ema_acc1": 89.72907254016064,
      "epochs_completed": 40,
      "nas_rank": 11,
      "val_rank": 11,
      "ema_rank": 10,
      "best_rank": 11
    },
    {
      "arch_index": 4,
      "nas_quant_acc1": 74.0,
      "val_acc1": 91.88080446787149,
      "ema_acc1": 89.26142068273093,
      "best_val_acc1": 91.88080446787149,
      "best_ema_acc1": 89.26142068273093,
      "epochs_completed": 40,
      "nas_rank": 10,
      "val_rank": 12,
      "ema_rank": 11,
      "best_rank": 12
    },
    {
      "arch_index": 5,
      "nas_quant_acc1": 75.5,
      "val_acc1": 93.1449234437751,
      "ema_acc1": 90.74093247991968,
      "best_val_acc1": 93.1449234437751,
      "best_ema_acc1": 90.74093247991968,
      "epochs_completed": 40,
      "nas_rank": 9,
      "val_rank": 2,
      "ema_rank": 2,
      "best_rank": 2
    },
    {
      "arch_index": 6,
      "nas_quant_acc1": 76.5,
      "val_acc1": 92.89862575301206,
      "ema_acc1": 90.38607555220884,
      "best_val_acc1": 92.89862575301206,
      "best_ema_acc1": 90.38607555220884,
      "epochs_completed": 40,
      "nas_rank": 8,
      "val_rank": 6,
      "ema_rank": 3,
      "best_rank": 6
    },
    {
      "arch_index": 7,
      "nas_quant_acc1": 77.25,
      "val_acc1": 92.85407254016064,
      "ema_acc1": 90.10667670682732,
      "best_val_acc1": 92.85407254016064,
      "best_ema_acc1": 90.10667670682732,
      "epochs_completed": 40,
      "nas_rank": 7,
      "val_rank": 7,
      "ema_rank": 7,
      "best_rank": 7
    },
    {
      "arch_index": 8,
      "nas_quant_acc1": 78.0,
      "val_acc1": 92.39238202811245,
      "ema_acc1": 89.88532254016064,
      "best_val_acc1": 92.53184613453816,
      "best_ema_acc1": 89.88532254016064,
      "epochs_completed": 40,
      "nas_rank": 6,
      "val_rank": 10,
      "ema_rank": 9,
      "best_rank": 10
    },
    {
      "arch_index": 9,
      "nas_quant_acc1": 78.5,
      "val_acc1": 93.10099774096385,
      "ema_acc1": 83.74482304216868,
      "best_val_acc1": 93.10099774096385,
      "best_ema_acc1": 83.74482304216868,
      "epochs_completed": 40,
      "nas_rank": 5,
      "val_rank": 3,
      "ema_rank": 14,
      "best_rank": 3
    },
    {
      "arch_index": 10,
      "nas_quant_acc1": 79.0,
      "val_acc1": 92.98381024096385,
      "ema_acc1": 89.89348017068274,
      "best_val_acc1": 92.98381024096385,
      "best_ema_acc1": 89.89348017068274,
      "epochs_completed": 40,
      "nas_rank": 4,
      "val_rank": 4,
      "ema_rank": 8,
      "best_rank": 4
    },
    {
      "arch_index": 11,
      "nas_quant_acc1": 79.75,
      "val_acc1": 92.97078940763052,
      "ema_acc1": 90.2933609437751,
      "best_val_acc1": 92.97078940763052,
      "best_ema_acc1": 90.2933609437751,
      "epochs_completed": 40,
      "nas_rank": 3,
      "val_rank": 5,
      "ema_rank": 5,
      "best_rank": 5
    },
    {
      "arch_index": 12,
      "nas_quant_acc1": 80.25,
      "val_acc1": 92.81344126506023,
      "ema_acc1": 90.3562688253012,
      "best_val_acc1": 92.81344126506023,
      "best_ema_acc1": 90.3562688253012,
      "epochs_completed": 40,
      "nas_rank": 2,
      "val_rank": 9,
      "ema_rank": 4,
      "best_rank": 9
    },
    {
      "arch_index": 13,
      "nas_quant_acc1": 81.25,
      "val_acc1": 92.83461972891565,
      "ema_acc1": 90.10887299196787,
      "best_val_acc1": 92.83461972891565,
      "best_ema_acc1": 90.10887299196787,
      "epochs_completed": 40,
      "nas_rank": 1,
      "val_rank": 8,
      "ema_rank": 6,
      "best_rank": 8
    },
    {
      "arch_index": 14,
      "nas_quant_acc1": 85.5,
      "val_acc1": 93.29631024096385,
      "ema_acc1": 91.27917921686748,
      "best_val_acc1": 93.29631024096385,
      "best_ema_acc1": 91.27917921686748,
      "epochs_completed": 40,
      "nas_rank": 0,
      "val_rank": 1,
      "ema_rank": 1,
      "best_rank": 1
    }
  ],
  "timestamp": "2026-06-03T17:55:45.555966"
}