{
  "cycle": 49,
  "completed_arch_indices": [
    0,
    1,
    2,
    3,
    4,
    5,
    6,
    7,
    8,
    9,
    10,
    11,
    12,
    13,
    14
  ],
  "cycle_val_results": {
    "0": [
      94.47038152610442,
      92.09839357429719,
      94.50944402610442,
      92.39081325301206
    ],
    "1": [
      91.27478664658635,
      88.36784638554217,
      91.27478664658635,
      88.36784638554217
    ],
    "2": [
      91.44405747991968,
      88.99284638554217,
      91.44405747991968,
      88.99284638554217
    ],
    "3": [
      92.11737575301206,
      90.71489081325302,
      92.32241465863453,
      90.71489081325302
    ],
    "4": [
      92.23613202811245,
      90.30528363453816,
      92.23613202811245,
      90.30528363453816
    ],
    "5": [
      93.19433985943776,
      91.57426581325302,
      93.44550075301206,
      91.62038780120481
    ],
    "6": [
      93.55672690763052,
      91.30678965863453,
      93.55672690763052,
      91.30678965863453
    ],
    "7": [
      93.29787901606427,
      91.31275100401606,
      93.29787901606427,
      91.31275100401606
    ],
    "8": [
      92.72715863453816,
      91.08543549196787,
      92.72715863453816,
      91.08543549196787
    ],
    "9": [
      92.82646209839358,
      88.23544176706828,
      93.18618222891565,
      88.23544176706828
    ],
    "10": [
      93.27136671686748,
      91.30788780120481,
      93.27136671686748,
      91.30788780120481
    ],
    "11": [
      93.38855421686748,
      91.21674196787149,
      93.38855421686748,
      91.21674196787149
    ],
    "12": [
      92.67727158634538,
      91.12559613453816,
      93.01691139558233,
      91.12559613453816
    ],
    "13": [
      92.95557228915662,
      91.1765813253012,
      93.02993222891565,
      91.1765813253012
    ],
    "14": [
      93.08797690763052,
      91.79295306224898,
      93.56974774096385,
      91.79295306224898
    ]
  }
}