{
  "cycle": 49,
  "n_archs": 15,
  "spearman_r": 0.22142857142857136,
  "spearman_p": 0.42771371901637,
  "pearson_r": -0.32498826618963655,
  "pearson_p": 0.23724335978154923,
  "kendall_tau": 0.21904761904761905,
  "kendall_p": 0.2815660702955676,
  "bootstrap_ci_spearman": [
    -0.4412021046950891,
    0.8345330353364367
  ],
  "spearman_r_ema": 0.2071428571428571,
  "spearman_p_ema": 0.4588428049634703,
  "pearson_r_ema": -0.11528657233988723,
  "pearson_p_ema": 0.6824399779179761,
  "kendall_tau_ema": 0.1619047619047619,
  "kendall_p_ema": 0.43511891093211363,
  "bootstrap_ci_spearman_ema": [
    -0.4286235662148069,
    0.7902445473002525
  ],
  "spearman_r_best": 0.2821428571428571,
  "spearman_p_best": 0.30828445682005556,
  "pearson_r_best": -0.26480457429404847,
  "pearson_p_best": 0.3401912971516752,
  "kendall_tau_best": 0.23809523809523814,
  "kendall_p_best": 0.23945881568583288,
  "bootstrap_ci_spearman_best": [
    -0.37985997976010744,
    0.8586956521739133
  ],
  "mean_val_acc1": 92.83506944444444,
  "std_val_acc1": 0.8191159347772049,
  "mean_ema_acc1": 90.70758032128515,
  "mean_best_val_acc1": 92.95178631191432,
  "per_arch": [
    {
      "arch_index": 0,
      "nas_quant_acc1": 10.0,
      "val_acc1": 94.47038152610442,
      "ema_acc1": 92.09839357429719,
      "best_val_acc1": 94.50944402610442,
      "best_ema_acc1": 92.39081325301206,
      "epochs_completed": 50,
      "nas_rank": 14,
      "val_rank": 0,
      "ema_rank": 0,
      "best_rank": 0
    },
    {
      "arch_index": 1,
      "nas_quant_acc1": 63.5,
      "val_acc1": 91.27478664658635,
      "ema_acc1": 88.36784638554217,
      "best_val_acc1": 91.27478664658635,
      "best_ema_acc1": 88.36784638554217,
      "epochs_completed": 50,
      "nas_rank": 13,
      "val_rank": 14,
      "ema_rank": 13,
      "best_rank": 14
    },
    {
      "arch_index": 2,
      "nas_quant_acc1": 68.25,
      "val_acc1": 91.44405747991968,
      "ema_acc1": 88.99284638554217,
      "best_val_acc1": 91.44405747991968,
      "best_ema_acc1": 88.99284638554217,
      "epochs_completed": 50,
      "nas_rank": 12,
      "val_rank": 13,
      "ema_rank": 12,
      "best_rank": 13
    },
    {
      "arch_index": 3,
      "nas_quant_acc1": 71.5,
      "val_acc1": 92.11737575301206,
      "ema_acc1": 90.71489081325302,
      "best_val_acc1": 92.32241465863453,
      "best_ema_acc1": 90.71489081325302,
      "epochs_completed": 50,
      "nas_rank": 11,
      "val_rank": 12,
      "ema_rank": 10,
      "best_rank": 11
    },
    {
      "arch_index": 4,
      "nas_quant_acc1": 74.0,
      "val_acc1": 92.23613202811245,
      "ema_acc1": 90.30528363453816,
      "best_val_acc1": 92.23613202811245,
      "best_ema_acc1": 90.30528363453816,
      "epochs_completed": 50,
      "nas_rank": 10,
      "val_rank": 11,
      "ema_rank": 11,
      "best_rank": 12
    },
    {
      "arch_index": 5,
      "nas_quant_acc1": 75.5,
      "val_acc1": 93.19433985943776,
      "ema_acc1": 91.57426581325302,
      "best_val_acc1": 93.44550075301206,
      "best_ema_acc1": 91.62038780120481,
      "epochs_completed": 50,
      "nas_rank": 9,
      "val_rank": 5,
      "ema_rank": 2,
      "best_rank": 3
    },
    {
      "arch_index": 6,
      "nas_quant_acc1": 76.5,
      "val_acc1": 93.55672690763052,
      "ema_acc1": 91.30678965863453,
      "best_val_acc1": 93.55672690763052,
      "best_ema_acc1": 91.30678965863453,
      "epochs_completed": 50,
      "nas_rank": 8,
      "val_rank": 1,
      "ema_rank": 5,
      "best_rank": 2
    },
    {
      "arch_index": 7,
      "nas_quant_acc1": 77.25,
      "val_acc1": 93.29787901606427,
      "ema_acc1": 91.31275100401606,
      "best_val_acc1": 93.29787901606427,
      "best_ema_acc1": 91.31275100401606,
      "epochs_completed": 50,
      "nas_rank": 7,
      "val_rank": 3,
      "ema_rank": 3,
      "best_rank": 5
    },
    {
      "arch_index": 8,
      "nas_quant_acc1": 78.0,
      "val_acc1": 92.72715863453816,
      "ema_acc1": 91.08543549196787,
      "best_val_acc1": 92.72715863453816,
      "best_ema_acc1": 91.08543549196787,
      "epochs_completed": 50,
      "nas_rank": 6,
      "val_rank": 9,
      "ema_rank": 9,
      "best_rank": 10
    },
    {
      "arch_index": 9,
      "nas_quant_acc1": 78.5,
      "val_acc1": 92.82646209839358,
      "ema_acc1": 88.23544176706828,
      "best_val_acc1": 93.18618222891565,
      "best_ema_acc1": 88.23544176706828,
      "epochs_completed": 50,
      "nas_rank": 5,
      "val_rank": 8,
      "ema_rank": 14,
      "best_rank": 7
    },
    {
      "arch_index": 10,
      "nas_quant_acc1": 79.0,
      "val_acc1": 93.27136671686748,
      "ema_acc1": 91.30788780120481,
      "best_val_acc1": 93.27136671686748,
      "best_ema_acc1": 91.30788780120481,
      "epochs_completed": 50,
      "nas_rank": 4,
      "val_rank": 4,
      "ema_rank": 4,
      "best_rank": 6
    },
    {
      "arch_index": 11,
      "nas_quant_acc1": 79.75,
      "val_acc1": 93.38855421686748,
      "ema_acc1": 91.21674196787149,
      "best_val_acc1": 93.38855421686748,
      "best_ema_acc1": 91.21674196787149,
      "epochs_completed": 50,
      "nas_rank": 3,
      "val_rank": 2,
      "ema_rank": 6,
      "best_rank": 4
    },
    {
      "arch_index": 12,
      "nas_quant_acc1": 80.25,
      "val_acc1": 92.67727158634538,
      "ema_acc1": 91.12559613453816,
      "best_val_acc1": 93.01691139558233,
      "best_ema_acc1": 91.12559613453816,
      "epochs_completed": 50,
      "nas_rank": 2,
      "val_rank": 10,
      "ema_rank": 8,
      "best_rank": 9
    },
    {
      "arch_index": 13,
      "nas_quant_acc1": 81.25,
      "val_acc1": 92.95557228915662,
      "ema_acc1": 91.1765813253012,
      "best_val_acc1": 93.02993222891565,
      "best_ema_acc1": 91.1765813253012,
      "epochs_completed": 50,
      "nas_rank": 1,
      "val_rank": 7,
      "ema_rank": 7,
      "best_rank": 8
    },
    {
      "arch_index": 14,
      "nas_quant_acc1": 85.5,
      "val_acc1": 93.08797690763052,
      "ema_acc1": 91.79295306224898,
      "best_val_acc1": 93.56974774096385,
      "best_ema_acc1": 91.79295306224898,
      "epochs_completed": 50,
      "nas_rank": 0,
      "val_rank": 6,
      "ema_rank": 1,
      "best_rank": 1
    }
  ],
  "timestamp": "2026-06-03T18:55:03.699129"
}