{
  "cycle": 61,
  "completed_arch_indices": [
    0,
    1,
    2,
    3,
    4,
    5,
    6,
    7,
    8,
    9,
    10,
    11,
    12,
    13,
    14
  ],
  "cycle_val_results": {
    "0": [
      89.75181977911646,
      91.45331325301206,
      95.23484563253012,
      92.39081325301206
    ],
    "1": [
      82.97220130522088,
      89.19631651606427,
      91.75169427710844,
      89.19631651606427
    ],
    "2": [
      88.07699548192771,
      89.86037901606427,
      92.13416164658635,
      89.86037901606427
    ],
    "3": [
      88.4214984939759,
      91.45817645582329,
      92.78630145582329,
      91.45817645582329
    ],
    "4": [
      86.48515938755021,
      91.02739081325302,
      92.54596511044177,
      91.02739081325302
    ],
    "5": [
      89.8804593373494,
      91.98497113453816,
      93.59092620481927,
      92.01101280120481
    ],
    "6": [
      88.13990336345381,
      91.70447414658635,
      93.66089357429719,
      91.70447414658635
    ],
    "7": [
      85.96652233935743,
      91.9968938253012,
      93.51436997991968,
      92.00991465863453
    ],
    "8": [
      88.507781124498,
      91.75765562248995,
      93.18288780120481,
      91.75765562248995
    ],
    "9": [
      90.61825426706828,
      89.95419176706828,
      93.61696787148594,
      89.95419176706828
    ],
    "10": [
      89.32323042168674,
      91.45111696787149,
      93.3792984437751,
      91.50210215863453
    ],
    "11": [
      88.08625125502007,
      91.82166164658635,
      93.38855421686748,
      91.82166164658635
    ],
    "12": [
      88.70795682730925,
      91.75059613453816,
      93.32125376506023,
      91.75059613453816
    ],
    "13": [
      88.6304593373494,
      91.84284011044177,
      93.23606927710844,
      91.84880145582329
    ],
    "14": [
      89.49359939759036,
      92.07831325301206,
      93.70215235943776,
      92.09839357429719
    ]
  }
}