{
  "cycle": 61,
  "n_archs": 15,
  "spearman_r": 0.32499999999999996,
  "spearman_p": 0.23722543823723408,
  "pearson_r": -0.022711795462336787,
  "pearson_p": 0.9359662470433782,
  "kendall_tau": 0.2571428571428572,
  "kendall_p": 0.20184282422518202,
  "bootstrap_ci_spearman": [
    -0.2501261467889908,
    0.8043566711219435
  ],
  "spearman_r_ema": 0.5892857142857142,
  "spearman_p_ema": 0.020794358483161638,
  "pearson_r_ema": 0.17530893308324583,
  "pearson_p_ema": 0.5320136271510699,
  "kendall_tau_ema": 0.4666666666666667,
  "kendall_p_ema": 0.015510823225067603,
  "bootstrap_ci_spearman_ema": [
    0.080990990990991,
    0.8921430069059497
  ],
  "spearman_r_best": 0.27499999999999997,
  "spearman_p_best": 0.3212111733193767,
  "pearson_r_best": -0.4611613189559848,
  "pearson_p_best": 0.0835942278418149,
  "kendall_tau_best": 0.20000000000000004,
  "kendall_p_best": 0.3282335876694342,
  "bootstrap_ci_spearman_best": [
    -0.3933823529411765,
    0.8461678832116785
  ],
  "mean_val_acc1": 88.20413947456493,
  "std_val_acc1": 1.8877915578299673,
  "mean_ema_acc1": 91.28921937751005,
  "mean_best_val_acc1": 93.26975610776441,
  "per_arch": [
    {
      "arch_index": 0,
      "nas_quant_acc1": 10.0,
      "val_acc1": 89.75181977911646,
      "ema_acc1": 91.45331325301206,
      "best_val_acc1": 95.23484563253012,
      "best_ema_acc1": 92.39081325301206,
      "epochs_completed": 62,
      "nas_rank": 14,
      "val_rank": 2,
      "ema_rank": 9,
      "best_rank": 0
    },
    {
      "arch_index": 1,
      "nas_quant_acc1": 63.5,
      "val_acc1": 82.97220130522088,
      "ema_acc1": 89.19631651606427,
      "best_val_acc1": 91.75169427710844,
      "best_ema_acc1": 89.19631651606427,
      "epochs_completed": 62,
      "nas_rank": 13,
      "val_rank": 14,
      "ema_rank": 14,
      "best_rank": 14
    },
    {
      "arch_index": 2,
      "nas_quant_acc1": 68.25,
      "val_acc1": 88.07699548192771,
      "ema_acc1": 89.86037901606427,
      "best_val_acc1": 92.13416164658635,
      "best_ema_acc1": 89.86037901606427,
      "epochs_completed": 62,
      "nas_rank": 12,
      "val_rank": 11,
      "ema_rank": 13,
      "best_rank": 13
    },
    {
      "arch_index": 3,
      "nas_quant_acc1": 71.5,
      "val_acc1": 88.4214984939759,
      "ema_acc1": 91.45817645582329,
      "best_val_acc1": 92.78630145582329,
      "best_ema_acc1": 91.45817645582329,
      "epochs_completed": 62,
      "nas_rank": 11,
      "val_rank": 8,
      "ema_rank": 8,
      "best_rank": 11
    },
    {
      "arch_index": 4,
      "nas_quant_acc1": 74.0,
      "val_acc1": 86.48515938755021,
      "ema_acc1": 91.02739081325302,
      "best_val_acc1": 92.54596511044177,
      "best_ema_acc1": 91.02739081325302,
      "epochs_completed": 62,
      "nas_rank": 10,
      "val_rank": 12,
      "ema_rank": 11,
      "best_rank": 12
    },
    {
      "arch_index": 5,
      "nas_quant_acc1": 75.5,
      "val_acc1": 89.8804593373494,
      "ema_acc1": 91.98497113453816,
      "best_val_acc1": 93.59092620481927,
      "best_ema_acc1": 92.01101280120481,
      "epochs_completed": 62,
      "nas_rank": 9,
      "val_rank": 1,
      "ema_rank": 2,
      "best_rank": 4
    },
    {
      "arch_index": 6,
      "nas_quant_acc1": 76.5,
      "val_acc1": 88.13990336345381,
      "ema_acc1": 91.70447414658635,
      "best_val_acc1": 93.66089357429719,
      "best_ema_acc1": 91.70447414658635,
      "epochs_completed": 62,
      "nas_rank": 8,
      "val_rank": 9,
      "ema_rank": 7,
      "best_rank": 2
    },
    {
      "arch_index": 7,
      "nas_quant_acc1": 77.25,
      "val_acc1": 85.96652233935743,
      "ema_acc1": 91.9968938253012,
      "best_val_acc1": 93.51436997991968,
      "best_ema_acc1": 92.00991465863453,
      "epochs_completed": 62,
      "nas_rank": 7,
      "val_rank": 13,
      "ema_rank": 1,
      "best_rank": 5
    },
    {
      "arch_index": 8,
      "nas_quant_acc1": 78.0,
      "val_acc1": 88.507781124498,
      "ema_acc1": 91.75765562248995,
      "best_val_acc1": 93.18288780120481,
      "best_ema_acc1": 91.75765562248995,
      "epochs_completed": 62,
      "nas_rank": 6,
      "val_rank": 7,
      "ema_rank": 5,
      "best_rank": 10
    },
    {
      "arch_index": 9,
      "nas_quant_acc1": 78.5,
      "val_acc1": 90.61825426706828,
      "ema_acc1": 89.95419176706828,
      "best_val_acc1": 93.61696787148594,
      "best_ema_acc1": 89.95419176706828,
      "epochs_completed": 62,
      "nas_rank": 5,
      "val_rank": 0,
      "ema_rank": 12,
      "best_rank": 3
    },
    {
      "arch_index": 10,
      "nas_quant_acc1": 79.0,
      "val_acc1": 89.32323042168674,
      "ema_acc1": 91.45111696787149,
      "best_val_acc1": 93.3792984437751,
      "best_ema_acc1": 91.50210215863453,
      "epochs_completed": 62,
      "nas_rank": 4,
      "val_rank": 4,
      "ema_rank": 10,
      "best_rank": 7
    },
    {
      "arch_index": 11,
      "nas_quant_acc1": 79.75,
      "val_acc1": 88.08625125502007,
      "ema_acc1": 91.82166164658635,
      "best_val_acc1": 93.38855421686748,
      "best_ema_acc1": 91.82166164658635,
      "epochs_completed": 62,
      "nas_rank": 3,
      "val_rank": 10,
      "ema_rank": 4,
      "best_rank": 6
    },
    {
      "arch_index": 12,
      "nas_quant_acc1": 80.25,
      "val_acc1": 88.70795682730925,
      "ema_acc1": 91.75059613453816,
      "best_val_acc1": 93.32125376506023,
      "best_ema_acc1": 91.75059613453816,
      "epochs_completed": 62,
      "nas_rank": 2,
      "val_rank": 5,
      "ema_rank": 6,
      "best_rank": 8
    },
    {
      "arch_index": 13,
      "nas_quant_acc1": 81.25,
      "val_acc1": 88.6304593373494,
      "ema_acc1": 91.84284011044177,
      "best_val_acc1": 93.23606927710844,
      "best_ema_acc1": 91.84880145582329,
      "epochs_completed": 62,
      "nas_rank": 1,
      "val_rank": 6,
      "ema_rank": 3,
      "best_rank": 9
    },
    {
      "arch_index": 14,
      "nas_quant_acc1": 85.5,
      "val_acc1": 89.49359939759036,
      "ema_acc1": 92.07831325301206,
      "best_val_acc1": 93.70215235943776,
      "best_ema_acc1": 92.09839357429719,
      "epochs_completed": 62,
      "nas_rank": 0,
      "val_rank": 3,
      "ema_rank": 0,
      "best_rank": 1
    }
  ],
  "timestamp": "2026-06-03T21:14:09.575833"
}