{
  "cycle": 75,
  "completed_arch_indices": [
    0,
    1,
    2,
    3,
    4,
    5,
    6,
    7,
    8,
    9,
    10,
    11,
    12,
    13,
    14
  ],
  "cycle_val_results": {
    "0": [
      90.31987324297188,
      89.92548318273093,
      95.23484563253012,
      92.39081325301206
    ],
    "1": [
      88.56096260040161,
      89.72530747991968,
      91.75169427710844,
      89.74428965863453
    ],
    "2": [
      88.66026606425703,
      90.21084337349399,
      92.13416164658635,
      90.31501004016064
    ],
    "3": [
      90.49134036144578,
      91.64046812248995,
      92.80528363453816,
      91.64046812248995
    ],
    "4": [
      90.08989081325302,
      91.43213478915662,
      92.63491465863453,
      91.47119728915662
    ],
    "5": [
      91.75875376506023,
      92.20146209839358,
      93.6750125502008,
      92.2535454317269
    ],
    "6": [
      91.02848895582329,
      91.98497113453816,
      93.66089357429719,
      92.08913780120481
    ],
    "7": [
      91.01923318273093,
      92.00991465863453,
      93.70042670682732,
      92.05007530120481
    ],
    "8": [
      90.19562625502007,
      92.33763177710844,
      93.18288780120481,
      92.37669427710844
    ],
    "9": [
      91.27478664658635,
      90.9280873493976,
      93.61696787148594,
      90.9280873493976
    ],
    "10": [
      90.99319151606427,
      91.73051581325302,
      93.3863579317269,
      91.78856049196787
    ],
    "11": [
      91.10928087349399,
      92.1683609437751,
      93.62998870481927,
      92.1683609437751
    ],
    "12": [
      90.39203689759036,
      91.99203062248995,
      93.32125376506023,
      92.05713478915662
    ],
    "13": [
      91.06535517068274,
      92.18138177710844,
      93.55186370481927,
      92.18138177710844
    ],
    "14": [
      92.17432228915662,
      92.46893825301206,
      94.20290537148594,
      92.46893825301206
    ]
  }
}