{
  "cycle": 119,
  "completed_arch_indices": [
    0,
    1,
    2,
    3,
    4,
    5,
    6,
    7,
    8,
    9,
    10,
    11,
    12,
    13,
    14
  ],
  "cycle_val_results": {
    "0": [
      95.1675451807229,
      92.24868222891565,
      95.79583960843372,
      92.39081325301206
    ],
    "1": [
      91.48688504016064,
      91.62038780120481,
      92.26546812248995,
      91.62038780120481
    ],
    "2": [
      92.7249623493976,
      91.98497113453816,
      92.7249623493976,
      91.98497113453816
    ],
    "3": [
      93.24422690763052,
      93.0500125502008,
      93.49272088353413,
      93.0500125502008
    ],
    "4": [
      93.00279241967873,
      92.7542984437751,
      93.22414658634538,
      92.7542984437751
    ],
    "5": [
      93.90609312248995,
      93.65603037148594,
      93.90609312248995,
      93.65603037148594
    ],
    "6": [
      93.88930722891565,
      93.42761671686748,
      94.03363453815261,
      93.42761671686748
    ],
    "7": [
      93.8089859437751,
      93.5355484437751,
      93.83502761044177,
      93.5355484437751
    ],
    "8": [
      93.73305722891565,
      93.37333709839358,
      93.73305722891565,
      93.3863579317269
    ],
    "9": [
      93.93542921686748,
      93.61147715863453,
      94.33091741967873,
      93.61147715863453
    ],
    "10": [
      93.98311997991968,
      93.42651857429719,
      93.98311997991968,
      93.42651857429719
    ],
    "11": [
      93.8160454317269,
      93.77102158634538,
      94.0894829317269,
      93.77102158634538
    ],
    "12": [
      93.67391440763052,
      93.43357806224898,
      93.70481927710844,
      93.43357806224898
    ],
    "13": [
      93.35435491967873,
      93.54480421686748,
      93.96256902610442,
      93.54480421686748
    ],
    "14": [
      93.81118222891565,
      93.85024472891565,
      94.35209588353413,
      93.90232806224898
    ]
  }
}