{
  "cycle": 119,
  "n_archs": 15,
  "spearman_r": 0.20357142857142854,
  "spearman_p": 0.46679507248911234,
  "pearson_r": -0.3258004149696678,
  "pearson_p": 0.2360049148156584,
  "kendall_tau": 0.14285714285714288,
  "kendall_p": 0.4950508526248027,
  "bootstrap_ci_spearman": [
    -0.46739181037972644,
    0.8040016176122464
  ],
  "spearman_r_ema": 0.7857142857142856,
  "spearman_p_ema": 0.0005164547475705882,
  "pearson_r_ema": 0.602393574810513,
  "pearson_p_ema": 0.017476974113160543,
  "kendall_tau_ema": 0.6190476190476191,
  "kendall_p_ema": 0.0008364083878716816,
  "bootstrap_ci_spearman_ema": [
    0.37566645823122813,
    0.9421338155515371
  ],
  "spearman_r_best": 0.4071428571428571,
  "spearman_p_best": 0.13201266377985377,
  "pearson_r_best": -0.45991679444898426,
  "pearson_p_best": 0.08454084552573901,
  "kendall_tau_best": 0.3523809523809524,
  "kendall_p_best": 0.07433498084899375,
  "bootstrap_ci_spearman_best": [
    -0.24594758841490527,
    0.9191213572584999
  ],
  "mean_val_acc1": 93.56919344042838,
  "std_val_acc1": 0.7933780602992138,
  "mean_ema_acc1": 93.15256860776438,
  "mean_best_val_acc1": 93.82893030455153,
  "per_arch": [
    {
      "arch_index": 0,
      "nas_quant_acc1": 10.0,
      "val_acc1": 95.1675451807229,
      "ema_acc1": 92.24868222891565,
      "best_val_acc1": 95.79583960843372,
      "best_ema_acc1": 92.39081325301206,
      "epochs_completed": 120,
      "nas_rank": 14,
      "val_rank": 0,
      "ema_rank": 12,
      "best_rank": 0
    },
    {
      "arch_index": 1,
      "nas_quant_acc1": 63.5,
      "val_acc1": 91.48688504016064,
      "ema_acc1": 91.62038780120481,
      "best_val_acc1": 92.26546812248995,
      "best_ema_acc1": 91.62038780120481,
      "epochs_completed": 120,
      "nas_rank": 13,
      "val_rank": 14,
      "ema_rank": 14,
      "best_rank": 14
    },
    {
      "arch_index": 2,
      "nas_quant_acc1": 68.25,
      "val_acc1": 92.7249623493976,
      "ema_acc1": 91.98497113453816,
      "best_val_acc1": 92.7249623493976,
      "best_ema_acc1": 91.98497113453816,
      "epochs_completed": 120,
      "nas_rank": 12,
      "val_rank": 13,
      "ema_rank": 13,
      "best_rank": 13
    },
    {
      "arch_index": 3,
      "nas_quant_acc1": 71.5,
      "val_acc1": 93.24422690763052,
      "ema_acc1": 93.0500125502008,
      "best_val_acc1": 93.49272088353413,
      "best_ema_acc1": 93.0500125502008,
      "epochs_completed": 120,
      "nas_rank": 11,
      "val_rank": 11,
      "ema_rank": 10,
      "best_rank": 11
    },
    {
      "arch_index": 4,
      "nas_quant_acc1": 74.0,
      "val_acc1": 93.00279241967873,
      "ema_acc1": 92.7542984437751,
      "best_val_acc1": 93.22414658634538,
      "best_ema_acc1": 92.7542984437751,
      "epochs_completed": 120,
      "nas_rank": 10,
      "val_rank": 12,
      "ema_rank": 11,
      "best_rank": 12
    },
    {
      "arch_index": 5,
      "nas_quant_acc1": 75.5,
      "val_acc1": 93.90609312248995,
      "ema_acc1": 93.65603037148594,
      "best_val_acc1": 93.90609312248995,
      "best_ema_acc1": 93.65603037148594,
      "epochs_completed": 120,
      "nas_rank": 9,
      "val_rank": 3,
      "ema_rank": 2,
      "best_rank": 7
    },
    {
      "arch_index": 6,
      "nas_quant_acc1": 76.5,
      "val_acc1": 93.88930722891565,
      "ema_acc1": 93.42761671686748,
      "best_val_acc1": 94.03363453815261,
      "best_ema_acc1": 93.42761671686748,
      "epochs_completed": 120,
      "nas_rank": 8,
      "val_rank": 4,
      "ema_rank": 7,
      "best_rank": 4
    },
    {
      "arch_index": 7,
      "nas_quant_acc1": 77.25,
      "val_acc1": 93.8089859437751,
      "ema_acc1": 93.5355484437751,
      "best_val_acc1": 93.83502761044177,
      "best_ema_acc1": 93.5355484437751,
      "epochs_completed": 120,
      "nas_rank": 7,
      "val_rank": 7,
      "ema_rank": 5,
      "best_rank": 8
    },
    {
      "arch_index": 8,
      "nas_quant_acc1": 78.0,
      "val_acc1": 93.73305722891565,
      "ema_acc1": 93.37333709839358,
      "best_val_acc1": 93.73305722891565,
      "best_ema_acc1": 93.3863579317269,
      "epochs_completed": 120,
      "nas_rank": 6,
      "val_rank": 8,
      "ema_rank": 9,
      "best_rank": 9
    },
    {
      "arch_index": 9,
      "nas_quant_acc1": 78.5,
      "val_acc1": 93.93542921686748,
      "ema_acc1": 93.61147715863453,
      "best_val_acc1": 94.33091741967873,
      "best_ema_acc1": 93.61147715863453,
      "epochs_completed": 120,
      "nas_rank": 5,
      "val_rank": 2,
      "ema_rank": 3,
      "best_rank": 2
    },
    {
      "arch_index": 10,
      "nas_quant_acc1": 79.0,
      "val_acc1": 93.98311997991968,
      "ema_acc1": 93.42651857429719,
      "best_val_acc1": 93.98311997991968,
      "best_ema_acc1": 93.42651857429719,
      "epochs_completed": 120,
      "nas_rank": 4,
      "val_rank": 1,
      "ema_rank": 8,
      "best_rank": 5
    },
    {
      "arch_index": 11,
      "nas_quant_acc1": 79.75,
      "val_acc1": 93.8160454317269,
      "ema_acc1": 93.77102158634538,
      "best_val_acc1": 94.0894829317269,
      "best_ema_acc1": 93.77102158634538,
      "epochs_completed": 120,
      "nas_rank": 3,
      "val_rank": 5,
      "ema_rank": 1,
      "best_rank": 3
    },
    {
      "arch_index": 12,
      "nas_quant_acc1": 80.25,
      "val_acc1": 93.67391440763052,
      "ema_acc1": 93.43357806224898,
      "best_val_acc1": 93.70481927710844,
      "best_ema_acc1": 93.43357806224898,
      "epochs_completed": 120,
      "nas_rank": 2,
      "val_rank": 9,
      "ema_rank": 6,
      "best_rank": 10
    },
    {
      "arch_index": 13,
      "nas_quant_acc1": 81.25,
      "val_acc1": 93.35435491967873,
      "ema_acc1": 93.54480421686748,
      "best_val_acc1": 93.96256902610442,
      "best_ema_acc1": 93.54480421686748,
      "epochs_completed": 120,
      "nas_rank": 1,
      "val_rank": 10,
      "ema_rank": 4,
      "best_rank": 6
    },
    {
      "arch_index": 14,
      "nas_quant_acc1": 85.5,
      "val_acc1": 93.81118222891565,
      "ema_acc1": 93.85024472891565,
      "best_val_acc1": 94.35209588353413,
      "best_ema_acc1": 93.90232806224898,
      "epochs_completed": 120,
      "nas_rank": 0,
      "val_rank": 6,
      "ema_rank": 0,
      "best_rank": 1
    }
  ],
  "timestamp": "2026-06-04T02:04:02.548974"
}