{
  "cycle": 136,
  "completed_arch_indices": [
    0,
    1,
    2,
    3,
    4,
    5,
    6,
    7,
    8,
    9,
    10,
    11,
    12,
    13,
    14
  ],
  "cycle_val_results": {
    "0": [
      92.29747113453816,
      93.98374748995984,
      95.79583960843372,
      93.98374748995984
    ],
    "1": [
      89.27004894578313,
      91.85476280120481,
      92.26546812248995,
      91.85476280120481
    ],
    "2": [
      90.32803087349399,
      92.4808609437751,
      92.76998619477912,
      92.62409011044177
    ],
    "3": [
      91.82495607429719,
      93.64300953815261,
      93.73415537148594,
      93.64300953815261
    ],
    "4": [
      90.9812688253012,
      93.10099774096385,
      93.37223895582329,
      93.10099774096385
    ],
    "5": [
      91.9437123493976,
      94.14972389558233,
      94.22784889558233,
      94.14972389558233
    ],
    "6": [
      92.74017946787149,
      94.00759287148594,
      94.11772088353413,
      94.00759287148594
    ],
    "7": [
      90.63127510040161,
      93.7699234437751,
      93.95817645582329,
      93.7699234437751
    ],
    "8": [
      91.65835215863453,
      93.69995607429719,
      93.75800075301206,
      93.69995607429719
    ],
    "9": [
      92.00395331325302,
      94.23381024096385,
      94.33091741967873,
      94.23381024096385
    ],
    "10": [
      91.41691767068274,
      93.7699234437751,
      94.21263177710844,
      93.7699234437751
    ],
    "11": [
      92.52588478915662,
      93.92131024096385,
      94.0894829317269,
      93.92131024096385
    ],
    "12": [
      91.80864081325302,
      93.81008408634538,
      93.97339357429719,
      93.81008408634538
    ],
    "13": [
      91.61223017068274,
      93.78623870481927,
      93.97449171686748,
      93.84538152610442
    ],
    "14": [
      92.67507530120481,
      94.20180722891565,
      94.36511671686748,
      94.21482806224898
    ]
  }
}