{
  "cycle": 136,
  "n_archs": 15,
  "spearman_r": 0.3107142857142856,
  "spearman_p": 0.2596673973372179,
  "pearson_r": 0.026950795134425158,
  "pearson_p": 0.9240440948203436,
  "kendall_tau": 0.2571428571428572,
  "kendall_p": 0.20184282422518202,
  "bootstrap_ci_spearman": [
    -0.28471054162699666,
    0.8036541501976283
  ],
  "spearman_r_ema": 0.46291350030610784,
  "spearman_p_ema": 0.08227428124255053,
  "pearson_r_ema": 0.11313265446513648,
  "pearson_p_ema": 0.6880950047103735,
  "kendall_tau_ema": 0.3636405261167026,
  "kendall_p_ema": 0.059724872589944966,
  "bootstrap_ci_spearman_ema": [
    -0.1044140623492294,
    0.8802232107630393
  ],
  "spearman_r_best": 0.3607142857142856,
  "spearman_p_best": 0.18655437415416354,
  "pearson_r_best": -0.43086991350983994,
  "pearson_p_best": 0.10884976631270904,
  "kendall_tau_best": 0.29523809523809524,
  "kendall_p_best": 0.13946285911906778,
  "bootstrap_ci_spearman_best": [
    -0.2960303934816369,
    0.8919630156472249
  ],
  "mean_val_acc1": 91.5811997991968,
  "std_val_acc1": 0.9477259617586931,
  "mean_ema_acc1": 93.62758324966532,
  "mean_best_val_acc1": 93.92969795850068,
  "per_arch": [
    {
      "arch_index": 0,
      "nas_quant_acc1": 10.0,
      "val_acc1": 92.29747113453816,
      "ema_acc1": 93.98374748995984,
      "best_val_acc1": 95.79583960843372,
      "best_ema_acc1": 93.98374748995984,
      "epochs_completed": 137,
      "nas_rank": 14,
      "val_rank": 3,
      "ema_rank": 4,
      "best_rank": 0
    },
    {
      "arch_index": 1,
      "nas_quant_acc1": 63.5,
      "val_acc1": 89.27004894578313,
      "ema_acc1": 91.85476280120481,
      "best_val_acc1": 92.26546812248995,
      "best_ema_acc1": 91.85476280120481,
      "epochs_completed": 137,
      "nas_rank": 13,
      "val_rank": 14,
      "ema_rank": 14,
      "best_rank": 14
    },
    {
      "arch_index": 2,
      "nas_quant_acc1": 68.25,
      "val_acc1": 90.32803087349399,
      "ema_acc1": 92.4808609437751,
      "best_val_acc1": 92.76998619477912,
      "best_ema_acc1": 92.62409011044177,
      "epochs_completed": 137,
      "nas_rank": 12,
      "val_rank": 13,
      "ema_rank": 13,
      "best_rank": 13
    },
    {
      "arch_index": 3,
      "nas_quant_acc1": 71.5,
      "val_acc1": 91.82495607429719,
      "ema_acc1": 93.64300953815261,
      "best_val_acc1": 93.73415537148594,
      "best_ema_acc1": 93.64300953815261,
      "epochs_completed": 137,
      "nas_rank": 11,
      "val_rank": 6,
      "ema_rank": 11,
      "best_rank": 11
    },
    {
      "arch_index": 4,
      "nas_quant_acc1": 74.0,
      "val_acc1": 90.9812688253012,
      "ema_acc1": 93.10099774096385,
      "best_val_acc1": 93.37223895582329,
      "best_ema_acc1": 93.10099774096385,
      "epochs_completed": 137,
      "nas_rank": 10,
      "val_rank": 11,
      "ema_rank": 12,
      "best_rank": 12
    },
    {
      "arch_index": 5,
      "nas_quant_acc1": 75.5,
      "val_acc1": 91.9437123493976,
      "ema_acc1": 94.14972389558233,
      "best_val_acc1": 94.22784889558233,
      "best_ema_acc1": 94.14972389558233,
      "epochs_completed": 137,
      "nas_rank": 9,
      "val_rank": 5,
      "ema_rank": 2,
      "best_rank": 3
    },
    {
      "arch_index": 6,
      "nas_quant_acc1": 76.5,
      "val_acc1": 92.74017946787149,
      "ema_acc1": 94.00759287148594,
      "best_val_acc1": 94.11772088353413,
      "best_ema_acc1": 94.00759287148594,
      "epochs_completed": 137,
      "nas_rank": 8,
      "val_rank": 0,
      "ema_rank": 3,
      "best_rank": 5
    },
    {
      "arch_index": 7,
      "nas_quant_acc1": 77.25,
      "val_acc1": 90.63127510040161,
      "ema_acc1": 93.7699234437751,
      "best_val_acc1": 93.95817645582329,
      "best_ema_acc1": 93.7699234437751,
      "epochs_completed": 137,
      "nas_rank": 7,
      "val_rank": 12,
      "ema_rank": 8,
      "best_rank": 9
    },
    {
      "arch_index": 8,
      "nas_quant_acc1": 78.0,
      "val_acc1": 91.65835215863453,
      "ema_acc1": 93.69995607429719,
      "best_val_acc1": 93.75800075301206,
      "best_ema_acc1": 93.69995607429719,
      "epochs_completed": 137,
      "nas_rank": 6,
      "val_rank": 8,
      "ema_rank": 10,
      "best_rank": 10
    },
    {
      "arch_index": 9,
      "nas_quant_acc1": 78.5,
      "val_acc1": 92.00395331325302,
      "ema_acc1": 94.23381024096385,
      "best_val_acc1": 94.33091741967873,
      "best_ema_acc1": 94.23381024096385,
      "epochs_completed": 137,
      "nas_rank": 5,
      "val_rank": 4,
      "ema_rank": 0,
      "best_rank": 2
    },
    {
      "arch_index": 10,
      "nas_quant_acc1": 79.0,
      "val_acc1": 91.41691767068274,
      "ema_acc1": 93.7699234437751,
      "best_val_acc1": 94.21263177710844,
      "best_ema_acc1": 93.7699234437751,
      "epochs_completed": 137,
      "nas_rank": 4,
      "val_rank": 10,
      "ema_rank": 9,
      "best_rank": 4
    },
    {
      "arch_index": 11,
      "nas_quant_acc1": 79.75,
      "val_acc1": 92.52588478915662,
      "ema_acc1": 93.92131024096385,
      "best_val_acc1": 94.0894829317269,
      "best_ema_acc1": 93.92131024096385,
      "epochs_completed": 137,
      "nas_rank": 3,
      "val_rank": 2,
      "ema_rank": 5,
      "best_rank": 6
    },
    {
      "arch_index": 12,
      "nas_quant_acc1": 80.25,
      "val_acc1": 91.80864081325302,
      "ema_acc1": 93.81008408634538,
      "best_val_acc1": 93.97339357429719,
      "best_ema_acc1": 93.81008408634538,
      "epochs_completed": 137,
      "nas_rank": 2,
      "val_rank": 7,
      "ema_rank": 6,
      "best_rank": 8
    },
    {
      "arch_index": 13,
      "nas_quant_acc1": 81.25,
      "val_acc1": 91.61223017068274,
      "ema_acc1": 93.78623870481927,
      "best_val_acc1": 93.97449171686748,
      "best_ema_acc1": 93.84538152610442,
      "epochs_completed": 137,
      "nas_rank": 1,
      "val_rank": 9,
      "ema_rank": 7,
      "best_rank": 7
    },
    {
      "arch_index": 14,
      "nas_quant_acc1": 85.5,
      "val_acc1": 92.67507530120481,
      "ema_acc1": 94.20180722891565,
      "best_val_acc1": 94.36511671686748,
      "best_ema_acc1": 94.21482806224898,
      "epochs_completed": 137,
      "nas_rank": 0,
      "val_rank": 1,
      "ema_rank": 1,
      "best_rank": 1
    }
  ],
  "timestamp": "2026-06-04T08:12:27.822304"
}