{
  "cycle": 133,
  "completed_arch_indices": [
    0,
    1,
    2,
    3,
    4,
    5,
    6,
    7,
    8,
    9,
    10,
    11,
    12,
    13,
    14
  ],
  "cycle_val_results": {
    "0": [
      89.79307856425703,
      93.77541415662651,
      95.79583960843372,
      93.77541415662651
    ],
    "1": [
      88.48173945783132,
      91.66541164658635,
      92.26546812248995,
      91.70447414658635
    ],
    "2": [
      88.36565010040161,
      92.61703062248995,
      92.76998619477912,
      92.62409011044177
    ],
    "3": [
      89.7409952309237,
      93.60394703815261,
      93.73415537148594,
      93.62998870481927
    ],
    "4": [
      88.81651606425703,
      93.08091741967873,
      93.37223895582329,
      93.08091741967873
    ],
    "5": [
      90.18856676706828,
      94.08461972891565,
      94.22784889558233,
      94.08461972891565
    ],
    "6": [
      86.84111445783132,
      93.94248870481927,
      94.11772088353413,
      93.94248870481927
    ],
    "7": [
      88.85714733935743,
      93.63971511044177,
      93.95817645582329,
      93.66575677710844
    ],
    "8": [
      90.34481676706828,
      93.58872991967873,
      93.75800075301206,
      93.61477158634538
    ],
    "9": [
      89.19521837349399,
      94.14156626506023,
      94.33091741967873,
      94.18768825301206
    ],
    "10": [
      90.68226029116467,
      93.75094126506023,
      94.21263177710844,
      93.75094126506023
    ],
    "11": [
      88.72097766064257,
      93.83612575301206,
      94.0894829317269,
      93.86216741967873
    ],
    "12": [
      89.48763805220884,
      93.81008408634538,
      93.97339357429719,
      93.81008408634538
    ],
    "13": [
      89.0003765060241,
      93.84538152610442,
      93.97449171686748,
      93.84538152610442
    ],
    "14": [
      90.57432856425703,
      94.20180722891565,
      94.36511671686748,
      94.20180722891565
    ]
  }
}