{
  "cycle": 133,
  "n_archs": 15,
  "spearman_r": 0.3214285714285714,
  "spearman_p": 0.24271904680166836,
  "pearson_r": -0.019088872451842848,
  "pearson_p": 0.9461657960039337,
  "kendall_tau": 0.23809523809523814,
  "kendall_p": 0.23945881568583288,
  "bootstrap_ci_spearman": [
    -0.2332865533974267,
    0.7463768115942031
  ],
  "spearman_r_ema": 0.6071428571428571,
  "spearman_p_ema": 0.01638130676830708,
  "pearson_r_ema": 0.17995128248917858,
  "pearson_p_ema": 0.5210306177059837,
  "kendall_tau_ema": 0.4666666666666667,
  "kendall_p_ema": 0.015510823225067603,
  "bootstrap_ci_spearman_ema": [
    0.14175373993095516,
    0.8981864378815377
  ],
  "spearman_r_best": 0.3607142857142856,
  "spearman_p_best": 0.18655437415416354,
  "pearson_r_best": -0.43086991350983994,
  "pearson_p_best": 0.10884976631270904,
  "kendall_tau_best": 0.29523809523809524,
  "kendall_p_best": 0.13946285911906778,
  "bootstrap_ci_spearman_best": [
    -0.2960303934816369,
    0.8919630156472249
  ],
  "mean_val_acc1": 89.27269494645249,
  "std_val_acc1": 1.0117859472730364,
  "mean_ema_acc1": 93.57227869812583,
  "mean_best_val_acc1": 93.92969795850068,
  "per_arch": [
    {
      "arch_index": 0,
      "nas_quant_acc1": 10.0,
      "val_acc1": 89.79307856425703,
      "ema_acc1": 93.77541415662651,
      "best_val_acc1": 95.79583960843372,
      "best_ema_acc1": 93.77541415662651,
      "epochs_completed": 134,
      "nas_rank": 14,
      "val_rank": 4,
      "ema_rank": 7,
      "best_rank": 0
    },
    {
      "arch_index": 1,
      "nas_quant_acc1": 63.5,
      "val_acc1": 88.48173945783132,
      "ema_acc1": 91.66541164658635,
      "best_val_acc1": 92.26546812248995,
      "best_ema_acc1": 91.70447414658635,
      "epochs_completed": 134,
      "nas_rank": 13,
      "val_rank": 12,
      "ema_rank": 14,
      "best_rank": 14
    },
    {
      "arch_index": 2,
      "nas_quant_acc1": 68.25,
      "val_acc1": 88.36565010040161,
      "ema_acc1": 92.61703062248995,
      "best_val_acc1": 92.76998619477912,
      "best_ema_acc1": 92.62409011044177,
      "epochs_completed": 134,
      "nas_rank": 12,
      "val_rank": 13,
      "ema_rank": 13,
      "best_rank": 13
    },
    {
      "arch_index": 3,
      "nas_quant_acc1": 71.5,
      "val_acc1": 89.7409952309237,
      "ema_acc1": 93.60394703815261,
      "best_val_acc1": 93.73415537148594,
      "best_ema_acc1": 93.62998870481927,
      "epochs_completed": 134,
      "nas_rank": 11,
      "val_rank": 5,
      "ema_rank": 10,
      "best_rank": 11
    },
    {
      "arch_index": 4,
      "nas_quant_acc1": 74.0,
      "val_acc1": 88.81651606425703,
      "ema_acc1": 93.08091741967873,
      "best_val_acc1": 93.37223895582329,
      "best_ema_acc1": 93.08091741967873,
      "epochs_completed": 134,
      "nas_rank": 10,
      "val_rank": 10,
      "ema_rank": 12,
      "best_rank": 12
    },
    {
      "arch_index": 5,
      "nas_quant_acc1": 75.5,
      "val_acc1": 90.18856676706828,
      "ema_acc1": 94.08461972891565,
      "best_val_acc1": 94.22784889558233,
      "best_ema_acc1": 94.08461972891565,
      "epochs_completed": 134,
      "nas_rank": 9,
      "val_rank": 3,
      "ema_rank": 2,
      "best_rank": 3
    },
    {
      "arch_index": 6,
      "nas_quant_acc1": 76.5,
      "val_acc1": 86.84111445783132,
      "ema_acc1": 93.94248870481927,
      "best_val_acc1": 94.11772088353413,
      "best_ema_acc1": 93.94248870481927,
      "epochs_completed": 134,
      "nas_rank": 8,
      "val_rank": 14,
      "ema_rank": 3,
      "best_rank": 5
    },
    {
      "arch_index": 7,
      "nas_quant_acc1": 77.25,
      "val_acc1": 88.85714733935743,
      "ema_acc1": 93.63971511044177,
      "best_val_acc1": 93.95817645582329,
      "best_ema_acc1": 93.66575677710844,
      "epochs_completed": 134,
      "nas_rank": 7,
      "val_rank": 9,
      "ema_rank": 9,
      "best_rank": 9
    },
    {
      "arch_index": 8,
      "nas_quant_acc1": 78.0,
      "val_acc1": 90.34481676706828,
      "ema_acc1": 93.58872991967873,
      "best_val_acc1": 93.75800075301206,
      "best_ema_acc1": 93.61477158634538,
      "epochs_completed": 134,
      "nas_rank": 6,
      "val_rank": 2,
      "ema_rank": 11,
      "best_rank": 10
    },
    {
      "arch_index": 9,
      "nas_quant_acc1": 78.5,
      "val_acc1": 89.19521837349399,
      "ema_acc1": 94.14156626506023,
      "best_val_acc1": 94.33091741967873,
      "best_ema_acc1": 94.18768825301206,
      "epochs_completed": 134,
      "nas_rank": 5,
      "val_rank": 7,
      "ema_rank": 1,
      "best_rank": 2
    },
    {
      "arch_index": 10,
      "nas_quant_acc1": 79.0,
      "val_acc1": 90.68226029116467,
      "ema_acc1": 93.75094126506023,
      "best_val_acc1": 94.21263177710844,
      "best_ema_acc1": 93.75094126506023,
      "epochs_completed": 134,
      "nas_rank": 4,
      "val_rank": 0,
      "ema_rank": 8,
      "best_rank": 4
    },
    {
      "arch_index": 11,
      "nas_quant_acc1": 79.75,
      "val_acc1": 88.72097766064257,
      "ema_acc1": 93.83612575301206,
      "best_val_acc1": 94.0894829317269,
      "best_ema_acc1": 93.86216741967873,
      "epochs_completed": 134,
      "nas_rank": 3,
      "val_rank": 11,
      "ema_rank": 5,
      "best_rank": 6
    },
    {
      "arch_index": 12,
      "nas_quant_acc1": 80.25,
      "val_acc1": 89.48763805220884,
      "ema_acc1": 93.81008408634538,
      "best_val_acc1": 93.97339357429719,
      "best_ema_acc1": 93.81008408634538,
      "epochs_completed": 134,
      "nas_rank": 2,
      "val_rank": 6,
      "ema_rank": 6,
      "best_rank": 8
    },
    {
      "arch_index": 13,
      "nas_quant_acc1": 81.25,
      "val_acc1": 89.0003765060241,
      "ema_acc1": 93.84538152610442,
      "best_val_acc1": 93.97449171686748,
      "best_ema_acc1": 93.84538152610442,
      "epochs_completed": 134,
      "nas_rank": 1,
      "val_rank": 8,
      "ema_rank": 4,
      "best_rank": 7
    },
    {
      "arch_index": 14,
      "nas_quant_acc1": 85.5,
      "val_acc1": 90.57432856425703,
      "ema_acc1": 94.20180722891565,
      "best_val_acc1": 94.36511671686748,
      "best_ema_acc1": 94.20180722891565,
      "epochs_completed": 134,
      "nas_rank": 0,
      "val_rank": 1,
      "ema_rank": 0,
      "best_rank": 1
    }
  ],
  "timestamp": "2026-06-04T07:58:35.621213"
}