{
  "cycle": 52,
  "completed_arch_indices": [
    0,
    1,
    2,
    3,
    4,
    5,
    6,
    7,
    8,
    9,
    10,
    11,
    12,
    13,
    14
  ],
  "cycle_val_results": {
    "0": [
      89.70789407630521,
      92.03925075301206,
      95.06933985943776,
      92.39081325301206
    ],
    "1": [
      84.46473393574297,
      88.79753388554217,
      91.31494728915662,
      88.79753388554217
    ],
    "2": [
      87.91588227911646,
      89.21420055220884,
      91.62525100401606,
      89.21420055220884
    ],
    "3": [
      87.64354292168674,
      90.98236696787149,
      92.32241465863453,
      90.98236696787149
    ],
    "4": [
      86.22317394578313,
      90.68288780120481,
      92.29041164658635,
      90.68288780120481
    ],
    "5": [
      89.47948042168674,
      91.76957831325302,
      93.59092620481927,
      91.76957831325302
    ],
    "6": [
      89.34331074297188,
      91.47606049196787,
      93.5968875502008,
      91.47606049196787
    ],
    "7": [
      88.99551330321286,
      91.4358998493976,
      93.34400100401606,
      91.45598017068274
    ],
    "8": [
      88.93040913654619,
      91.37299196787149,
      92.9176079317269,
      91.37299196787149
    ],
    "9": [
      88.468718624498,
      88.77525727911646,
      93.32941139558233,
      88.77525727911646
    ],
    "10": [
      89.69973644578313,
      91.39903363453816,
      93.28925075301206,
      91.39903363453816
    ],
    "11": [
      89.01998619477912,
      91.2547063253012,
      93.38855421686748,
      91.2547063253012
    ],
    "12": [
      89.10187625502007,
      91.32796812248995,
      93.01691139558233,
      91.32796812248995
    ],
    "13": [
      89.9656438253012,
      91.3718938253012,
      93.22414658634538,
      91.3718938253012
    ],
    "14": [
      88.46605170682732,
      91.90308107429719,
      93.56974774096385,
      91.91014056224898
    ]
  }
}