{
  "cycle": 52,
  "n_archs": 15,
  "spearman_r": 0.3285714285714285,
  "spearman_p": 0.23180969720615968,
  "pearson_r": 0.0004464848283689301,
  "pearson_p": 0.9987399880991273,
  "kendall_tau": 0.21904761904761905,
  "kendall_p": 0.2815660702955676,
  "bootstrap_ci_spearman": [
    -0.33459530814415733,
    0.8232178345721213
  ],
  "spearman_r_ema": 0.15714285714285714,
  "spearman_p_ema": 0.5759526006037947,
  "pearson_r_ema": -0.07958855110999587,
  "pearson_p_ema": 0.7779815086921289,
  "kendall_tau_ema": 0.10476190476190476,
  "kendall_p_ema": 0.6264945175158468,
  "bootstrap_ci_spearman_ema": [
    -0.5063985374771481,
    0.7659963436928703
  ],
  "spearman_r_best": 0.2178571428571428,
  "spearman_p_best": 0.43539267351553756,
  "pearson_r_best": -0.38077707330995003,
  "pearson_p_best": 0.16144668764321687,
  "kendall_tau_best": 0.18095238095238098,
  "kendall_p_best": 0.3794503959627968,
  "bootstrap_ci_spearman_best": [
    -0.4487051597051597,
    0.8254703557312252
  ],
  "mean_val_acc1": 88.49506358768409,
  "std_val_acc1": 1.471739867172532,
  "mean_ema_acc1": 90.92018072289156,
  "mean_best_val_acc1": 93.05932061579651,
  "per_arch": [
    {
      "arch_index": 0,
      "nas_quant_acc1": 10.0,
      "val_acc1": 89.70789407630521,
      "ema_acc1": 92.03925075301206,
      "best_val_acc1": 95.06933985943776,
      "best_ema_acc1": 92.39081325301206,
      "epochs_completed": 53,
      "nas_rank": 14,
      "val_rank": 1,
      "ema_rank": 0,
      "best_rank": 0
    },
    {
      "arch_index": 1,
      "nas_quant_acc1": 63.5,
      "val_acc1": 84.46473393574297,
      "ema_acc1": 88.79753388554217,
      "best_val_acc1": 91.31494728915662,
      "best_ema_acc1": 88.79753388554217,
      "epochs_completed": 53,
      "nas_rank": 13,
      "val_rank": 14,
      "ema_rank": 13,
      "best_rank": 14
    },
    {
      "arch_index": 2,
      "nas_quant_acc1": 68.25,
      "val_acc1": 87.91588227911646,
      "ema_acc1": 89.21420055220884,
      "best_val_acc1": 91.62525100401606,
      "best_ema_acc1": 89.21420055220884,
      "epochs_completed": 53,
      "nas_rank": 12,
      "val_rank": 11,
      "ema_rank": 12,
      "best_rank": 13
    },
    {
      "arch_index": 3,
      "nas_quant_acc1": 71.5,
      "val_acc1": 87.64354292168674,
      "ema_acc1": 90.98236696787149,
      "best_val_acc1": 92.32241465863453,
      "best_ema_acc1": 90.98236696787149,
      "epochs_completed": 53,
      "nas_rank": 11,
      "val_rank": 12,
      "ema_rank": 10,
      "best_rank": 11
    },
    {
      "arch_index": 4,
      "nas_quant_acc1": 74.0,
      "val_acc1": 86.22317394578313,
      "ema_acc1": 90.68288780120481,
      "best_val_acc1": 92.29041164658635,
      "best_ema_acc1": 90.68288780120481,
      "epochs_completed": 53,
      "nas_rank": 10,
      "val_rank": 13,
      "ema_rank": 11,
      "best_rank": 12
    },
    {
      "arch_index": 5,
      "nas_quant_acc1": 75.5,
      "val_acc1": 89.47948042168674,
      "ema_acc1": 91.76957831325302,
      "best_val_acc1": 93.59092620481927,
      "best_ema_acc1": 91.76957831325302,
      "epochs_completed": 53,
      "nas_rank": 9,
      "val_rank": 3,
      "ema_rank": 2,
      "best_rank": 2
    },
    {
      "arch_index": 6,
      "nas_quant_acc1": 76.5,
      "val_acc1": 89.34331074297188,
      "ema_acc1": 91.47606049196787,
      "best_val_acc1": 93.5968875502008,
      "best_ema_acc1": 91.47606049196787,
      "epochs_completed": 53,
      "nas_rank": 8,
      "val_rank": 4,
      "ema_rank": 3,
      "best_rank": 1
    },
    {
      "arch_index": 7,
      "nas_quant_acc1": 77.25,
      "val_acc1": 88.99551330321286,
      "ema_acc1": 91.4358998493976,
      "best_val_acc1": 93.34400100401606,
      "best_ema_acc1": 91.45598017068274,
      "epochs_completed": 53,
      "nas_rank": 7,
      "val_rank": 7,
      "ema_rank": 4,
      "best_rank": 5
    },
    {
      "arch_index": 8,
      "nas_quant_acc1": 78.0,
      "val_acc1": 88.93040913654619,
      "ema_acc1": 91.37299196787149,
      "best_val_acc1": 92.9176079317269,
      "best_ema_acc1": 91.37299196787149,
      "epochs_completed": 53,
      "nas_rank": 6,
      "val_rank": 8,
      "ema_rank": 6,
      "best_rank": 10
    },
    {
      "arch_index": 9,
      "nas_quant_acc1": 78.5,
      "val_acc1": 88.468718624498,
      "ema_acc1": 88.77525727911646,
      "best_val_acc1": 93.32941139558233,
      "best_ema_acc1": 88.77525727911646,
      "epochs_completed": 53,
      "nas_rank": 5,
      "val_rank": 9,
      "ema_rank": 14,
      "best_rank": 6
    },
    {
      "arch_index": 10,
      "nas_quant_acc1": 79.0,
      "val_acc1": 89.69973644578313,
      "ema_acc1": 91.39903363453816,
      "best_val_acc1": 93.28925075301206,
      "best_ema_acc1": 91.39903363453816,
      "epochs_completed": 53,
      "nas_rank": 4,
      "val_rank": 2,
      "ema_rank": 5,
      "best_rank": 7
    },
    {
      "arch_index": 11,
      "nas_quant_acc1": 79.75,
      "val_acc1": 89.01998619477912,
      "ema_acc1": 91.2547063253012,
      "best_val_acc1": 93.38855421686748,
      "best_ema_acc1": 91.2547063253012,
      "epochs_completed": 53,
      "nas_rank": 3,
      "val_rank": 6,
      "ema_rank": 9,
      "best_rank": 4
    },
    {
      "arch_index": 12,
      "nas_quant_acc1": 80.25,
      "val_acc1": 89.10187625502007,
      "ema_acc1": 91.32796812248995,
      "best_val_acc1": 93.01691139558233,
      "best_ema_acc1": 91.32796812248995,
      "epochs_completed": 53,
      "nas_rank": 2,
      "val_rank": 5,
      "ema_rank": 8,
      "best_rank": 9
    },
    {
      "arch_index": 13,
      "nas_quant_acc1": 81.25,
      "val_acc1": 89.9656438253012,
      "ema_acc1": 91.3718938253012,
      "best_val_acc1": 93.22414658634538,
      "best_ema_acc1": 91.3718938253012,
      "epochs_completed": 53,
      "nas_rank": 1,
      "val_rank": 0,
      "ema_rank": 7,
      "best_rank": 8
    },
    {
      "arch_index": 14,
      "nas_quant_acc1": 85.5,
      "val_acc1": 88.46605170682732,
      "ema_acc1": 91.90308107429719,
      "best_val_acc1": 93.56974774096385,
      "best_ema_acc1": 91.91014056224898,
      "epochs_completed": 53,
      "nas_rank": 0,
      "val_rank": 10,
      "ema_rank": 1,
      "best_rank": 3
    }
  ],
  "timestamp": "2026-06-03T19:12:43.320572"
}