{
  "cycle": 68,
  "completed_arch_indices": [
    0,
    1,
    2,
    3,
    4,
    5,
    6,
    7,
    8,
    9,
    10,
    11,
    12,
    13,
    14
  ],
  "cycle_val_results": {
    "0": [
      94.64451556224898,
      90.42137299196787,
      95.23484563253012,
      92.39081325301206
    ],
    "1": [
      91.01766440763052,
      89.5750188253012,
      91.75169427710844,
      89.5750188253012
    ],
    "2": [
      91.0913968373494,
      90.17884036144578,
      92.13416164658635,
      90.17884036144578
    ],
    "3": [
      92.36257530120481,
      91.52218247991968,
      92.78630145582329,
      91.52218247991968
    ],
    "4": [
      92.16616465863453,
      91.30788780120481,
      92.54596511044177,
      91.30788780120481
    ],
    "5": [
      93.21222389558233,
      92.11627761044177,
      93.59092620481927,
      92.20632530120481
    ],
    "6": [
      93.20736069277109,
      91.75059613453816,
      93.66089357429719,
      91.75059613453816
    ],
    "7": [
      93.52252761044177,
      91.99093247991968,
      93.52252761044177,
      92.05007530120481
    ],
    "8": [
      92.18404869477912,
      92.05007530120481,
      93.18288780120481,
      92.05007530120481
    ],
    "9": [
      93.06789658634538,
      90.39313504016064,
      93.61696787148594,
      90.39313504016064
    ],
    "10": [
      93.0347954317269,
      91.65239081325302,
      93.3792984437751,
      91.73051581325302
    ],
    "11": [
      92.56228037148594,
      91.99203062248995,
      93.38855421686748,
      92.05007530120481
    ],
    "12": [
      92.49278363453816,
      91.89382530120481,
      93.32125376506023,
      91.89382530120481
    ],
    "13": [
      92.6441704317269,
      92.00614959839358,
      93.23606927710844,
      92.00614959839358
    ],
    "14": [
      93.76725652610442,
      92.26766440763052,
      93.76725652610442,
      92.26766440763052
    ]
  }
}