{
  "cycle": 68,
  "n_archs": 15,
  "spearman_r": 0.25,
  "spearman_p": 0.36884629178393047,
  "pearson_r": -0.3364359343641735,
  "pearson_p": 0.22015807787930014,
  "kendall_tau": 0.18095238095238098,
  "kendall_p": 0.3794503959627968,
  "bootstrap_ci_spearman": [
    -0.45738091516416,
    0.8336422271691657
  ],
  "spearman_r_ema": 0.6678571428571428,
  "spearman_p_ema": 0.006509956694715437,
  "pearson_r_ema": 0.5307620640117758,
  "pearson_p_ema": 0.04178651230720511,
  "kendall_tau_ema": 0.5238095238095238,
  "kendall_p_ema": 0.005901586283902752,
  "bootstrap_ci_spearman_ema": [
    0.18013776437541312,
    0.9302910758965802
  ],
  "spearman_r_best": 0.27499999999999997,
  "spearman_p_best": 0.3212111733193767,
  "pearson_r_best": -0.45488392827897417,
  "pearson_p_best": 0.08844667554661817,
  "kendall_tau_best": 0.20000000000000004,
  "kendall_p_best": 0.3282335876694342,
  "bootstrap_ci_spearman_best": [
    -0.3933823529411765,
    0.8461678832116785
  ],
  "mean_val_acc1": 92.73184404283802,
  "std_val_acc1": 0.9447850529155492,
  "mean_ema_acc1": 91.40789198460509,
  "mean_best_val_acc1": 93.27464022757698,
  "per_arch": [
    {
      "arch_index": 0,
      "nas_quant_acc1": 10.0,
      "val_acc1": 94.64451556224898,
      "ema_acc1": 90.42137299196787,
      "best_val_acc1": 95.23484563253012,
      "best_ema_acc1": 92.39081325301206,
      "epochs_completed": 69,
      "nas_rank": 14,
      "val_rank": 0,
      "ema_rank": 11,
      "best_rank": 0
    },
    {
      "arch_index": 1,
      "nas_quant_acc1": 63.5,
      "val_acc1": 91.01766440763052,
      "ema_acc1": 89.5750188253012,
      "best_val_acc1": 91.75169427710844,
      "best_ema_acc1": 89.5750188253012,
      "epochs_completed": 69,
      "nas_rank": 13,
      "val_rank": 14,
      "ema_rank": 14,
      "best_rank": 14
    },
    {
      "arch_index": 2,
      "nas_quant_acc1": 68.25,
      "val_acc1": 91.0913968373494,
      "ema_acc1": 90.17884036144578,
      "best_val_acc1": 92.13416164658635,
      "best_ema_acc1": 90.17884036144578,
      "epochs_completed": 69,
      "nas_rank": 12,
      "val_rank": 13,
      "ema_rank": 13,
      "best_rank": 13
    },
    {
      "arch_index": 3,
      "nas_quant_acc1": 71.5,
      "val_acc1": 92.36257530120481,
      "ema_acc1": 91.52218247991968,
      "best_val_acc1": 92.78630145582329,
      "best_ema_acc1": 91.52218247991968,
      "epochs_completed": 69,
      "nas_rank": 11,
      "val_rank": 10,
      "ema_rank": 9,
      "best_rank": 11
    },
    {
      "arch_index": 4,
      "nas_quant_acc1": 74.0,
      "val_acc1": 92.16616465863453,
      "ema_acc1": 91.30788780120481,
      "best_val_acc1": 92.54596511044177,
      "best_ema_acc1": 91.30788780120481,
      "epochs_completed": 69,
      "nas_rank": 10,
      "val_rank": 12,
      "ema_rank": 10,
      "best_rank": 12
    },
    {
      "arch_index": 5,
      "nas_quant_acc1": 75.5,
      "val_acc1": 93.21222389558233,
      "ema_acc1": 92.11627761044177,
      "best_val_acc1": 93.59092620481927,
      "best_ema_acc1": 92.20632530120481,
      "epochs_completed": 69,
      "nas_rank": 9,
      "val_rank": 3,
      "ema_rank": 1,
      "best_rank": 4
    },
    {
      "arch_index": 6,
      "nas_quant_acc1": 76.5,
      "val_acc1": 93.20736069277109,
      "ema_acc1": 91.75059613453816,
      "best_val_acc1": 93.66089357429719,
      "best_ema_acc1": 91.75059613453816,
      "epochs_completed": 69,
      "nas_rank": 8,
      "val_rank": 4,
      "ema_rank": 7,
      "best_rank": 2
    },
    {
      "arch_index": 7,
      "nas_quant_acc1": 77.25,
      "val_acc1": 93.52252761044177,
      "ema_acc1": 91.99093247991968,
      "best_val_acc1": 93.52252761044177,
      "best_ema_acc1": 92.05007530120481,
      "epochs_completed": 69,
      "nas_rank": 7,
      "val_rank": 2,
      "ema_rank": 5,
      "best_rank": 5
    },
    {
      "arch_index": 8,
      "nas_quant_acc1": 78.0,
      "val_acc1": 92.18404869477912,
      "ema_acc1": 92.05007530120481,
      "best_val_acc1": 93.18288780120481,
      "best_ema_acc1": 92.05007530120481,
      "epochs_completed": 69,
      "nas_rank": 6,
      "val_rank": 11,
      "ema_rank": 2,
      "best_rank": 10
    },
    {
      "arch_index": 9,
      "nas_quant_acc1": 78.5,
      "val_acc1": 93.06789658634538,
      "ema_acc1": 90.39313504016064,
      "best_val_acc1": 93.61696787148594,
      "best_ema_acc1": 90.39313504016064,
      "epochs_completed": 69,
      "nas_rank": 5,
      "val_rank": 5,
      "ema_rank": 12,
      "best_rank": 3
    },
    {
      "arch_index": 10,
      "nas_quant_acc1": 79.0,
      "val_acc1": 93.0347954317269,
      "ema_acc1": 91.65239081325302,
      "best_val_acc1": 93.3792984437751,
      "best_ema_acc1": 91.73051581325302,
      "epochs_completed": 69,
      "nas_rank": 4,
      "val_rank": 6,
      "ema_rank": 8,
      "best_rank": 7
    },
    {
      "arch_index": 11,
      "nas_quant_acc1": 79.75,
      "val_acc1": 92.56228037148594,
      "ema_acc1": 91.99203062248995,
      "best_val_acc1": 93.38855421686748,
      "best_ema_acc1": 92.05007530120481,
      "epochs_completed": 69,
      "nas_rank": 3,
      "val_rank": 8,
      "ema_rank": 4,
      "best_rank": 6
    },
    {
      "arch_index": 12,
      "nas_quant_acc1": 80.25,
      "val_acc1": 92.49278363453816,
      "ema_acc1": 91.89382530120481,
      "best_val_acc1": 93.32125376506023,
      "best_ema_acc1": 91.89382530120481,
      "epochs_completed": 69,
      "nas_rank": 2,
      "val_rank": 9,
      "ema_rank": 6,
      "best_rank": 8
    },
    {
      "arch_index": 13,
      "nas_quant_acc1": 81.25,
      "val_acc1": 92.6441704317269,
      "ema_acc1": 92.00614959839358,
      "best_val_acc1": 93.23606927710844,
      "best_ema_acc1": 92.00614959839358,
      "epochs_completed": 69,
      "nas_rank": 1,
      "val_rank": 7,
      "ema_rank": 3,
      "best_rank": 9
    },
    {
      "arch_index": 14,
      "nas_quant_acc1": 85.5,
      "val_acc1": 93.76725652610442,
      "ema_acc1": 92.26766440763052,
      "best_val_acc1": 93.76725652610442,
      "best_ema_acc1": 92.26766440763052,
      "epochs_completed": 69,
      "nas_rank": 0,
      "val_rank": 1,
      "ema_rank": 0,
      "best_rank": 1
    }
  ],
  "timestamp": "2026-06-03T21:49:11.354335"
}