{
  "cycle": 123,
  "completed_arch_indices": [
    0,
    1,
    2,
    3,
    4,
    5,
    6,
    7,
    8,
    9,
    10,
    11,
    12,
    13,
    14
  ],
  "cycle_val_results": {
    "0": [
      91.48798318273093,
      92.7765750502008,
      95.79583960843372,
      92.7765750502008
    ],
    "1": [
      86.96049824297188,
      91.61332831325302,
      92.26546812248995,
      91.69851280120481
    ],
    "2": [
      88.05095381526104,
      92.25840863453816,
      92.76998619477912,
      92.25840863453816
    ],
    "3": [
      89.30048318273093,
      93.18728037148594,
      93.49272088353413,
      93.20030120481927
    ],
    "4": [
      89.26032254016064,
      92.9566704317269,
      93.22414658634538,
      92.9566704317269
    ],
    "5": [
      87.44054342369479,
      93.87142319277109,
      94.22784889558233,
      93.87142319277109
    ],
    "6": [
      90.43815888554217,
      93.6359500502008,
      94.11772088353413,
      93.6359500502008
    ],
    "7": [
      89.75448669678714,
      93.5746109437751,
      93.95817645582329,
      93.66575677710844
    ],
    "8": [
      88.57178714859438,
      93.37333709839358,
      93.73901857429719,
      93.3863579317269
    ],
    "9": [
      89.55493850401606,
      93.87409011044177,
      94.33091741967873,
      93.87409011044177
    ],
    "10": [
      89.5918047188755,
      93.62183107429719,
      94.21263177710844,
      93.62183107429719
    ],
    "11": [
      89.57219503012047,
      93.78404241967873,
      94.0894829317269,
      93.82310491967873
    ],
    "12": [
      90.20645080321286,
      93.62292921686748,
      93.90828940763052,
      93.64897088353413
    ],
    "13": [
      88.90436746987953,
      93.58982806224898,
      93.96256902610442,
      93.60990838353413
    ],
    "14": [
      89.56952811244979,
      93.93433107429719,
      94.35209588353413,
      93.93433107429719
    ]
  }
}