{
  "cycle": 123,
  "n_archs": 15,
  "spearman_r": 0.2178571428571428,
  "spearman_p": 0.43539267351553756,
  "pearson_r": -0.35014650764342203,
  "pearson_p": 0.2007439097685193,
  "kendall_tau": 0.1619047619047619,
  "kendall_p": 0.43511891093211363,
  "bootstrap_ci_spearman": [
    -0.40983606557377045,
    0.7761474513960188
  ],
  "spearman_r_ema": 0.7357142857142855,
  "spearman_p_ema": 0.0017698686421442707,
  "pearson_r_ema": 0.4761783193875532,
  "pearson_p_ema": 0.07275927361597162,
  "kendall_tau_ema": 0.5428571428571429,
  "kendall_p_ema": 0.00414288160001619,
  "bootstrap_ci_spearman_ema": [
    0.23789250253769575,
    0.9297693881156898
  ],
  "spearman_r_best": 0.3428571428571428,
  "spearman_p_best": 0.21092379341475206,
  "pearson_r_best": -0.4288817563117705,
  "pearson_p_best": 0.11067363089830666,
  "kendall_tau_best": 0.2761904761904762,
  "kendall_p_best": 0.16857787367749338,
  "bootstrap_ci_spearman_best": [
    -0.3126198795997237,
    0.8866596498485435
  ],
  "mean_val_acc1": 89.24430011713521,
  "std_val_acc1": 1.1507943369453666,
  "mean_ema_acc1": 93.31164240294513,
  "mean_best_val_acc1": 93.89646084337349,
  "per_arch": [
    {
      "arch_index": 0,
      "nas_quant_acc1": 10.0,
      "val_acc1": 91.48798318273093,
      "ema_acc1": 92.7765750502008,
      "best_val_acc1": 95.79583960843372,
      "best_ema_acc1": 92.7765750502008,
      "epochs_completed": 124,
      "nas_rank": 14,
      "val_rank": 0,
      "ema_rank": 12,
      "best_rank": 0
    },
    {
      "arch_index": 1,
      "nas_quant_acc1": 63.5,
      "val_acc1": 86.96049824297188,
      "ema_acc1": 91.61332831325302,
      "best_val_acc1": 92.26546812248995,
      "best_ema_acc1": 91.69851280120481,
      "epochs_completed": 124,
      "nas_rank": 13,
      "val_rank": 14,
      "ema_rank": 14,
      "best_rank": 14
    },
    {
      "arch_index": 2,
      "nas_quant_acc1": 68.25,
      "val_acc1": 88.05095381526104,
      "ema_acc1": 92.25840863453816,
      "best_val_acc1": 92.76998619477912,
      "best_ema_acc1": 92.25840863453816,
      "epochs_completed": 124,
      "nas_rank": 12,
      "val_rank": 12,
      "ema_rank": 13,
      "best_rank": 13
    },
    {
      "arch_index": 3,
      "nas_quant_acc1": 71.5,
      "val_acc1": 89.30048318273093,
      "ema_acc1": 93.18728037148594,
      "best_val_acc1": 93.49272088353413,
      "best_ema_acc1": 93.20030120481927,
      "epochs_completed": 124,
      "nas_rank": 11,
      "val_rank": 8,
      "ema_rank": 10,
      "best_rank": 11
    },
    {
      "arch_index": 4,
      "nas_quant_acc1": 74.0,
      "val_acc1": 89.26032254016064,
      "ema_acc1": 92.9566704317269,
      "best_val_acc1": 93.22414658634538,
      "best_ema_acc1": 92.9566704317269,
      "epochs_completed": 124,
      "nas_rank": 10,
      "val_rank": 9,
      "ema_rank": 11,
      "best_rank": 12
    },
    {
      "arch_index": 5,
      "nas_quant_acc1": 75.5,
      "val_acc1": 87.44054342369479,
      "ema_acc1": 93.87142319277109,
      "best_val_acc1": 94.22784889558233,
      "best_ema_acc1": 93.87142319277109,
      "epochs_completed": 124,
      "nas_rank": 9,
      "val_rank": 13,
      "ema_rank": 2,
      "best_rank": 3
    },
    {
      "arch_index": 6,
      "nas_quant_acc1": 76.5,
      "val_acc1": 90.43815888554217,
      "ema_acc1": 93.6359500502008,
      "best_val_acc1": 94.11772088353413,
      "best_ema_acc1": 93.6359500502008,
      "epochs_completed": 124,
      "nas_rank": 8,
      "val_rank": 1,
      "ema_rank": 4,
      "best_rank": 5
    },
    {
      "arch_index": 7,
      "nas_quant_acc1": 77.25,
      "val_acc1": 89.75448669678714,
      "ema_acc1": 93.5746109437751,
      "best_val_acc1": 93.95817645582329,
      "best_ema_acc1": 93.66575677710844,
      "epochs_completed": 124,
      "nas_rank": 7,
      "val_rank": 3,
      "ema_rank": 8,
      "best_rank": 8
    },
    {
      "arch_index": 8,
      "nas_quant_acc1": 78.0,
      "val_acc1": 88.57178714859438,
      "ema_acc1": 93.37333709839358,
      "best_val_acc1": 93.73901857429719,
      "best_ema_acc1": 93.3863579317269,
      "epochs_completed": 124,
      "nas_rank": 6,
      "val_rank": 11,
      "ema_rank": 9,
      "best_rank": 10
    },
    {
      "arch_index": 9,
      "nas_quant_acc1": 78.5,
      "val_acc1": 89.55493850401606,
      "ema_acc1": 93.87409011044177,
      "best_val_acc1": 94.33091741967873,
      "best_ema_acc1": 93.87409011044177,
      "epochs_completed": 124,
      "nas_rank": 5,
      "val_rank": 7,
      "ema_rank": 1,
      "best_rank": 2
    },
    {
      "arch_index": 10,
      "nas_quant_acc1": 79.0,
      "val_acc1": 89.5918047188755,
      "ema_acc1": 93.62183107429719,
      "best_val_acc1": 94.21263177710844,
      "best_ema_acc1": 93.62183107429719,
      "epochs_completed": 124,
      "nas_rank": 4,
      "val_rank": 4,
      "ema_rank": 6,
      "best_rank": 4
    },
    {
      "arch_index": 11,
      "nas_quant_acc1": 79.75,
      "val_acc1": 89.57219503012047,
      "ema_acc1": 93.78404241967873,
      "best_val_acc1": 94.0894829317269,
      "best_ema_acc1": 93.82310491967873,
      "epochs_completed": 124,
      "nas_rank": 3,
      "val_rank": 5,
      "ema_rank": 3,
      "best_rank": 6
    },
    {
      "arch_index": 12,
      "nas_quant_acc1": 80.25,
      "val_acc1": 90.20645080321286,
      "ema_acc1": 93.62292921686748,
      "best_val_acc1": 93.90828940763052,
      "best_ema_acc1": 93.64897088353413,
      "epochs_completed": 124,
      "nas_rank": 2,
      "val_rank": 2,
      "ema_rank": 5,
      "best_rank": 9
    },
    {
      "arch_index": 13,
      "nas_quant_acc1": 81.25,
      "val_acc1": 88.90436746987953,
      "ema_acc1": 93.58982806224898,
      "best_val_acc1": 93.96256902610442,
      "best_ema_acc1": 93.60990838353413,
      "epochs_completed": 124,
      "nas_rank": 1,
      "val_rank": 10,
      "ema_rank": 7,
      "best_rank": 7
    },
    {
      "arch_index": 14,
      "nas_quant_acc1": 85.5,
      "val_acc1": 89.56952811244979,
      "ema_acc1": 93.93433107429719,
      "best_val_acc1": 94.35209588353413,
      "best_ema_acc1": 93.93433107429719,
      "epochs_completed": 124,
      "nas_rank": 0,
      "val_rank": 6,
      "ema_rank": 0,
      "best_rank": 1
    }
  ],
  "timestamp": "2026-06-04T07:11:33.294201"
}