{
  "cycle": 60,
  "completed_arch_indices": [
    0,
    1,
    2,
    3,
    4,
    5,
    6,
    7,
    8,
    9,
    10,
    11,
    12,
    13,
    14
  ],
  "cycle_val_results": {
    "0": [
      95.23484563253012,
      91.59654241967873,
      95.23484563253012,
      92.39081325301206
    ],
    "1": [
      91.75169427710844,
      89.19631651606427,
      91.75169427710844,
      89.19631651606427
    ],
    "2": [
      92.13416164658635,
      89.74915286144578,
      92.13416164658635,
      89.74915286144578
    ],
    "3": [
      92.78630145582329,
      91.35400978915662,
      92.78630145582329,
      91.36703062248995
    ],
    "4": [
      92.54596511044177,
      90.9351468373494,
      92.54596511044177,
      91.0132718373494
    ],
    "5": [
      93.57900351405623,
      91.98497113453816,
      93.59092620481927,
      92.01101280120481
    ],
    "6": [
      93.66089357429719,
      91.66541164658635,
      93.66089357429719,
      91.66541164658635
    ],
    "7": [
      93.51436997991968,
      92.00991465863453,
      93.51436997991968,
      92.00991465863453
    ],
    "8": [
      93.18288780120481,
      91.69255145582329,
      93.18288780120481,
      91.6996109437751
    ],
    "9": [
      93.61696787148594,
      89.83700426706828,
      93.61696787148594,
      89.83700426706828
    ],
    "10": [
      93.3792984437751,
      91.49017946787149,
      93.3792984437751,
      91.50210215863453
    ],
    "11": [
      93.3011734437751,
      91.76361696787149,
      93.38855421686748,
      91.76361696787149
    ],
    "12": [
      93.32125376506023,
      91.65945030120481,
      93.32125376506023,
      91.65945030120481
    ],
    "13": [
      93.23606927710844,
      91.84880145582329,
      93.23606927710844,
      91.84880145582329
    ],
    "14": [
      93.70215235943776,
      92.09839357429719,
      93.70215235943776,
      92.09839357429719
    ]
  }
}