{
  "cycle": 60,
  "n_archs": 15,
  "spearman_r": 0.27499999999999997,
  "spearman_p": 0.3212111733193767,
  "pearson_r": -0.46535201274537386,
  "pearson_p": 0.08046209652045366,
  "kendall_tau": 0.20000000000000004,
  "kendall_p": 0.3282335876694342,
  "bootstrap_ci_spearman": [
    -0.43942481569063846,
    0.8550790156458843
  ],
  "spearman_r_ema": 0.5821428571428571,
  "spearman_p_ema": 0.022793687126414258,
  "pearson_r_ema": 0.12527586810416344,
  "pearson_p_ema": 0.6564218805544235,
  "kendall_tau_ema": 0.4476190476190477,
  "kendall_p_ema": 0.020790615322361355,
  "bootstrap_ci_spearman_ema": [
    0.06541781618746886,
    0.8874824101107339
  ],
  "spearman_r_best": 0.27499999999999997,
  "spearman_p_best": 0.3212111733193767,
  "pearson_r_best": -0.4611613189559848,
  "pearson_p_best": 0.0835942278418149,
  "kendall_tau_best": 0.20000000000000004,
  "kendall_p_best": 0.3282335876694342,
  "bootstrap_ci_spearman_best": [
    -0.3933823529411765,
    0.8461678832116785
  ],
  "mean_val_acc1": 93.2631358768407,
  "std_val_acc1": 0.7952047433953109,
  "mean_ema_acc1": 91.25876422356092,
  "mean_best_val_acc1": 93.26975610776441,
  "per_arch": [
    {
      "arch_index": 0,
      "nas_quant_acc1": 10.0,
      "val_acc1": 95.23484563253012,
      "ema_acc1": 91.59654241967873,
      "best_val_acc1": 95.23484563253012,
      "best_ema_acc1": 92.39081325301206,
      "epochs_completed": 61,
      "nas_rank": 14,
      "val_rank": 0,
      "ema_rank": 8,
      "best_rank": 0
    },
    {
      "arch_index": 1,
      "nas_quant_acc1": 63.5,
      "val_acc1": 91.75169427710844,
      "ema_acc1": 89.19631651606427,
      "best_val_acc1": 91.75169427710844,
      "best_ema_acc1": 89.19631651606427,
      "epochs_completed": 61,
      "nas_rank": 13,
      "val_rank": 14,
      "ema_rank": 14,
      "best_rank": 14
    },
    {
      "arch_index": 2,
      "nas_quant_acc1": 68.25,
      "val_acc1": 92.13416164658635,
      "ema_acc1": 89.74915286144578,
      "best_val_acc1": 92.13416164658635,
      "best_ema_acc1": 89.74915286144578,
      "epochs_completed": 61,
      "nas_rank": 12,
      "val_rank": 13,
      "ema_rank": 13,
      "best_rank": 13
    },
    {
      "arch_index": 3,
      "nas_quant_acc1": 71.5,
      "val_acc1": 92.78630145582329,
      "ema_acc1": 91.35400978915662,
      "best_val_acc1": 92.78630145582329,
      "best_ema_acc1": 91.36703062248995,
      "epochs_completed": 61,
      "nas_rank": 11,
      "val_rank": 11,
      "ema_rank": 10,
      "best_rank": 11
    },
    {
      "arch_index": 4,
      "nas_quant_acc1": 74.0,
      "val_acc1": 92.54596511044177,
      "ema_acc1": 90.9351468373494,
      "best_val_acc1": 92.54596511044177,
      "best_ema_acc1": 91.0132718373494,
      "epochs_completed": 61,
      "nas_rank": 10,
      "val_rank": 12,
      "ema_rank": 11,
      "best_rank": 12
    },
    {
      "arch_index": 5,
      "nas_quant_acc1": 75.5,
      "val_acc1": 93.57900351405623,
      "ema_acc1": 91.98497113453816,
      "best_val_acc1": 93.59092620481927,
      "best_ema_acc1": 92.01101280120481,
      "epochs_completed": 61,
      "nas_rank": 9,
      "val_rank": 4,
      "ema_rank": 2,
      "best_rank": 4
    },
    {
      "arch_index": 6,
      "nas_quant_acc1": 76.5,
      "val_acc1": 93.66089357429719,
      "ema_acc1": 91.66541164658635,
      "best_val_acc1": 93.66089357429719,
      "best_ema_acc1": 91.66541164658635,
      "epochs_completed": 61,
      "nas_rank": 8,
      "val_rank": 2,
      "ema_rank": 6,
      "best_rank": 2
    },
    {
      "arch_index": 7,
      "nas_quant_acc1": 77.25,
      "val_acc1": 93.51436997991968,
      "ema_acc1": 92.00991465863453,
      "best_val_acc1": 93.51436997991968,
      "best_ema_acc1": 92.00991465863453,
      "epochs_completed": 61,
      "nas_rank": 7,
      "val_rank": 5,
      "ema_rank": 1,
      "best_rank": 5
    },
    {
      "arch_index": 8,
      "nas_quant_acc1": 78.0,
      "val_acc1": 93.18288780120481,
      "ema_acc1": 91.69255145582329,
      "best_val_acc1": 93.18288780120481,
      "best_ema_acc1": 91.6996109437751,
      "epochs_completed": 61,
      "nas_rank": 6,
      "val_rank": 10,
      "ema_rank": 5,
      "best_rank": 10
    },
    {
      "arch_index": 9,
      "nas_quant_acc1": 78.5,
      "val_acc1": 93.61696787148594,
      "ema_acc1": 89.83700426706828,
      "best_val_acc1": 93.61696787148594,
      "best_ema_acc1": 89.83700426706828,
      "epochs_completed": 61,
      "nas_rank": 5,
      "val_rank": 3,
      "ema_rank": 12,
      "best_rank": 3
    },
    {
      "arch_index": 10,
      "nas_quant_acc1": 79.0,
      "val_acc1": 93.3792984437751,
      "ema_acc1": 91.49017946787149,
      "best_val_acc1": 93.3792984437751,
      "best_ema_acc1": 91.50210215863453,
      "epochs_completed": 61,
      "nas_rank": 4,
      "val_rank": 6,
      "ema_rank": 9,
      "best_rank": 7
    },
    {
      "arch_index": 11,
      "nas_quant_acc1": 79.75,
      "val_acc1": 93.3011734437751,
      "ema_acc1": 91.76361696787149,
      "best_val_acc1": 93.38855421686748,
      "best_ema_acc1": 91.76361696787149,
      "epochs_completed": 61,
      "nas_rank": 3,
      "val_rank": 8,
      "ema_rank": 4,
      "best_rank": 6
    },
    {
      "arch_index": 12,
      "nas_quant_acc1": 80.25,
      "val_acc1": 93.32125376506023,
      "ema_acc1": 91.65945030120481,
      "best_val_acc1": 93.32125376506023,
      "best_ema_acc1": 91.65945030120481,
      "epochs_completed": 61,
      "nas_rank": 2,
      "val_rank": 7,
      "ema_rank": 7,
      "best_rank": 8
    },
    {
      "arch_index": 13,
      "nas_quant_acc1": 81.25,
      "val_acc1": 93.23606927710844,
      "ema_acc1": 91.84880145582329,
      "best_val_acc1": 93.23606927710844,
      "best_ema_acc1": 91.84880145582329,
      "epochs_completed": 61,
      "nas_rank": 1,
      "val_rank": 9,
      "ema_rank": 3,
      "best_rank": 9
    },
    {
      "arch_index": 14,
      "nas_quant_acc1": 85.5,
      "val_acc1": 93.70215235943776,
      "ema_acc1": 92.09839357429719,
      "best_val_acc1": 93.70215235943776,
      "best_ema_acc1": 92.09839357429719,
      "epochs_completed": 61,
      "nas_rank": 0,
      "val_rank": 1,
      "ema_rank": 0,
      "best_rank": 1
    }
  ],
  "timestamp": "2026-06-03T21:09:08.986226"
}