{
  "cycle": 134,
  "completed_arch_indices": [
    0,
    1,
    2,
    3,
    4,
    5,
    6,
    7,
    8,
    9,
    10,
    11,
    12,
    13,
    14
  ],
  "cycle_val_results": {
    "0": [
      87.98145707831326,
      93.85353915662651,
      95.79583960843372,
      93.85353915662651
    ],
    "1": [
      87.54533760040161,
      91.72455446787149,
      92.26546812248995,
      91.72455446787149
    ],
    "2": [
      88.45083458835342,
      92.53890562248995,
      92.76998619477912,
      92.62409011044177
    ],
    "3": [
      88.57994477911646,
      93.59092620481927,
      93.73415537148594,
      93.62998870481927
    ],
    "4": [
      87.50078438755021,
      93.06789658634538,
      93.37223895582329,
      93.08091741967873
    ],
    "5": [
      90.84400100401606,
      94.12368222891565,
      94.22784889558233,
      94.12368222891565
    ],
    "6": [
      89.914031124498,
      93.95550953815261,
      94.11772088353413,
      93.95550953815261
    ],
    "7": [
      90.52710843373494,
      93.66575677710844,
      93.95817645582329,
      93.66575677710844
    ],
    "8": [
      89.55164407630521,
      93.62779241967873,
      93.75800075301206,
      93.62779241967873
    ],
    "9": [
      89.50222766064257,
      94.20070908634538,
      94.33091741967873,
      94.20070908634538
    ],
    "10": [
      89.86900727911646,
      93.71187876506023,
      94.21263177710844,
      93.75094126506023
    ],
    "11": [
      89.445281124498,
      93.90828940763052,
      94.0894829317269,
      93.90828940763052
    ],
    "12": [
      89.97646837349399,
      93.81008408634538,
      93.97339357429719,
      93.81008408634538
    ],
    "13": [
      90.33289407630521,
      93.78623870481927,
      93.97449171686748,
      93.84538152610442
    ],
    "14": [
      90.56020958835342,
      94.21482806224898,
      94.36511671686748,
      94.21482806224898
    ]
  }
}