{
  "cycle": 134,
  "n_archs": 15,
  "spearman_r": 0.6499999999999999,
  "spearman_p": 0.008711583621912303,
  "pearson_r": 0.5455656170216082,
  "pearson_p": 0.03541421776796695,
  "kendall_tau": 0.4666666666666667,
  "kendall_p": 0.015510823225067603,
  "bootstrap_ci_spearman": [
    0.11190362755492331,
    0.9094202898550727
  ],
  "spearman_r_ema": 0.5249999999999999,
  "spearman_p_ema": 0.04448390580010643,
  "pearson_r_ema": 0.15330173108951162,
  "pearson_p_ema": 0.5854317277722172,
  "kendall_tau_ema": 0.40952380952380957,
  "kendall_p_ema": 0.03589723736788882,
  "bootstrap_ci_spearman_ema": [
    -0.016436505108101674,
    0.9022429655830212
  ],
  "spearman_r_best": 0.3607142857142856,
  "spearman_p_best": 0.18655437415416354,
  "pearson_r_best": -0.43086991350983994,
  "pearson_p_best": 0.10884976631270904,
  "kendall_tau_best": 0.29523809523809524,
  "kendall_p_best": 0.13946285911906778,
  "bootstrap_ci_spearman_best": [
    -0.2960303934816369,
    0.8919630156472249
  ],
  "mean_val_acc1": 89.37208207831326,
  "std_val_acc1": 1.1033931221172268,
  "mean_ema_acc1": 93.58537274096383,
  "mean_best_val_acc1": 93.92969795850068,
  "per_arch": [
    {
      "arch_index": 0,
      "nas_quant_acc1": 10.0,
      "val_acc1": 87.98145707831326,
      "ema_acc1": 93.85353915662651,
      "best_val_acc1": 95.79583960843372,
      "best_ema_acc1": 93.85353915662651,
      "epochs_completed": 135,
      "nas_rank": 14,
      "val_rank": 12,
      "ema_rank": 5,
      "best_rank": 0
    },
    {
      "arch_index": 1,
      "nas_quant_acc1": 63.5,
      "val_acc1": 87.54533760040161,
      "ema_acc1": 91.72455446787149,
      "best_val_acc1": 92.26546812248995,
      "best_ema_acc1": 91.72455446787149,
      "epochs_completed": 135,
      "nas_rank": 13,
      "val_rank": 13,
      "ema_rank": 14,
      "best_rank": 14
    },
    {
      "arch_index": 2,
      "nas_quant_acc1": 68.25,
      "val_acc1": 88.45083458835342,
      "ema_acc1": 92.53890562248995,
      "best_val_acc1": 92.76998619477912,
      "best_ema_acc1": 92.62409011044177,
      "epochs_completed": 135,
      "nas_rank": 12,
      "val_rank": 11,
      "ema_rank": 13,
      "best_rank": 13
    },
    {
      "arch_index": 3,
      "nas_quant_acc1": 71.5,
      "val_acc1": 88.57994477911646,
      "ema_acc1": 93.59092620481927,
      "best_val_acc1": 93.73415537148594,
      "best_ema_acc1": 93.62998870481927,
      "epochs_completed": 135,
      "nas_rank": 11,
      "val_rank": 10,
      "ema_rank": 11,
      "best_rank": 11
    },
    {
      "arch_index": 4,
      "nas_quant_acc1": 74.0,
      "val_acc1": 87.50078438755021,
      "ema_acc1": 93.06789658634538,
      "best_val_acc1": 93.37223895582329,
      "best_ema_acc1": 93.08091741967873,
      "epochs_completed": 135,
      "nas_rank": 10,
      "val_rank": 14,
      "ema_rank": 12,
      "best_rank": 12
    },
    {
      "arch_index": 5,
      "nas_quant_acc1": 75.5,
      "val_acc1": 90.84400100401606,
      "ema_acc1": 94.12368222891565,
      "best_val_acc1": 94.22784889558233,
      "best_ema_acc1": 94.12368222891565,
      "epochs_completed": 135,
      "nas_rank": 9,
      "val_rank": 0,
      "ema_rank": 2,
      "best_rank": 3
    },
    {
      "arch_index": 6,
      "nas_quant_acc1": 76.5,
      "val_acc1": 89.914031124498,
      "ema_acc1": 93.95550953815261,
      "best_val_acc1": 94.11772088353413,
      "best_ema_acc1": 93.95550953815261,
      "epochs_completed": 135,
      "nas_rank": 8,
      "val_rank": 5,
      "ema_rank": 3,
      "best_rank": 5
    },
    {
      "arch_index": 7,
      "nas_quant_acc1": 77.25,
      "val_acc1": 90.52710843373494,
      "ema_acc1": 93.66575677710844,
      "best_val_acc1": 93.95817645582329,
      "best_ema_acc1": 93.66575677710844,
      "epochs_completed": 135,
      "nas_rank": 7,
      "val_rank": 2,
      "ema_rank": 9,
      "best_rank": 9
    },
    {
      "arch_index": 8,
      "nas_quant_acc1": 78.0,
      "val_acc1": 89.55164407630521,
      "ema_acc1": 93.62779241967873,
      "best_val_acc1": 93.75800075301206,
      "best_ema_acc1": 93.62779241967873,
      "epochs_completed": 135,
      "nas_rank": 6,
      "val_rank": 7,
      "ema_rank": 10,
      "best_rank": 10
    },
    {
      "arch_index": 9,
      "nas_quant_acc1": 78.5,
      "val_acc1": 89.50222766064257,
      "ema_acc1": 94.20070908634538,
      "best_val_acc1": 94.33091741967873,
      "best_ema_acc1": 94.20070908634538,
      "epochs_completed": 135,
      "nas_rank": 5,
      "val_rank": 8,
      "ema_rank": 1,
      "best_rank": 2
    },
    {
      "arch_index": 10,
      "nas_quant_acc1": 79.0,
      "val_acc1": 89.86900727911646,
      "ema_acc1": 93.71187876506023,
      "best_val_acc1": 94.21263177710844,
      "best_ema_acc1": 93.75094126506023,
      "epochs_completed": 135,
      "nas_rank": 4,
      "val_rank": 6,
      "ema_rank": 8,
      "best_rank": 4
    },
    {
      "arch_index": 11,
      "nas_quant_acc1": 79.75,
      "val_acc1": 89.445281124498,
      "ema_acc1": 93.90828940763052,
      "best_val_acc1": 94.0894829317269,
      "best_ema_acc1": 93.90828940763052,
      "epochs_completed": 135,
      "nas_rank": 3,
      "val_rank": 9,
      "ema_rank": 4,
      "best_rank": 6
    },
    {
      "arch_index": 12,
      "nas_quant_acc1": 80.25,
      "val_acc1": 89.97646837349399,
      "ema_acc1": 93.81008408634538,
      "best_val_acc1": 93.97339357429719,
      "best_ema_acc1": 93.81008408634538,
      "epochs_completed": 135,
      "nas_rank": 2,
      "val_rank": 4,
      "ema_rank": 6,
      "best_rank": 8
    },
    {
      "arch_index": 13,
      "nas_quant_acc1": 81.25,
      "val_acc1": 90.33289407630521,
      "ema_acc1": 93.78623870481927,
      "best_val_acc1": 93.97449171686748,
      "best_ema_acc1": 93.84538152610442,
      "epochs_completed": 135,
      "nas_rank": 1,
      "val_rank": 3,
      "ema_rank": 7,
      "best_rank": 7
    },
    {
      "arch_index": 14,
      "nas_quant_acc1": 85.5,
      "val_acc1": 90.56020958835342,
      "ema_acc1": 94.21482806224898,
      "best_val_acc1": 94.36511671686748,
      "best_ema_acc1": 94.21482806224898,
      "epochs_completed": 135,
      "nas_rank": 0,
      "val_rank": 1,
      "ema_rank": 0,
      "best_rank": 1
    }
  ],
  "timestamp": "2026-06-04T08:03:12.079284"
}