{
  "cycle": 2,
  "completed_arch_indices": [
    0,
    1,
    2,
    3,
    4,
    5,
    6,
    7,
    8,
    9,
    10,
    11,
    12,
    13,
    14
  ],
  "cycle_val_results": {
    "0": [
      83.11809738955823,
      20.022119728915662,
      83.11809738955823,
      20.022119728915662
    ],
    "1": [
      78.62418423694778,
      16.15916792168675,
      78.62418423694778,
      16.15916792168675
    ],
    "2": [
      79.45594879518073,
      16.64046812248996,
      79.45594879518073,
      16.64046812248996
    ],
    "3": [
      81.28812123493977,
      16.24058734939759,
      81.28812123493977,
      16.24058734939759
    ],
    "4": [
      80.6527673192771,
      19.68844126506024,
      80.6527673192771,
      19.68844126506024
    ],
    "5": [
      80.06792796184739,
      18.961941516064257,
      80.07608559236948,
      18.961941516064257
    ],
    "6": [
      83.43875502008032,
      18.773217871485944,
      83.43875502008032,
      18.773217871485944
    ],
    "7": [
      81.69396335341365,
      19.710717871485944,
      81.69396335341365,
      19.710717871485944
    ],
    "8": [
      81.51810366465864,
      20.593467620481928,
      81.51810366465864,
      20.593467620481928
    ],
    "9": [
      81.66949046184739,
      16.477629267068274,
      81.66949046184739,
      16.477629267068274
    ],
    "10": [
      82.86426957831326,
      19.888146335341368,
      82.86426957831326,
      19.888146335341368
    ],
    "11": [
      81.97602911646587,
      20.249435240963855,
      81.97602911646587,
      20.249435240963855
    ],
    "12": [
      81.38146335341365,
      20.737167419678716,
      81.38146335341365,
      20.737167419678716
    ],
    "13": [
      83.07197540160642,
      20.7062625502008,
      83.07197540160642,
      20.7062625502008
    ],
    "14": [
      82.9640436746988,
      19.76546812248996,
      82.9640436746988,
      19.76546812248996
    ]
  }
}