{
  "cycle": 2,
  "n_archs": 15,
  "spearman_r": 0.43214285714285705,
  "spearman_p": 0.10769303754639799,
  "pearson_r": -0.04805560045903368,
  "pearson_p": 0.8649560172030845,
  "kendall_tau": 0.37142857142857144,
  "kendall_p": 0.058995845051235264,
  "bootstrap_ci_spearman": [
    -0.17700190969497198,
    0.9226554883002926
  ],
  "spearman_r_ema": 0.6071428571428571,
  "spearman_p_ema": 0.01638130676830708,
  "pearson_r_ema": 0.05672776651540354,
  "pearson_p_ema": 0.8408505509441384,
  "kendall_tau_ema": 0.4666666666666667,
  "kendall_p_ema": 0.015510823225067603,
  "bootstrap_ci_spearman_ema": [
    0.08420707732634337,
    0.9239164832140893
  ],
  "spearman_r_best": 0.43214285714285705,
  "spearman_p_best": 0.10769303754639799,
  "pearson_r_best": -0.04799480638766044,
  "pearson_p_best": 0.8651254173585183,
  "kendall_tau_best": 0.37142857142857144,
  "kendall_p_best": 0.058995845051235264,
  "bootstrap_ci_spearman_best": [
    -0.1826401446654611,
    0.9240540602294018
  ],
  "mean_val_acc1": 81.58567603748325,
  "std_val_acc1": 1.4220705589252391,
  "mean_ema_acc1": 18.97428254685408,
  "mean_best_val_acc1": 81.58621987951807,
  "per_arch": [
    {
      "arch_index": 0,
      "nas_quant_acc1": 10.0,
      "val_acc1": 83.11809738955823,
      "ema_acc1": 20.022119728915662,
      "best_val_acc1": 83.11809738955823,
      "best_ema_acc1": 20.022119728915662,
      "epochs_completed": 3,
      "nas_rank": 14,
      "val_rank": 1,
      "ema_rank": 4,
      "best_rank": 1
    },
    {
      "arch_index": 1,
      "nas_quant_acc1": 63.5,
      "val_acc1": 78.62418423694778,
      "ema_acc1": 16.15916792168675,
      "best_val_acc1": 78.62418423694778,
      "best_ema_acc1": 16.15916792168675,
      "epochs_completed": 3,
      "nas_rank": 13,
      "val_rank": 14,
      "ema_rank": 14,
      "best_rank": 14
    },
    {
      "arch_index": 2,
      "nas_quant_acc1": 68.25,
      "val_acc1": 79.45594879518073,
      "ema_acc1": 16.64046812248996,
      "best_val_acc1": 79.45594879518073,
      "best_ema_acc1": 16.64046812248996,
      "epochs_completed": 3,
      "nas_rank": 12,
      "val_rank": 13,
      "ema_rank": 11,
      "best_rank": 13
    },
    {
      "arch_index": 3,
      "nas_quant_acc1": 71.5,
      "val_acc1": 81.28812123493977,
      "ema_acc1": 16.24058734939759,
      "best_val_acc1": 81.28812123493977,
      "best_ema_acc1": 16.24058734939759,
      "epochs_completed": 3,
      "nas_rank": 11,
      "val_rank": 10,
      "ema_rank": 13,
      "best_rank": 10
    },
    {
      "arch_index": 4,
      "nas_quant_acc1": 74.0,
      "val_acc1": 80.6527673192771,
      "ema_acc1": 19.68844126506024,
      "best_val_acc1": 80.6527673192771,
      "best_ema_acc1": 19.68844126506024,
      "epochs_completed": 3,
      "nas_rank": 10,
      "val_rank": 11,
      "ema_rank": 8,
      "best_rank": 11
    },
    {
      "arch_index": 5,
      "nas_quant_acc1": 75.5,
      "val_acc1": 80.06792796184739,
      "ema_acc1": 18.961941516064257,
      "best_val_acc1": 80.07608559236948,
      "best_ema_acc1": 18.961941516064257,
      "epochs_completed": 3,
      "nas_rank": 9,
      "val_rank": 12,
      "ema_rank": 9,
      "best_rank": 12
    },
    {
      "arch_index": 6,
      "nas_quant_acc1": 76.5,
      "val_acc1": 83.43875502008032,
      "ema_acc1": 18.773217871485944,
      "best_val_acc1": 83.43875502008032,
      "best_ema_acc1": 18.773217871485944,
      "epochs_completed": 3,
      "nas_rank": 8,
      "val_rank": 0,
      "ema_rank": 10,
      "best_rank": 0
    },
    {
      "arch_index": 7,
      "nas_quant_acc1": 77.25,
      "val_acc1": 81.69396335341365,
      "ema_acc1": 19.710717871485944,
      "best_val_acc1": 81.69396335341365,
      "best_ema_acc1": 19.710717871485944,
      "epochs_completed": 3,
      "nas_rank": 7,
      "val_rank": 6,
      "ema_rank": 7,
      "best_rank": 6
    },
    {
      "arch_index": 8,
      "nas_quant_acc1": 78.0,
      "val_acc1": 81.51810366465864,
      "ema_acc1": 20.593467620481928,
      "best_val_acc1": 81.51810366465864,
      "best_ema_acc1": 20.593467620481928,
      "epochs_completed": 3,
      "nas_rank": 6,
      "val_rank": 8,
      "ema_rank": 2,
      "best_rank": 8
    },
    {
      "arch_index": 9,
      "nas_quant_acc1": 78.5,
      "val_acc1": 81.66949046184739,
      "ema_acc1": 16.477629267068274,
      "best_val_acc1": 81.66949046184739,
      "best_ema_acc1": 16.477629267068274,
      "epochs_completed": 3,
      "nas_rank": 5,
      "val_rank": 7,
      "ema_rank": 12,
      "best_rank": 7
    },
    {
      "arch_index": 10,
      "nas_quant_acc1": 79.0,
      "val_acc1": 82.86426957831326,
      "ema_acc1": 19.888146335341368,
      "best_val_acc1": 82.86426957831326,
      "best_ema_acc1": 19.888146335341368,
      "epochs_completed": 3,
      "nas_rank": 4,
      "val_rank": 4,
      "ema_rank": 5,
      "best_rank": 4
    },
    {
      "arch_index": 11,
      "nas_quant_acc1": 79.75,
      "val_acc1": 81.97602911646587,
      "ema_acc1": 20.249435240963855,
      "best_val_acc1": 81.97602911646587,
      "best_ema_acc1": 20.249435240963855,
      "epochs_completed": 3,
      "nas_rank": 3,
      "val_rank": 5,
      "ema_rank": 3,
      "best_rank": 5
    },
    {
      "arch_index": 12,
      "nas_quant_acc1": 80.25,
      "val_acc1": 81.38146335341365,
      "ema_acc1": 20.737167419678716,
      "best_val_acc1": 81.38146335341365,
      "best_ema_acc1": 20.737167419678716,
      "epochs_completed": 3,
      "nas_rank": 2,
      "val_rank": 9,
      "ema_rank": 0,
      "best_rank": 9
    },
    {
      "arch_index": 13,
      "nas_quant_acc1": 81.25,
      "val_acc1": 83.07197540160642,
      "ema_acc1": 20.7062625502008,
      "best_val_acc1": 83.07197540160642,
      "best_ema_acc1": 20.7062625502008,
      "epochs_completed": 3,
      "nas_rank": 1,
      "val_rank": 2,
      "ema_rank": 1,
      "best_rank": 2
    },
    {
      "arch_index": 14,
      "nas_quant_acc1": 85.5,
      "val_acc1": 82.9640436746988,
      "ema_acc1": 19.76546812248996,
      "best_val_acc1": 82.9640436746988,
      "best_ema_acc1": 19.76546812248996,
      "epochs_completed": 3,
      "nas_rank": 0,
      "val_rank": 3,
      "ema_rank": 6,
      "best_rank": 3
    }
  ],
  "timestamp": "2026-06-03T13:09:54.286911"
}