{
  "cycle": 47,
  "completed_arch_indices": [
    0,
    1,
    2,
    3,
    4,
    5,
    6,
    7,
    8,
    9,
    10,
    11,
    12,
    13,
    14
  ],
  "cycle_val_results": {
    "0": [
      93.99237575301206,
      92.27362575301206,
      94.50944402610442,
      92.39081325301206
    ],
    "1": [
      89.33734939759036,
      88.2246172188755,
      90.93844126506023,
      88.2246172188755
    ],
    "2": [
      89.87120356425703,
      88.62716490963855,
      91.3328313253012,
      88.62716490963855
    ],
    "3": [
      91.4109563253012,
      90.52553965863453,
      92.32241465863453,
      90.52553965863453
    ],
    "4": [
      90.91396837349399,
      90.14197414658635,
      91.95296812248995,
      90.14197414658635
    ],
    "5": [
      92.48682228915662,
      91.58132530120481,
      93.44550075301206,
      91.58132530120481
    ],
    "6": [
      92.23346511044177,
      91.03335215863453,
      93.1058609437751,
      91.03335215863453
    ],
    "7": [
      92.12490587349399,
      91.03931350401606,
      92.99134036144578,
      91.03931350401606
    ],
    "8": [
      91.76361696787149,
      90.85106049196787,
      92.60071536144578,
      90.85106049196787
    ],
    "9": [
      91.83468247991968,
      87.70864708835342,
      93.18618222891565,
      87.70864708835342
    ],
    "10": [
      92.06199799196787,
      91.16465863453816,
      93.14602158634538,
      91.16465863453816
    ],
    "11": [
      91.7847954317269,
      91.04747113453816,
      93.08797690763052,
      91.04747113453816
    ],
    "12": [
      92.59475401606427,
      90.91616465863453,
      93.01691139558233,
      90.91616465863453
    ],
    "13": [
      92.04411395582329,
      90.96118850401606,
      93.02993222891565,
      90.96118850401606
    ],
    "14": [
      91.81899472891565,
      91.72784889558233,
      93.56974774096385,
      91.79295306224898
    ]
  }
}