{
  "cycle": 47,
  "n_archs": 15,
  "spearman_r": 0.2285714285714285,
  "spearman_p": 0.41256617049636035,
  "pearson_r": -0.333736495137496,
  "pearson_p": 0.22411495394714986,
  "kendall_tau": 0.1619047619047619,
  "kendall_p": 0.43511891093211363,
  "bootstrap_ci_spearman": [
    -0.4594594594594594,
    0.8234260731319553
  ],
  "spearman_r_ema": 0.25,
  "spearman_p_ema": 0.36884629178393047,
  "pearson_r_ema": -0.17570584348859927,
  "pearson_p_ema": 0.5310705932973523,
  "kendall_tau_ema": 0.21904761904761905,
  "kendall_p_ema": 0.2815660702955676,
  "bootstrap_ci_spearman_ema": [
    -0.38202401248895923,
    0.8165554628857374
  ],
  "spearman_r_best": 0.34642857142857136,
  "spearman_p_best": 0.2058959920935512,
  "pearson_r_best": -0.2730451268996723,
  "pearson_p_best": 0.32480235835810267,
  "kendall_tau_best": 0.2761904761904762,
  "kendall_p_best": 0.16857787367749338,
  "bootstrap_ci_spearman_best": [
    -0.31648441269039035,
    0.8907153502235468
  ],
  "mean_val_acc1": 91.75160015060241,
  "std_val_acc1": 1.1026219319022152,
  "mean_ema_acc1": 90.52159680388219,
  "mean_best_val_acc1": 92.81575259370815,
  "per_arch": [
    {
      "arch_index": 0,
      "nas_quant_acc1": 10.0,
      "val_acc1": 93.99237575301206,
      "ema_acc1": 92.27362575301206,
      "best_val_acc1": 94.50944402610442,
      "best_ema_acc1": 92.39081325301206,
      "epochs_completed": 48,
      "nas_rank": 14,
      "val_rank": 0,
      "ema_rank": 0,
      "best_rank": 0
    },
    {
      "arch_index": 1,
      "nas_quant_acc1": 63.5,
      "val_acc1": 89.33734939759036,
      "ema_acc1": 88.2246172188755,
      "best_val_acc1": 90.93844126506023,
      "best_ema_acc1": 88.2246172188755,
      "epochs_completed": 48,
      "nas_rank": 13,
      "val_rank": 14,
      "ema_rank": 13,
      "best_rank": 14
    },
    {
      "arch_index": 2,
      "nas_quant_acc1": 68.25,
      "val_acc1": 89.87120356425703,
      "ema_acc1": 88.62716490963855,
      "best_val_acc1": 91.3328313253012,
      "best_ema_acc1": 88.62716490963855,
      "epochs_completed": 48,
      "nas_rank": 12,
      "val_rank": 13,
      "ema_rank": 12,
      "best_rank": 13
    },
    {
      "arch_index": 3,
      "nas_quant_acc1": 71.5,
      "val_acc1": 91.4109563253012,
      "ema_acc1": 90.52553965863453,
      "best_val_acc1": 92.32241465863453,
      "best_ema_acc1": 90.52553965863453,
      "epochs_completed": 48,
      "nas_rank": 11,
      "val_rank": 11,
      "ema_rank": 10,
      "best_rank": 11
    },
    {
      "arch_index": 4,
      "nas_quant_acc1": 74.0,
      "val_acc1": 90.91396837349399,
      "ema_acc1": 90.14197414658635,
      "best_val_acc1": 91.95296812248995,
      "best_ema_acc1": 90.14197414658635,
      "epochs_completed": 48,
      "nas_rank": 10,
      "val_rank": 12,
      "ema_rank": 11,
      "best_rank": 12
    },
    {
      "arch_index": 5,
      "nas_quant_acc1": 75.5,
      "val_acc1": 92.48682228915662,
      "ema_acc1": 91.58132530120481,
      "best_val_acc1": 93.44550075301206,
      "best_ema_acc1": 91.58132530120481,
      "epochs_completed": 48,
      "nas_rank": 9,
      "val_rank": 2,
      "ema_rank": 2,
      "best_rank": 2
    },
    {
      "arch_index": 6,
      "nas_quant_acc1": 76.5,
      "val_acc1": 92.23346511044177,
      "ema_acc1": 91.03335215863453,
      "best_val_acc1": 93.1058609437751,
      "best_ema_acc1": 91.03335215863453,
      "epochs_completed": 48,
      "nas_rank": 8,
      "val_rank": 3,
      "ema_rank": 6,
      "best_rank": 5
    },
    {
      "arch_index": 7,
      "nas_quant_acc1": 77.25,
      "val_acc1": 92.12490587349399,
      "ema_acc1": 91.03931350401606,
      "best_val_acc1": 92.99134036144578,
      "best_ema_acc1": 91.03931350401606,
      "epochs_completed": 48,
      "nas_rank": 7,
      "val_rank": 4,
      "ema_rank": 5,
      "best_rank": 9
    },
    {
      "arch_index": 8,
      "nas_quant_acc1": 78.0,
      "val_acc1": 91.76361696787149,
      "ema_acc1": 90.85106049196787,
      "best_val_acc1": 92.60071536144578,
      "best_ema_acc1": 90.85106049196787,
      "epochs_completed": 48,
      "nas_rank": 6,
      "val_rank": 10,
      "ema_rank": 9,
      "best_rank": 10
    },
    {
      "arch_index": 9,
      "nas_quant_acc1": 78.5,
      "val_acc1": 91.83468247991968,
      "ema_acc1": 87.70864708835342,
      "best_val_acc1": 93.18618222891565,
      "best_ema_acc1": 87.70864708835342,
      "epochs_completed": 48,
      "nas_rank": 5,
      "val_rank": 7,
      "ema_rank": 14,
      "best_rank": 3
    },
    {
      "arch_index": 10,
      "nas_quant_acc1": 79.0,
      "val_acc1": 92.06199799196787,
      "ema_acc1": 91.16465863453816,
      "best_val_acc1": 93.14602158634538,
      "best_ema_acc1": 91.16465863453816,
      "epochs_completed": 48,
      "nas_rank": 4,
      "val_rank": 5,
      "ema_rank": 3,
      "best_rank": 4
    },
    {
      "arch_index": 11,
      "nas_quant_acc1": 79.75,
      "val_acc1": 91.7847954317269,
      "ema_acc1": 91.04747113453816,
      "best_val_acc1": 93.08797690763052,
      "best_ema_acc1": 91.04747113453816,
      "epochs_completed": 48,
      "nas_rank": 3,
      "val_rank": 9,
      "ema_rank": 4,
      "best_rank": 6
    },
    {
      "arch_index": 12,
      "nas_quant_acc1": 80.25,
      "val_acc1": 92.59475401606427,
      "ema_acc1": 90.91616465863453,
      "best_val_acc1": 93.01691139558233,
      "best_ema_acc1": 90.91616465863453,
      "epochs_completed": 48,
      "nas_rank": 2,
      "val_rank": 1,
      "ema_rank": 8,
      "best_rank": 8
    },
    {
      "arch_index": 13,
      "nas_quant_acc1": 81.25,
      "val_acc1": 92.04411395582329,
      "ema_acc1": 90.96118850401606,
      "best_val_acc1": 93.02993222891565,
      "best_ema_acc1": 90.96118850401606,
      "epochs_completed": 48,
      "nas_rank": 1,
      "val_rank": 6,
      "ema_rank": 7,
      "best_rank": 7
    },
    {
      "arch_index": 14,
      "nas_quant_acc1": 85.5,
      "val_acc1": 91.81899472891565,
      "ema_acc1": 91.72784889558233,
      "best_val_acc1": 93.56974774096385,
      "best_ema_acc1": 91.79295306224898,
      "epochs_completed": 48,
      "nas_rank": 0,
      "val_rank": 8,
      "ema_rank": 1,
      "best_rank": 1
    }
  ],
  "timestamp": "2026-06-03T18:43:17.120938"
}