{
  "cycle": 77,
  "completed_arch_indices": [
    0,
    1,
    2,
    3,
    4,
    5,
    6,
    7,
    8,
    9,
    10,
    11,
    12,
    13,
    14
  ],
  "cycle_val_results": {
    "0": [
      94.24792921686748,
      89.76217369477912,
      95.23484563253012,
      92.39081325301206
    ],
    "1": [
      90.26888805220884,
      89.74428965863453,
      91.75169427710844,
      89.76436997991968
    ],
    "2": [
      90.71379267068274,
      90.26292670682732,
      92.13416164658635,
      90.31501004016064
    ],
    "3": [
      91.55198920682732,
      91.66650978915662,
      92.80528363453816,
      91.66650978915662
    ],
    "4": [
      91.41911395582329,
      91.56234312248995,
      92.63491465863453,
      91.56234312248995
    ],
    "5": [
      92.96263177710844,
      92.22750376506023,
      93.6750125502008,
      92.2535454317269
    ],
    "6": [
      92.87478037148594,
      91.97900978915662,
      93.66089357429719,
      92.08913780120481
    ],
    "7": [
      92.43850401606427,
      92.12114081325302,
      93.70042670682732,
      92.12114081325302
    ],
    "8": [
      92.19110818273093,
      92.29150978915662,
      93.18288780120481,
      92.37669427710844
    ],
    "9": [
      92.67131024096385,
      91.0062123493976,
      93.61696787148594,
      91.0062123493976
    ],
    "10": [
      91.94590863453816,
      91.83468247991968,
      93.3863579317269,
      91.83468247991968
    ],
    "11": [
      92.34359312248995,
      92.22640562248995,
      93.62998870481927,
      92.22640562248995
    ],
    "12": [
      92.54706325301206,
      92.0511734437751,
      93.32125376506023,
      92.05713478915662
    ],
    "13": [
      92.03109312248995,
      92.25950677710844,
      93.55186370481927,
      92.25950677710844
    ],
    "14": [
      91.98497113453816,
      92.48195908634538,
      94.20290537148594,
      92.49497991967873
    ]
  }
}