{
  "cycle": 77,
  "n_archs": 15,
  "spearman_r": 0.125,
  "spearman_p": 0.6571356681869504,
  "pearson_r": -0.4113532152206648,
  "pearson_p": 0.1276770565092612,
  "kendall_tau": 0.04761904761904762,
  "kendall_p": 0.845841042458974,
  "bootstrap_ci_spearman": [
    -0.5755730042803359,
    0.7576853526220615
  ],
  "spearman_r_ema": 0.7464285714285712,
  "spearman_p_ema": 0.001391411089063054,
  "pearson_r_ema": 0.7259615857161839,
  "pearson_p_ema": 0.002182495888098465,
  "kendall_tau_ema": 0.6000000000000001,
  "kendall_p_ema": 0.0012858607977242237,
  "bootstrap_ci_spearman_ema": [
    0.300688273563948,
    0.9493693734862678
  ],
  "spearman_r_best": 0.2821428571428571,
  "spearman_p_best": 0.30828445682005556,
  "pearson_r_best": -0.37895019574116606,
  "pearson_p_best": 0.16363473377136978,
  "kendall_tau_best": 0.23809523809523814,
  "kendall_p_best": 0.23945881568583288,
  "bootstrap_ci_spearman_best": [
    -0.3748284232924747,
    0.8587020402547372
  ],
  "mean_val_acc1": 92.14617846385542,
  "std_val_acc1": 0.9529916391059632,
  "mean_ema_acc1": 91.56515645917003,
  "mean_best_val_acc1": 93.36596385542167,
  "per_arch": [
    {
      "arch_index": 0,
      "nas_quant_acc1": 10.0,
      "val_acc1": 94.24792921686748,
      "ema_acc1": 89.76217369477912,
      "best_val_acc1": 95.23484563253012,
      "best_ema_acc1": 92.39081325301206,
      "epochs_completed": 78,
      "nas_rank": 14,
      "val_rank": 0,
      "ema_rank": 13,
      "best_rank": 0
    },
    {
      "arch_index": 1,
      "nas_quant_acc1": 63.5,
      "val_acc1": 90.26888805220884,
      "ema_acc1": 89.74428965863453,
      "best_val_acc1": 91.75169427710844,
      "best_ema_acc1": 89.76436997991968,
      "epochs_completed": 78,
      "nas_rank": 13,
      "val_rank": 14,
      "ema_rank": 14,
      "best_rank": 14
    },
    {
      "arch_index": 2,
      "nas_quant_acc1": 68.25,
      "val_acc1": 90.71379267068274,
      "ema_acc1": 90.26292670682732,
      "best_val_acc1": 92.13416164658635,
      "best_ema_acc1": 90.31501004016064,
      "epochs_completed": 78,
      "nas_rank": 12,
      "val_rank": 13,
      "ema_rank": 12,
      "best_rank": 13
    },
    {
      "arch_index": 3,
      "nas_quant_acc1": 71.5,
      "val_acc1": 91.55198920682732,
      "ema_acc1": 91.66650978915662,
      "best_val_acc1": 92.80528363453816,
      "best_ema_acc1": 91.66650978915662,
      "epochs_completed": 78,
      "nas_rank": 11,
      "val_rank": 11,
      "ema_rank": 9,
      "best_rank": 11
    },
    {
      "arch_index": 4,
      "nas_quant_acc1": 74.0,
      "val_acc1": 91.41911395582329,
      "ema_acc1": 91.56234312248995,
      "best_val_acc1": 92.63491465863453,
      "best_ema_acc1": 91.56234312248995,
      "epochs_completed": 78,
      "nas_rank": 10,
      "val_rank": 12,
      "ema_rank": 10,
      "best_rank": 12
    },
    {
      "arch_index": 5,
      "nas_quant_acc1": 75.5,
      "val_acc1": 92.96263177710844,
      "ema_acc1": 92.22750376506023,
      "best_val_acc1": 93.6750125502008,
      "best_ema_acc1": 92.2535454317269,
      "epochs_completed": 78,
      "nas_rank": 9,
      "val_rank": 1,
      "ema_rank": 3,
      "best_rank": 3
    },
    {
      "arch_index": 6,
      "nas_quant_acc1": 76.5,
      "val_acc1": 92.87478037148594,
      "ema_acc1": 91.97900978915662,
      "best_val_acc1": 93.66089357429719,
      "best_ema_acc1": 92.08913780120481,
      "epochs_completed": 78,
      "nas_rank": 8,
      "val_rank": 2,
      "ema_rank": 7,
      "best_rank": 4
    },
    {
      "arch_index": 7,
      "nas_quant_acc1": 77.25,
      "val_acc1": 92.43850401606427,
      "ema_acc1": 92.12114081325302,
      "best_val_acc1": 93.70042670682732,
      "best_ema_acc1": 92.12114081325302,
      "epochs_completed": 78,
      "nas_rank": 7,
      "val_rank": 5,
      "ema_rank": 5,
      "best_rank": 2
    },
    {
      "arch_index": 8,
      "nas_quant_acc1": 78.0,
      "val_acc1": 92.19110818273093,
      "ema_acc1": 92.29150978915662,
      "best_val_acc1": 93.18288780120481,
      "best_ema_acc1": 92.37669427710844,
      "epochs_completed": 78,
      "nas_rank": 6,
      "val_rank": 7,
      "ema_rank": 1,
      "best_rank": 10
    },
    {
      "arch_index": 9,
      "nas_quant_acc1": 78.5,
      "val_acc1": 92.67131024096385,
      "ema_acc1": 91.0062123493976,
      "best_val_acc1": 93.61696787148594,
      "best_ema_acc1": 91.0062123493976,
      "epochs_completed": 78,
      "nas_rank": 5,
      "val_rank": 3,
      "ema_rank": 11,
      "best_rank": 6
    },
    {
      "arch_index": 10,
      "nas_quant_acc1": 79.0,
      "val_acc1": 91.94590863453816,
      "ema_acc1": 91.83468247991968,
      "best_val_acc1": 93.3863579317269,
      "best_ema_acc1": 91.83468247991968,
      "epochs_completed": 78,
      "nas_rank": 4,
      "val_rank": 10,
      "ema_rank": 8,
      "best_rank": 8
    },
    {
      "arch_index": 11,
      "nas_quant_acc1": 79.75,
      "val_acc1": 92.34359312248995,
      "ema_acc1": 92.22640562248995,
      "best_val_acc1": 93.62998870481927,
      "best_ema_acc1": 92.22640562248995,
      "epochs_completed": 78,
      "nas_rank": 3,
      "val_rank": 6,
      "ema_rank": 4,
      "best_rank": 5
    },
    {
      "arch_index": 12,
      "nas_quant_acc1": 80.25,
      "val_acc1": 92.54706325301206,
      "ema_acc1": 92.0511734437751,
      "best_val_acc1": 93.32125376506023,
      "best_ema_acc1": 92.05713478915662,
      "epochs_completed": 78,
      "nas_rank": 2,
      "val_rank": 4,
      "ema_rank": 6,
      "best_rank": 9
    },
    {
      "arch_index": 13,
      "nas_quant_acc1": 81.25,
      "val_acc1": 92.03109312248995,
      "ema_acc1": 92.25950677710844,
      "best_val_acc1": 93.55186370481927,
      "best_ema_acc1": 92.25950677710844,
      "epochs_completed": 78,
      "nas_rank": 1,
      "val_rank": 8,
      "ema_rank": 2,
      "best_rank": 7
    },
    {
      "arch_index": 14,
      "nas_quant_acc1": 85.5,
      "val_acc1": 91.98497113453816,
      "ema_acc1": 92.48195908634538,
      "best_val_acc1": 94.20290537148594,
      "best_ema_acc1": 92.49497991967873,
      "epochs_completed": 78,
      "nas_rank": 0,
      "val_rank": 9,
      "ema_rank": 0,
      "best_rank": 1
    }
  ],
  "timestamp": "2026-06-03T22:34:04.955520"
}