{
  "cycle": 33,
  "completed_arch_indices": [
    0,
    1,
    2,
    3,
    4,
    5,
    6,
    7,
    8,
    9,
    10,
    11,
    12,
    13,
    14
  ],
  "cycle_val_results": {
    "0": [
      88.69383785140562,
      91.14081325301206,
      94.50944402610442,
      91.14081325301206
    ],
    "1": [
      87.37606676706828,
      85.03059111445783,
      90.47455446787149,
      85.03059111445783
    ],
    "2": [
      86.9675577309237,
      85.92636169678714,
      90.9671498493976,
      85.92636169678714
    ],
    "3": [
      88.55390311244979,
      88.26477786144578,
      92.05980170682732,
      88.26477786144578
    ],
    "4": [
      88.94186119477912,
      87.9983998493976,
      91.61928965863453,
      87.9983998493976
    ],
    "5": [
      89.32432856425703,
      89.8093938253012,
      93.12703940763052,
      89.8093938253012
    ],
    "6": [
      89.92705195783132,
      89.18706074297188,
      92.67507530120481,
      89.18706074297188
    ],
    "7": [
      87.70582329317268,
      89.0449297188755,
      92.55302459839358,
      89.0449297188755
    ],
    "8": [
      88.47734688755021,
      88.8496172188755,
      92.53184613453816,
      88.8496172188755
    ],
    "9": [
      87.52196285140562,
      78.60692771084338,
      92.57200677710844,
      78.60692771084338
    ],
    "10": [
      88.898406124498,
      88.91252510040161,
      92.90678338353413,
      88.91252510040161
    ],
    "11": [
      88.81431977911646,
      89.50505145582329,
      92.71037274096385,
      89.50505145582329
    ],
    "12": [
      87.40963855421687,
      89.3655873493976,
      92.47380145582329,
      89.3655873493976
    ],
    "13": [
      88.8121234939759,
      88.83063504016064,
      92.47003639558233,
      88.83063504016064
    ],
    "14": [
      89.47351907630521,
      90.3004204317269,
      93.25128639558233,
      90.3004204317269
    ]
  }
}