{
  "cycle": 50,
  "completed_arch_indices": [
    0,
    1,
    2,
    3,
    4,
    5,
    6,
    7,
    8,
    9,
    10,
    11,
    12,
    13,
    14
  ],
  "cycle_val_results": {
    "0": [
      95.06933985943776,
      92.02622991967873,
      95.06933985943776,
      92.39081325301206
    ],
    "1": [
      91.31494728915662,
      88.4980547188755,
      91.31494728915662,
      88.4980547188755
    ],
    "2": [
      91.62525100401606,
      89.07097138554217,
      91.62525100401606,
      89.07097138554217
    ],
    "3": [
      92.23942645582329,
      90.86517946787149,
      92.32241465863453,
      90.86517946787149
    ],
    "4": [
      92.29041164658635,
      90.48757530120481,
      92.29041164658635,
      90.48757530120481
    ],
    "5": [
      93.59092620481927,
      91.65239081325302,
      93.59092620481927,
      91.65239081325302
    ],
    "6": [
      93.5968875502008,
      91.34585215863453,
      93.5968875502008,
      91.34585215863453
    ],
    "7": [
      93.34400100401606,
      91.41691767068274,
      93.34400100401606,
      91.41691767068274
    ],
    "8": [
      92.9176079317269,
      91.1375188253012,
      92.9176079317269,
      91.1375188253012
    ],
    "9": [
      93.32941139558233,
      88.38463227911646,
      93.32941139558233,
      88.38463227911646
    ],
    "10": [
      93.28925075301206,
      91.35291164658635,
      93.28925075301206,
      91.35291164658635
    ],
    "11": [
      93.27842620481927,
      91.20968247991968,
      93.38855421686748,
      91.21674196787149
    ],
    "12": [
      92.9957329317269,
      91.22380145582329,
      93.01691139558233,
      91.22380145582329
    ],
    "13": [
      93.22414658634538,
      91.26772715863453,
      93.22414658634538,
      91.26772715863453
    ],
    "14": [
      93.46667921686748,
      91.86511671686748,
      93.56974774096385,
      91.86511671686748
    ]
  }
}