{
  "cycle": 50,
  "n_archs": 15,
  "spearman_r": 0.1964285714285714,
  "spearman_p": 0.4828987562716336,
  "pearson_r": -0.39185744543164175,
  "pearson_p": 0.14859160016033135,
  "kendall_tau": 0.14285714285714288,
  "kendall_p": 0.4950508526248027,
  "bootstrap_ci_spearman": [
    -0.5217471227621484,
    0.8239011638555412
  ],
  "spearman_r_ema": 0.2178571428571428,
  "spearman_p_ema": 0.43539267351553756,
  "pearson_r_ema": -0.08951484839338669,
  "pearson_p_ema": 0.7510538028382541,
  "kendall_tau_ema": 0.20000000000000004,
  "kendall_p_ema": 0.3282335876694342,
  "bootstrap_ci_spearman_ema": [
    -0.42183031411002164,
    0.8054695456325881
  ],
  "spearman_r_best": 0.2178571428571428,
  "spearman_p_best": 0.43539267351553756,
  "pearson_r_best": -0.38077707330995003,
  "pearson_p_best": 0.16144668764321687,
  "kendall_tau_best": 0.18095238095238098,
  "kendall_p_best": 0.3794503959627968,
  "bootstrap_ci_spearman_best": [
    -0.4487051597051597,
    0.8254703557312252
  ],
  "mean_val_acc1": 93.03816306894244,
  "std_val_acc1": 0.9039590866043254,
  "mean_ema_acc1": 90.78697079986613,
  "mean_best_val_acc1": 93.05932061579651,
  "per_arch": [
    {
      "arch_index": 0,
      "nas_quant_acc1": 10.0,
      "val_acc1": 95.06933985943776,
      "ema_acc1": 92.02622991967873,
      "best_val_acc1": 95.06933985943776,
      "best_ema_acc1": 92.39081325301206,
      "epochs_completed": 51,
      "nas_rank": 14,
      "val_rank": 0,
      "ema_rank": 0,
      "best_rank": 0
    },
    {
      "arch_index": 1,
      "nas_quant_acc1": 63.5,
      "val_acc1": 91.31494728915662,
      "ema_acc1": 88.4980547188755,
      "best_val_acc1": 91.31494728915662,
      "best_ema_acc1": 88.4980547188755,
      "epochs_completed": 51,
      "nas_rank": 13,
      "val_rank": 14,
      "ema_rank": 13,
      "best_rank": 14
    },
    {
      "arch_index": 2,
      "nas_quant_acc1": 68.25,
      "val_acc1": 91.62525100401606,
      "ema_acc1": 89.07097138554217,
      "best_val_acc1": 91.62525100401606,
      "best_ema_acc1": 89.07097138554217,
      "epochs_completed": 51,
      "nas_rank": 12,
      "val_rank": 13,
      "ema_rank": 12,
      "best_rank": 13
    },
    {
      "arch_index": 3,
      "nas_quant_acc1": 71.5,
      "val_acc1": 92.23942645582329,
      "ema_acc1": 90.86517946787149,
      "best_val_acc1": 92.32241465863453,
      "best_ema_acc1": 90.86517946787149,
      "epochs_completed": 51,
      "nas_rank": 11,
      "val_rank": 12,
      "ema_rank": 10,
      "best_rank": 11
    },
    {
      "arch_index": 4,
      "nas_quant_acc1": 74.0,
      "val_acc1": 92.29041164658635,
      "ema_acc1": 90.48757530120481,
      "best_val_acc1": 92.29041164658635,
      "best_ema_acc1": 90.48757530120481,
      "epochs_completed": 51,
      "nas_rank": 10,
      "val_rank": 11,
      "ema_rank": 11,
      "best_rank": 12
    },
    {
      "arch_index": 5,
      "nas_quant_acc1": 75.5,
      "val_acc1": 93.59092620481927,
      "ema_acc1": 91.65239081325302,
      "best_val_acc1": 93.59092620481927,
      "best_ema_acc1": 91.65239081325302,
      "epochs_completed": 51,
      "nas_rank": 9,
      "val_rank": 2,
      "ema_rank": 2,
      "best_rank": 2
    },
    {
      "arch_index": 6,
      "nas_quant_acc1": 76.5,
      "val_acc1": 93.5968875502008,
      "ema_acc1": 91.34585215863453,
      "best_val_acc1": 93.5968875502008,
      "best_ema_acc1": 91.34585215863453,
      "epochs_completed": 51,
      "nas_rank": 8,
      "val_rank": 1,
      "ema_rank": 5,
      "best_rank": 1
    },
    {
      "arch_index": 7,
      "nas_quant_acc1": 77.25,
      "val_acc1": 93.34400100401606,
      "ema_acc1": 91.41691767068274,
      "best_val_acc1": 93.34400100401606,
      "best_ema_acc1": 91.41691767068274,
      "epochs_completed": 51,
      "nas_rank": 7,
      "val_rank": 4,
      "ema_rank": 3,
      "best_rank": 5
    },
    {
      "arch_index": 8,
      "nas_quant_acc1": 78.0,
      "val_acc1": 92.9176079317269,
      "ema_acc1": 91.1375188253012,
      "best_val_acc1": 92.9176079317269,
      "best_ema_acc1": 91.1375188253012,
      "epochs_completed": 51,
      "nas_rank": 6,
      "val_rank": 10,
      "ema_rank": 9,
      "best_rank": 10
    },
    {
      "arch_index": 9,
      "nas_quant_acc1": 78.5,
      "val_acc1": 93.32941139558233,
      "ema_acc1": 88.38463227911646,
      "best_val_acc1": 93.32941139558233,
      "best_ema_acc1": 88.38463227911646,
      "epochs_completed": 51,
      "nas_rank": 5,
      "val_rank": 5,
      "ema_rank": 14,
      "best_rank": 6
    },
    {
      "arch_index": 10,
      "nas_quant_acc1": 79.0,
      "val_acc1": 93.28925075301206,
      "ema_acc1": 91.35291164658635,
      "best_val_acc1": 93.28925075301206,
      "best_ema_acc1": 91.35291164658635,
      "epochs_completed": 51,
      "nas_rank": 4,
      "val_rank": 6,
      "ema_rank": 4,
      "best_rank": 7
    },
    {
      "arch_index": 11,
      "nas_quant_acc1": 79.75,
      "val_acc1": 93.27842620481927,
      "ema_acc1": 91.20968247991968,
      "best_val_acc1": 93.38855421686748,
      "best_ema_acc1": 91.21674196787149,
      "epochs_completed": 51,
      "nas_rank": 3,
      "val_rank": 7,
      "ema_rank": 8,
      "best_rank": 4
    },
    {
      "arch_index": 12,
      "nas_quant_acc1": 80.25,
      "val_acc1": 92.9957329317269,
      "ema_acc1": 91.22380145582329,
      "best_val_acc1": 93.01691139558233,
      "best_ema_acc1": 91.22380145582329,
      "epochs_completed": 51,
      "nas_rank": 2,
      "val_rank": 9,
      "ema_rank": 7,
      "best_rank": 9
    },
    {
      "arch_index": 13,
      "nas_quant_acc1": 81.25,
      "val_acc1": 93.22414658634538,
      "ema_acc1": 91.26772715863453,
      "best_val_acc1": 93.22414658634538,
      "best_ema_acc1": 91.26772715863453,
      "epochs_completed": 51,
      "nas_rank": 1,
      "val_rank": 8,
      "ema_rank": 6,
      "best_rank": 8
    },
    {
      "arch_index": 14,
      "nas_quant_acc1": 85.5,
      "val_acc1": 93.46667921686748,
      "ema_acc1": 91.86511671686748,
      "best_val_acc1": 93.56974774096385,
      "best_ema_acc1": 91.86511671686748,
      "epochs_completed": 51,
      "nas_rank": 0,
      "val_rank": 3,
      "ema_rank": 1,
      "best_rank": 3
    }
  ],
  "timestamp": "2026-06-03T19:00:59.379212"
}