{
  "cycle": 74,
  "completed_arch_indices": [
    0,
    1,
    2,
    3,
    4,
    5,
    6,
    7,
    8,
    9,
    10,
    11,
    12,
    13,
    14
  ],
  "cycle_val_results": {
    "0": [
      89.69863830321286,
      89.97756651606427,
      95.23484563253012,
      92.39081325301206
    ],
    "1": [
      87.54423945783132,
      89.6922063253012,
      91.75169427710844,
      89.74428965863453
    ],
    "2": [
      88.05095381526104,
      90.24990587349399,
      92.13416164658635,
      90.31501004016064
    ],
    "3": [
      89.37751004016064,
      91.62038780120481,
      92.80528363453816,
      91.62038780120481
    ],
    "4": [
      88.30164407630521,
      91.45221511044177,
      92.63491465863453,
      91.47119728915662
    ],
    "5": [
      89.47681350401606,
      92.2535454317269,
      93.6750125502008,
      92.2535454317269
    ],
    "6": [
      89.42363202811245,
      92.05007530120481,
      93.66089357429719,
      92.08913780120481
    ],
    "7": [
      88.90656375502007,
      92.02293549196787,
      93.70042670682732,
      92.05007530120481
    ],
    "8": [
      89.37641189759036,
      92.35065261044177,
      93.18288780120481,
      92.37669427710844
    ],
    "9": [
      88.29458458835342,
      90.90204568273093,
      93.61696787148594,
      90.90204568273093
    ],
    "10": [
      89.36009663654619,
      91.71749497991968,
      93.3863579317269,
      91.78856049196787
    ],
    "11": [
      90.39203689759036,
      92.10325677710844,
      93.62998870481927,
      92.10325677710844
    ],
    "12": [
      88.83487073293172,
      92.03109312248995,
      93.32125376506023,
      92.05713478915662
    ],
    "13": [
      90.20488202811245,
      92.11517946787149,
      93.55186370481927,
      92.16239959839358
    ],
    "14": [
      90.47612324297188,
      92.44289658634538,
      94.20290537148594,
      92.46297690763052
    ]
  }
}