{
  "cycle": 74,
  "n_archs": 15,
  "spearman_r": 0.42499999999999993,
  "spearman_p": 0.11429547548052224,
  "pearson_r": 0.06928153497736908,
  "pearson_p": 0.8061919403372202,
  "kendall_tau": 0.29523809523809524,
  "kendall_p": 0.13946285911906778,
  "bootstrap_ci_spearman": [
    -0.2513761467889908,
    0.8620752123938029
  ],
  "spearman_r_ema": 0.7107142857142856,
  "spearman_p_ema": 0.002978994886802742,
  "pearson_r_ema": 0.6734566576143048,
  "pearson_p_ema": 0.005918752233855919,
  "kendall_tau_ema": 0.561904761904762,
  "kendall_p_ema": 0.0028582293753424705,
  "bootstrap_ci_spearman_ema": [
    0.23963010748318672,
    0.9448554708580682
  ],
  "spearman_r_best": 0.2821428571428571,
  "spearman_p_best": 0.30828445682005556,
  "pearson_r_best": -0.37895019574116606,
  "pearson_p_best": 0.16363473377136978,
  "kendall_tau_best": 0.23809523809523814,
  "kendall_p_best": 0.23945881568583288,
  "bootstrap_ci_spearman_best": [
    -0.3748284232924747,
    0.8587020402547372
  ],
  "mean_val_acc1": 89.18126673360105,
  "std_val_acc1": 0.8629517522007571,
  "mean_ema_acc1": 91.5320971385542,
  "mean_best_val_acc1": 93.36596385542167,
  "per_arch": [
    {
      "arch_index": 0,
      "nas_quant_acc1": 10.0,
      "val_acc1": 89.69863830321286,
      "ema_acc1": 89.97756651606427,
      "best_val_acc1": 95.23484563253012,
      "best_ema_acc1": 92.39081325301206,
      "epochs_completed": 75,
      "nas_rank": 14,
      "val_rank": 3,
      "ema_rank": 13,
      "best_rank": 0
    },
    {
      "arch_index": 1,
      "nas_quant_acc1": 63.5,
      "val_acc1": 87.54423945783132,
      "ema_acc1": 89.6922063253012,
      "best_val_acc1": 91.75169427710844,
      "best_ema_acc1": 89.74428965863453,
      "epochs_completed": 75,
      "nas_rank": 13,
      "val_rank": 14,
      "ema_rank": 14,
      "best_rank": 14
    },
    {
      "arch_index": 2,
      "nas_quant_acc1": 68.25,
      "val_acc1": 88.05095381526104,
      "ema_acc1": 90.24990587349399,
      "best_val_acc1": 92.13416164658635,
      "best_ema_acc1": 90.31501004016064,
      "epochs_completed": 75,
      "nas_rank": 12,
      "val_rank": 13,
      "ema_rank": 12,
      "best_rank": 13
    },
    {
      "arch_index": 3,
      "nas_quant_acc1": 71.5,
      "val_acc1": 89.37751004016064,
      "ema_acc1": 91.62038780120481,
      "best_val_acc1": 92.80528363453816,
      "best_ema_acc1": 91.62038780120481,
      "epochs_completed": 75,
      "nas_rank": 11,
      "val_rank": 6,
      "ema_rank": 9,
      "best_rank": 11
    },
    {
      "arch_index": 4,
      "nas_quant_acc1": 74.0,
      "val_acc1": 88.30164407630521,
      "ema_acc1": 91.45221511044177,
      "best_val_acc1": 92.63491465863453,
      "best_ema_acc1": 91.47119728915662,
      "epochs_completed": 75,
      "nas_rank": 10,
      "val_rank": 11,
      "ema_rank": 10,
      "best_rank": 12
    },
    {
      "arch_index": 5,
      "nas_quant_acc1": 75.5,
      "val_acc1": 89.47681350401606,
      "ema_acc1": 92.2535454317269,
      "best_val_acc1": 93.6750125502008,
      "best_ema_acc1": 92.2535454317269,
      "epochs_completed": 75,
      "nas_rank": 9,
      "val_rank": 4,
      "ema_rank": 2,
      "best_rank": 3
    },
    {
      "arch_index": 6,
      "nas_quant_acc1": 76.5,
      "val_acc1": 89.42363202811245,
      "ema_acc1": 92.05007530120481,
      "best_val_acc1": 93.66089357429719,
      "best_ema_acc1": 92.08913780120481,
      "epochs_completed": 75,
      "nas_rank": 8,
      "val_rank": 5,
      "ema_rank": 5,
      "best_rank": 4
    },
    {
      "arch_index": 7,
      "nas_quant_acc1": 77.25,
      "val_acc1": 88.90656375502007,
      "ema_acc1": 92.02293549196787,
      "best_val_acc1": 93.70042670682732,
      "best_ema_acc1": 92.05007530120481,
      "epochs_completed": 75,
      "nas_rank": 7,
      "val_rank": 9,
      "ema_rank": 7,
      "best_rank": 2
    },
    {
      "arch_index": 8,
      "nas_quant_acc1": 78.0,
      "val_acc1": 89.37641189759036,
      "ema_acc1": 92.35065261044177,
      "best_val_acc1": 93.18288780120481,
      "best_ema_acc1": 92.37669427710844,
      "epochs_completed": 75,
      "nas_rank": 6,
      "val_rank": 7,
      "ema_rank": 1,
      "best_rank": 10
    },
    {
      "arch_index": 9,
      "nas_quant_acc1": 78.5,
      "val_acc1": 88.29458458835342,
      "ema_acc1": 90.90204568273093,
      "best_val_acc1": 93.61696787148594,
      "best_ema_acc1": 90.90204568273093,
      "epochs_completed": 75,
      "nas_rank": 5,
      "val_rank": 12,
      "ema_rank": 11,
      "best_rank": 6
    },
    {
      "arch_index": 10,
      "nas_quant_acc1": 79.0,
      "val_acc1": 89.36009663654619,
      "ema_acc1": 91.71749497991968,
      "best_val_acc1": 93.3863579317269,
      "best_ema_acc1": 91.78856049196787,
      "epochs_completed": 75,
      "nas_rank": 4,
      "val_rank": 8,
      "ema_rank": 8,
      "best_rank": 8
    },
    {
      "arch_index": 11,
      "nas_quant_acc1": 79.75,
      "val_acc1": 90.39203689759036,
      "ema_acc1": 92.10325677710844,
      "best_val_acc1": 93.62998870481927,
      "best_ema_acc1": 92.10325677710844,
      "epochs_completed": 75,
      "nas_rank": 3,
      "val_rank": 1,
      "ema_rank": 4,
      "best_rank": 5
    },
    {
      "arch_index": 12,
      "nas_quant_acc1": 80.25,
      "val_acc1": 88.83487073293172,
      "ema_acc1": 92.03109312248995,
      "best_val_acc1": 93.32125376506023,
      "best_ema_acc1": 92.05713478915662,
      "epochs_completed": 75,
      "nas_rank": 2,
      "val_rank": 10,
      "ema_rank": 6,
      "best_rank": 9
    },
    {
      "arch_index": 13,
      "nas_quant_acc1": 81.25,
      "val_acc1": 90.20488202811245,
      "ema_acc1": 92.11517946787149,
      "best_val_acc1": 93.55186370481927,
      "best_ema_acc1": 92.16239959839358,
      "epochs_completed": 75,
      "nas_rank": 1,
      "val_rank": 2,
      "ema_rank": 3,
      "best_rank": 7
    },
    {
      "arch_index": 14,
      "nas_quant_acc1": 85.5,
      "val_acc1": 90.47612324297188,
      "ema_acc1": 92.44289658634538,
      "best_val_acc1": 94.20290537148594,
      "best_ema_acc1": 92.46297690763052,
      "epochs_completed": 75,
      "nas_rank": 0,
      "val_rank": 0,
      "ema_rank": 0,
      "best_rank": 1
    }
  ],
  "timestamp": "2026-06-03T22:19:12.585163"
}