{
  "cycle": 8,
  "completed_arch_indices": [
    0,
    1,
    2,
    3,
    4,
    5,
    6,
    7,
    8,
    9,
    10,
    11,
    12,
    13,
    14
  ],
  "cycle_val_results": {
    "0": [
      91.97571536144578,
      59.21623995983936,
      91.97571536144578,
      59.21623995983936
    ],
    "1": [
      86.55089106425703,
      37.625031375502004,
      86.55089106425703,
      37.625031375502004
    ],
    "2": [
      87.10639432730925,
      40.35187625502008,
      87.10639432730925,
      40.35187625502008
    ],
    "3": [
      88.87456074297188,
      43.259914658634536,
      88.87456074297188,
      43.259914658634536
    ],
    "4": [
      88.45303087349399,
      48.008910642570285,
      88.45303087349399,
      48.008910642570285
    ],
    "5": [
      89.85112324297188,
      46.930848393574294,
      89.85112324297188,
      46.930848393574294
    ],
    "6": [
      89.757781124498,
      42.41685491967871,
      89.757781124498,
      42.41685491967871
    ],
    "7": [
      89.08665913654619,
      45.48333960843374,
      89.08665913654619,
      45.48333960843374
    ],
    "8": [
      88.82734061244979,
      44.39821787148594,
      88.82734061244979,
      44.39821787148594
    ],
    "9": [
      89.97756651606427,
      22.787399598393574,
      89.97756651606427,
      22.787399598393574
    ],
    "10": [
      89.60482555220884,
      45.07639934738956,
      89.60482555220884,
      45.07639934738956
    ],
    "11": [
      89.71605170682732,
      46.48108057228915,
      89.71605170682732,
      46.48108057228915
    ],
    "12": [
      89.48167670682732,
      45.612920431726906,
      89.48167670682732,
      45.612920431726906
    ],
    "13": [
      88.9500188253012,
      42.97078940763052,
      88.9500188253012,
      42.97078940763052
    ],
    "14": [
      89.7952748493976,
      44.20996485943775,
      89.7952748493976,
      44.20996485943775
    ]
  }
}