{
  "cycle": 8,
  "n_archs": 15,
  "spearman_r": 0.2571428571428571,
  "spearman_p": 0.35486036365060913,
  "pearson_r": -0.3827020342506459,
  "pearson_p": 0.15916225911755322,
  "kendall_tau": 0.20000000000000004,
  "kendall_p": 0.3282335876694342,
  "bootstrap_ci_spearman": [
    -0.40689534989443055,
    0.8227871455929749
  ],
  "spearman_r_ema": -0.03214285714285714,
  "spearman_p_ema": 0.9094621170945906,
  "pearson_r_ema": -0.5124706253346349,
  "pearson_p_ema": 0.05079144356584605,
  "kendall_tau_ema": -0.028571428571428574,
  "kendall_p_ema": 0.9225700904951897,
  "bootstrap_ci_spearman_ema": [
    -0.6430034773969199,
    0.6000181488203264
  ],
  "spearman_r_best": 0.2571428571428571,
  "spearman_p_best": 0.35486036365060913,
  "pearson_r_best": -0.3827020342506459,
  "pearson_p_best": 0.15916225911755322,
  "kendall_tau_best": 0.20000000000000004,
  "kendall_p_best": 0.3282335876694342,
  "bootstrap_ci_spearman_best": [
    -0.3897105277128903,
    0.8205128205128204
  ],
  "mean_val_acc1": 89.20059404283802,
  "std_val_acc1": 1.258888870545664,
  "mean_ema_acc1": 43.65531919344042,
  "mean_best_val_acc1": 89.20059404283802,
  "per_arch": [
    {
      "arch_index": 0,
      "nas_quant_acc1": 10.0,
      "val_acc1": 91.97571536144578,
      "ema_acc1": 59.21623995983936,
      "best_val_acc1": 91.97571536144578,
      "best_ema_acc1": 59.21623995983936,
      "epochs_completed": 9,
      "nas_rank": 14,
      "val_rank": 0,
      "ema_rank": 0,
      "best_rank": 0
    },
    {
      "arch_index": 1,
      "nas_quant_acc1": 63.5,
      "val_acc1": 86.55089106425703,
      "ema_acc1": 37.625031375502004,
      "best_val_acc1": 86.55089106425703,
      "best_ema_acc1": 37.625031375502004,
      "epochs_completed": 9,
      "nas_rank": 13,
      "val_rank": 14,
      "ema_rank": 13,
      "best_rank": 14
    },
    {
      "arch_index": 2,
      "nas_quant_acc1": 68.25,
      "val_acc1": 87.10639432730925,
      "ema_acc1": 40.35187625502008,
      "best_val_acc1": 87.10639432730925,
      "best_ema_acc1": 40.35187625502008,
      "epochs_completed": 9,
      "nas_rank": 12,
      "val_rank": 13,
      "ema_rank": 12,
      "best_rank": 13
    },
    {
      "arch_index": 3,
      "nas_quant_acc1": 71.5,
      "val_acc1": 88.87456074297188,
      "ema_acc1": 43.259914658634536,
      "best_val_acc1": 88.87456074297188,
      "best_ema_acc1": 43.259914658634536,
      "epochs_completed": 9,
      "nas_rank": 11,
      "val_rank": 10,
      "ema_rank": 9,
      "best_rank": 10
    },
    {
      "arch_index": 4,
      "nas_quant_acc1": 74.0,
      "val_acc1": 88.45303087349399,
      "ema_acc1": 48.008910642570285,
      "best_val_acc1": 88.45303087349399,
      "best_ema_acc1": 48.008910642570285,
      "epochs_completed": 9,
      "nas_rank": 10,
      "val_rank": 12,
      "ema_rank": 1,
      "best_rank": 12
    },
    {
      "arch_index": 5,
      "nas_quant_acc1": 75.5,
      "val_acc1": 89.85112324297188,
      "ema_acc1": 46.930848393574294,
      "best_val_acc1": 89.85112324297188,
      "best_ema_acc1": 46.930848393574294,
      "epochs_completed": 9,
      "nas_rank": 9,
      "val_rank": 2,
      "ema_rank": 2,
      "best_rank": 2
    },
    {
      "arch_index": 6,
      "nas_quant_acc1": 76.5,
      "val_acc1": 89.757781124498,
      "ema_acc1": 42.41685491967871,
      "best_val_acc1": 89.757781124498,
      "best_ema_acc1": 42.41685491967871,
      "epochs_completed": 9,
      "nas_rank": 8,
      "val_rank": 4,
      "ema_rank": 11,
      "best_rank": 4
    },
    {
      "arch_index": 7,
      "nas_quant_acc1": 77.25,
      "val_acc1": 89.08665913654619,
      "ema_acc1": 45.48333960843374,
      "best_val_acc1": 89.08665913654619,
      "best_ema_acc1": 45.48333960843374,
      "epochs_completed": 9,
      "nas_rank": 7,
      "val_rank": 8,
      "ema_rank": 5,
      "best_rank": 8
    },
    {
      "arch_index": 8,
      "nas_quant_acc1": 78.0,
      "val_acc1": 88.82734061244979,
      "ema_acc1": 44.39821787148594,
      "best_val_acc1": 88.82734061244979,
      "best_ema_acc1": 44.39821787148594,
      "epochs_completed": 9,
      "nas_rank": 6,
      "val_rank": 11,
      "ema_rank": 7,
      "best_rank": 11
    },
    {
      "arch_index": 9,
      "nas_quant_acc1": 78.5,
      "val_acc1": 89.97756651606427,
      "ema_acc1": 22.787399598393574,
      "best_val_acc1": 89.97756651606427,
      "best_ema_acc1": 22.787399598393574,
      "epochs_completed": 9,
      "nas_rank": 5,
      "val_rank": 1,
      "ema_rank": 14,
      "best_rank": 1
    },
    {
      "arch_index": 10,
      "nas_quant_acc1": 79.0,
      "val_acc1": 89.60482555220884,
      "ema_acc1": 45.07639934738956,
      "best_val_acc1": 89.60482555220884,
      "best_ema_acc1": 45.07639934738956,
      "epochs_completed": 9,
      "nas_rank": 4,
      "val_rank": 6,
      "ema_rank": 6,
      "best_rank": 6
    },
    {
      "arch_index": 11,
      "nas_quant_acc1": 79.75,
      "val_acc1": 89.71605170682732,
      "ema_acc1": 46.48108057228915,
      "best_val_acc1": 89.71605170682732,
      "best_ema_acc1": 46.48108057228915,
      "epochs_completed": 9,
      "nas_rank": 3,
      "val_rank": 5,
      "ema_rank": 3,
      "best_rank": 5
    },
    {
      "arch_index": 12,
      "nas_quant_acc1": 80.25,
      "val_acc1": 89.48167670682732,
      "ema_acc1": 45.612920431726906,
      "best_val_acc1": 89.48167670682732,
      "best_ema_acc1": 45.612920431726906,
      "epochs_completed": 9,
      "nas_rank": 2,
      "val_rank": 7,
      "ema_rank": 4,
      "best_rank": 7
    },
    {
      "arch_index": 13,
      "nas_quant_acc1": 81.25,
      "val_acc1": 88.9500188253012,
      "ema_acc1": 42.97078940763052,
      "best_val_acc1": 88.9500188253012,
      "best_ema_acc1": 42.97078940763052,
      "epochs_completed": 9,
      "nas_rank": 1,
      "val_rank": 9,
      "ema_rank": 10,
      "best_rank": 9
    },
    {
      "arch_index": 14,
      "nas_quant_acc1": 85.5,
      "val_acc1": 89.7952748493976,
      "ema_acc1": 44.20996485943775,
      "best_val_acc1": 89.7952748493976,
      "best_ema_acc1": 44.20996485943775,
      "epochs_completed": 9,
      "nas_rank": 0,
      "val_rank": 3,
      "ema_rank": 8,
      "best_rank": 3
    }
  ],
  "timestamp": "2026-06-03T13:38:06.855718"
}