{
  "cycle": 99,
  "completed_arch_indices": [
    0,
    1,
    2,
    3,
    4,
    5,
    6,
    7,
    8,
    9,
    10,
    11,
    12,
    13,
    14
  ],
  "cycle_val_results": {
    "0": [
      95.4561997991968,
      89.66020331325302,
      95.4561997991968,
      92.39081325301206
    ],
    "1": [
      91.96708709839358,
      90.61668549196787,
      91.96708709839358,
      90.61668549196787
    ],
    "2": [
      91.80534638554217,
      91.11743850401606,
      92.37669427710844,
      91.13155747991968
    ],
    "3": [
      93.20296812248995,
      92.54706325301206,
      93.33537274096385,
      92.54706325301206
    ],
    "4": [
      92.87038780120481,
      91.99312876506023,
      92.96969126506023,
      91.99312876506023
    ],
    "5": [
      93.54370607429719,
      92.85360190763052,
      93.79110190763052,
      92.85360190763052
    ],
    "6": [
      93.76615838353413,
      92.86552459839358,
      93.76615838353413,
      92.86552459839358
    ],
    "7": [
      93.52958709839358,
      92.7613579317269,
      93.83502761044177,
      92.7613579317269
    ],
    "8": [
      93.28109312248995,
      92.66205446787149,
      93.56159011044177,
      92.66205446787149
    ],
    "9": [
      93.97668800200803,
      92.4124623493976,
      94.00649472891565,
      92.4124623493976
    ],
    "10": [
      93.29521209839358,
      92.37669427710844,
      93.58982806224898,
      92.39677459839358
    ],
    "11": [
      93.16500376506023,
      92.8785454317269,
      93.72709588353413,
      92.8785454317269
    ],
    "12": [
      93.46338478915662,
      92.85360190763052,
      93.48456325301206,
      92.85360190763052
    ],
    "13": [
      93.6750125502008,
      92.89862575301206,
      93.6750125502008,
      92.89862575301206
    ],
    "14": [
      93.84428338353413,
      93.24422690763052,
      94.20290537148594,
      93.24422690763052
    ]
  }
}