{
  "cycle": 99,
  "n_archs": 15,
  "spearman_r": 0.30357142857142855,
  "spearman_p": 0.27135583600386853,
  "pearson_r": -0.46063163008855007,
  "pearson_p": 0.08399619717140848,
  "kendall_tau": 0.2571428571428572,
  "kendall_p": 0.20184282422518202,
  "bootstrap_ci_spearman": [
    -0.35883774695250104,
    0.8439272140245666
  ],
  "spearman_r_ema": 0.7917786897127636,
  "spearman_p_ema": 0.00043534671795822665,
  "pearson_r_ema": 0.8658798343720036,
  "pearson_p_ema": 3.015679320003775e-05,
  "kendall_tau_ema": 0.6315861769395361,
  "kendall_p_ema": 0.001074867894760865,
  "bootstrap_ci_spearman_ema": [
    0.32598839909485267,
    0.9708042492654194
  ],
  "spearman_r_best": 0.2928571428571428,
  "spearman_p_best": 0.289471667212401,
  "pearson_r_best": -0.42188985625745484,
  "pearson_p_best": 0.11725586523519918,
  "kendall_tau_best": 0.2571428571428572,
  "kendall_p_best": 0.20184282422518202,
  "bootstrap_ci_spearman_best": [
    -0.36220317209348285,
    0.8618244514106583
  ],
  "mean_val_acc1": 93.38947456492636,
  "std_val_acc1": 0.8452907835601966,
  "mean_ema_acc1": 92.24941432396251,
  "mean_best_val_acc1": 93.58298820281124,
  "per_arch": [
    {
      "arch_index": 0,
      "nas_quant_acc1": 10.0,
      "val_acc1": 95.4561997991968,
      "ema_acc1": 89.66020331325302,
      "best_val_acc1": 95.4561997991968,
      "best_ema_acc1": 92.39081325301206,
      "epochs_completed": 100,
      "nas_rank": 14,
      "val_rank": 0,
      "ema_rank": 14,
      "best_rank": 0
    },
    {
      "arch_index": 1,
      "nas_quant_acc1": 63.5,
      "val_acc1": 91.96708709839358,
      "ema_acc1": 90.61668549196787,
      "best_val_acc1": 91.96708709839358,
      "best_ema_acc1": 90.61668549196787,
      "epochs_completed": 100,
      "nas_rank": 13,
      "val_rank": 13,
      "ema_rank": 13,
      "best_rank": 14
    },
    {
      "arch_index": 2,
      "nas_quant_acc1": 68.25,
      "val_acc1": 91.80534638554217,
      "ema_acc1": 91.11743850401606,
      "best_val_acc1": 92.37669427710844,
      "best_ema_acc1": 91.13155747991968,
      "epochs_completed": 100,
      "nas_rank": 12,
      "val_rank": 14,
      "ema_rank": 12,
      "best_rank": 13
    },
    {
      "arch_index": 3,
      "nas_quant_acc1": 71.5,
      "val_acc1": 93.20296812248995,
      "ema_acc1": 92.54706325301206,
      "best_val_acc1": 93.33537274096385,
      "best_ema_acc1": 92.54706325301206,
      "epochs_completed": 100,
      "nas_rank": 11,
      "val_rank": 10,
      "ema_rank": 8,
      "best_rank": 11
    },
    {
      "arch_index": 4,
      "nas_quant_acc1": 74.0,
      "val_acc1": 92.87038780120481,
      "ema_acc1": 91.99312876506023,
      "best_val_acc1": 92.96969126506023,
      "best_ema_acc1": 91.99312876506023,
      "epochs_completed": 100,
      "nas_rank": 10,
      "val_rank": 12,
      "ema_rank": 11,
      "best_rank": 12
    },
    {
      "arch_index": 5,
      "nas_quant_acc1": 75.5,
      "val_acc1": 93.54370607429719,
      "ema_acc1": 92.85360190763052,
      "best_val_acc1": 93.79110190763052,
      "best_ema_acc1": 92.85360190763052,
      "epochs_completed": 100,
      "nas_rank": 9,
      "val_rank": 5,
      "ema_rank": 5,
      "best_rank": 4
    },
    {
      "arch_index": 6,
      "nas_quant_acc1": 76.5,
      "val_acc1": 93.76615838353413,
      "ema_acc1": 92.86552459839358,
      "best_val_acc1": 93.76615838353413,
      "best_ema_acc1": 92.86552459839358,
      "epochs_completed": 100,
      "nas_rank": 8,
      "val_rank": 3,
      "ema_rank": 3,
      "best_rank": 5
    },
    {
      "arch_index": 7,
      "nas_quant_acc1": 77.25,
      "val_acc1": 93.52958709839358,
      "ema_acc1": 92.7613579317269,
      "best_val_acc1": 93.83502761044177,
      "best_ema_acc1": 92.7613579317269,
      "epochs_completed": 100,
      "nas_rank": 7,
      "val_rank": 6,
      "ema_rank": 6,
      "best_rank": 3
    },
    {
      "arch_index": 8,
      "nas_quant_acc1": 78.0,
      "val_acc1": 93.28109312248995,
      "ema_acc1": 92.66205446787149,
      "best_val_acc1": 93.56159011044177,
      "best_ema_acc1": 92.66205446787149,
      "epochs_completed": 100,
      "nas_rank": 6,
      "val_rank": 9,
      "ema_rank": 7,
      "best_rank": 9
    },
    {
      "arch_index": 9,
      "nas_quant_acc1": 78.5,
      "val_acc1": 93.97668800200803,
      "ema_acc1": 92.4124623493976,
      "best_val_acc1": 94.00649472891565,
      "best_ema_acc1": 92.4124623493976,
      "epochs_completed": 100,
      "nas_rank": 5,
      "val_rank": 1,
      "ema_rank": 9,
      "best_rank": 2
    },
    {
      "arch_index": 10,
      "nas_quant_acc1": 79.0,
      "val_acc1": 93.29521209839358,
      "ema_acc1": 92.37669427710844,
      "best_val_acc1": 93.58982806224898,
      "best_ema_acc1": 92.39677459839358,
      "epochs_completed": 100,
      "nas_rank": 4,
      "val_rank": 8,
      "ema_rank": 10,
      "best_rank": 8
    },
    {
      "arch_index": 11,
      "nas_quant_acc1": 79.75,
      "val_acc1": 93.16500376506023,
      "ema_acc1": 92.8785454317269,
      "best_val_acc1": 93.72709588353413,
      "best_ema_acc1": 92.8785454317269,
      "epochs_completed": 100,
      "nas_rank": 3,
      "val_rank": 11,
      "ema_rank": 2,
      "best_rank": 6
    },
    {
      "arch_index": 12,
      "nas_quant_acc1": 80.25,
      "val_acc1": 93.46338478915662,
      "ema_acc1": 92.85360190763052,
      "best_val_acc1": 93.48456325301206,
      "best_ema_acc1": 92.85360190763052,
      "epochs_completed": 100,
      "nas_rank": 2,
      "val_rank": 7,
      "ema_rank": 4,
      "best_rank": 10
    },
    {
      "arch_index": 13,
      "nas_quant_acc1": 81.25,
      "val_acc1": 93.6750125502008,
      "ema_acc1": 92.89862575301206,
      "best_val_acc1": 93.6750125502008,
      "best_ema_acc1": 92.89862575301206,
      "epochs_completed": 100,
      "nas_rank": 1,
      "val_rank": 4,
      "ema_rank": 1,
      "best_rank": 7
    },
    {
      "arch_index": 14,
      "nas_quant_acc1": 85.5,
      "val_acc1": 93.84428338353413,
      "ema_acc1": 93.24422690763052,
      "best_val_acc1": 94.20290537148594,
      "best_ema_acc1": 93.24422690763052,
      "epochs_completed": 100,
      "nas_rank": 0,
      "val_rank": 2,
      "ema_rank": 0,
      "best_rank": 1
    }
  ],
  "timestamp": "2026-06-04T00:24:13.362803"
}