{
  "cycle": 22,
  "completed_arch_indices": [
    0,
    1,
    2,
    3,
    4,
    5,
    6,
    7,
    8,
    9,
    10,
    11,
    12,
    13,
    14
  ],
  "cycle_val_results": {
    "0": [
      89.2808734939759,
      87.4585843373494,
      94.26800953815261,
      87.4585843373494
    ],
    "1": [
      84.15333207831326,
      78.33223519076304,
      89.53376004016064,
      78.33223519076304
    ],
    "2": [
      86.46727535140562,
      80.46671059236948,
      89.44261420682732,
      80.46671059236948
    ],
    "3": [
      86.67890311244979,
      83.26571912650601,
      90.76587600401606,
      83.26571912650601
    ],
    "4": [
      86.14018574297188,
      83.87989457831326,
      91.03445030120481,
      83.87989457831326
    ],
    "5": [
      89.09481676706828,
      85.47173067269075,
      92.13525978915662,
      85.47173067269075
    ],
    "6": [
      87.40101029116467,
      84.75338855421687,
      91.99909011044177,
      84.75338855421687
    ],
    "7": [
      87.60824548192771,
      84.51791541164658,
      91.94967369477912,
      84.51791541164658
    ],
    "8": [
      88.11605798192771,
      83.62214482931726,
      91.49614081325302,
      83.62214482931726
    ],
    "9": [
      87.67444779116467,
      53.60739834337349,
      92.41795306224898,
      53.60739834337349
    ],
    "10": [
      88.16217996987953,
      84.60090361445783,
      91.99203062248995,
      84.60090361445783
    ],
    "11": [
      88.41177208835342,
      84.75181977911646,
      92.2074234437751,
      84.75181977911646
    ],
    "12": [
      88.37051330321286,
      84.26455823293172,
      91.60846511044177,
      84.26455823293172
    ],
    "13": [
      87.12490587349399,
      83.85542168674698,
      91.70886671686748,
      83.85542168674698
    ],
    "14": [
      88.99441516064257,
      86.13312625502007,
      92.12553338353413,
      86.13312625502007
    ]
  }
}