{
  "cycle": 22,
  "n_archs": 15,
  "spearman_r": 0.34642857142857136,
  "spearman_p": 0.2058959920935512,
  "pearson_r": -0.10121694385582172,
  "pearson_p": 0.7196499131179359,
  "kendall_tau": 0.3523809523809524,
  "kendall_p": 0.07433498084899375,
  "bootstrap_ci_spearman": [
    -0.2996661303824622,
    0.9315610002525885
  ],
  "spearman_r_ema": 0.1714285714285714,
  "spearman_p_ema": 0.5412721760996331,
  "pearson_r_ema": -0.14884885808229004,
  "pearson_p_ema": 0.5964993977099426,
  "kendall_tau_ema": 0.14285714285714288,
  "kendall_p_ema": 0.4950508526248027,
  "bootstrap_ci_spearman_ema": [
    -0.4589190447387916,
    0.7672832865863719
  ],
  "spearman_r_best": 0.28928571428571426,
  "spearman_p_best": 0.29566536100437785,
  "pearson_r_best": -0.3902783262774281,
  "pearson_p_best": 0.15038026094527018,
  "kendall_tau_best": 0.23809523809523814,
  "kendall_p_best": 0.23945881568583288,
  "bootstrap_ci_spearman_best": [
    -0.3503350836888743,
    0.8469945355191257
  ],
  "mean_val_acc1": 87.57859563253012,
  "std_val_acc1": 1.3428473205157696,
  "mean_ema_acc1": 81.9321034136546,
  "mean_best_val_acc1": 91.6456764558233,
  "per_arch": [
    {
      "arch_index": 0,
      "nas_quant_acc1": 10.0,
      "val_acc1": 89.2808734939759,
      "ema_acc1": 87.4585843373494,
      "best_val_acc1": 94.26800953815261,
      "best_ema_acc1": 87.4585843373494,
      "epochs_completed": 23,
      "nas_rank": 14,
      "val_rank": 0,
      "ema_rank": 0,
      "best_rank": 0
    },
    {
      "arch_index": 1,
      "nas_quant_acc1": 63.5,
      "val_acc1": 84.15333207831326,
      "ema_acc1": 78.33223519076304,
      "best_val_acc1": 89.53376004016064,
      "best_ema_acc1": 78.33223519076304,
      "epochs_completed": 23,
      "nas_rank": 13,
      "val_rank": 14,
      "ema_rank": 13,
      "best_rank": 13
    },
    {
      "arch_index": 2,
      "nas_quant_acc1": 68.25,
      "val_acc1": 86.46727535140562,
      "ema_acc1": 80.46671059236948,
      "best_val_acc1": 89.44261420682732,
      "best_ema_acc1": 80.46671059236948,
      "epochs_completed": 23,
      "nas_rank": 12,
      "val_rank": 12,
      "ema_rank": 12,
      "best_rank": 14
    },
    {
      "arch_index": 3,
      "nas_quant_acc1": 71.5,
      "val_acc1": 86.67890311244979,
      "ema_acc1": 83.26571912650601,
      "best_val_acc1": 90.76587600401606,
      "best_ema_acc1": 83.26571912650601,
      "epochs_completed": 23,
      "nas_rank": 11,
      "val_rank": 11,
      "ema_rank": 11,
      "best_rank": 12
    },
    {
      "arch_index": 4,
      "nas_quant_acc1": 74.0,
      "val_acc1": 86.14018574297188,
      "ema_acc1": 83.87989457831326,
      "best_val_acc1": 91.03445030120481,
      "best_ema_acc1": 83.87989457831326,
      "epochs_completed": 23,
      "nas_rank": 10,
      "val_rank": 13,
      "ema_rank": 8,
      "best_rank": 11
    },
    {
      "arch_index": 5,
      "nas_quant_acc1": 75.5,
      "val_acc1": 89.09481676706828,
      "ema_acc1": 85.47173067269075,
      "best_val_acc1": 92.13525978915662,
      "best_ema_acc1": 85.47173067269075,
      "epochs_completed": 23,
      "nas_rank": 9,
      "val_rank": 1,
      "ema_rank": 2,
      "best_rank": 3
    },
    {
      "arch_index": 6,
      "nas_quant_acc1": 76.5,
      "val_acc1": 87.40101029116467,
      "ema_acc1": 84.75338855421687,
      "best_val_acc1": 91.99909011044177,
      "best_ema_acc1": 84.75338855421687,
      "epochs_completed": 23,
      "nas_rank": 8,
      "val_rank": 9,
      "ema_rank": 3,
      "best_rank": 5
    },
    {
      "arch_index": 7,
      "nas_quant_acc1": 77.25,
      "val_acc1": 87.60824548192771,
      "ema_acc1": 84.51791541164658,
      "best_val_acc1": 91.94967369477912,
      "best_ema_acc1": 84.51791541164658,
      "epochs_completed": 23,
      "nas_rank": 7,
      "val_rank": 8,
      "ema_rank": 6,
      "best_rank": 7
    },
    {
      "arch_index": 8,
      "nas_quant_acc1": 78.0,
      "val_acc1": 88.11605798192771,
      "ema_acc1": 83.62214482931726,
      "best_val_acc1": 91.49614081325302,
      "best_ema_acc1": 83.62214482931726,
      "epochs_completed": 23,
      "nas_rank": 6,
      "val_rank": 6,
      "ema_rank": 10,
      "best_rank": 10
    },
    {
      "arch_index": 9,
      "nas_quant_acc1": 78.5,
      "val_acc1": 87.67444779116467,
      "ema_acc1": 53.60739834337349,
      "best_val_acc1": 92.41795306224898,
      "best_ema_acc1": 53.60739834337349,
      "epochs_completed": 23,
      "nas_rank": 5,
      "val_rank": 7,
      "ema_rank": 14,
      "best_rank": 1
    },
    {
      "arch_index": 10,
      "nas_quant_acc1": 79.0,
      "val_acc1": 88.16217996987953,
      "ema_acc1": 84.60090361445783,
      "best_val_acc1": 91.99203062248995,
      "best_ema_acc1": 84.60090361445783,
      "epochs_completed": 23,
      "nas_rank": 4,
      "val_rank": 5,
      "ema_rank": 5,
      "best_rank": 6
    },
    {
      "arch_index": 11,
      "nas_quant_acc1": 79.75,
      "val_acc1": 88.41177208835342,
      "ema_acc1": 84.75181977911646,
      "best_val_acc1": 92.2074234437751,
      "best_ema_acc1": 84.75181977911646,
      "epochs_completed": 23,
      "nas_rank": 3,
      "val_rank": 3,
      "ema_rank": 4,
      "best_rank": 2
    },
    {
      "arch_index": 12,
      "nas_quant_acc1": 80.25,
      "val_acc1": 88.37051330321286,
      "ema_acc1": 84.26455823293172,
      "best_val_acc1": 91.60846511044177,
      "best_ema_acc1": 84.26455823293172,
      "epochs_completed": 23,
      "nas_rank": 2,
      "val_rank": 4,
      "ema_rank": 7,
      "best_rank": 9
    },
    {
      "arch_index": 13,
      "nas_quant_acc1": 81.25,
      "val_acc1": 87.12490587349399,
      "ema_acc1": 83.85542168674698,
      "best_val_acc1": 91.70886671686748,
      "best_ema_acc1": 83.85542168674698,
      "epochs_completed": 23,
      "nas_rank": 1,
      "val_rank": 10,
      "ema_rank": 9,
      "best_rank": 8
    },
    {
      "arch_index": 14,
      "nas_quant_acc1": 85.5,
      "val_acc1": 88.99441516064257,
      "ema_acc1": 86.13312625502007,
      "best_val_acc1": 92.12553338353413,
      "best_ema_acc1": 86.13312625502007,
      "epochs_completed": 23,
      "nas_rank": 0,
      "val_rank": 2,
      "ema_rank": 1,
      "best_rank": 4
    }
  ],
  "timestamp": "2026-06-03T14:43:27.531120"
}