{
  "cycle": 37,
  "completed_arch_indices": [
    0,
    1,
    2,
    3,
    4,
    5,
    6,
    7,
    8,
    9,
    10,
    11,
    12,
    13,
    14
  ],
  "cycle_val_results": {
    "0": [
      94.0433609437751,
      91.71969126506023,
      94.50944402610442,
      91.71969126506023
    ],
    "1": [
      89.57282254016064,
      86.19979919678714,
      90.47455446787149,
      86.19979919678714
    ],
    "2": [
      89.60482555220884,
      86.87907881526104,
      90.9671498493976,
      86.87907881526104
    ],
    "3": [
      91.1543047188755,
      89.14313504016064,
      92.05980170682732,
      89.14313504016064
    ],
    "4": [
      90.79897715863453,
      88.92287901606427,
      91.61928965863453,
      88.92287901606427
    ],
    "5": [
      91.31275100401606,
      90.4343938253012,
      93.12703940763052,
      90.4343938253012
    ],
    "6": [
      92.02999497991968,
      89.9824297188755,
      92.67507530120481,
      89.9824297188755
    ],
    "7": [
      91.50806350401606,
      89.77409638554217,
      92.55302459839358,
      89.77409638554217
    ],
    "8": [
      91.64752761044177,
      89.50065888554217,
      92.53184613453816,
      89.50065888554217
    ],
    "9": [
      92.18734312248995,
      82.38140060240964,
      92.57200677710844,
      82.38140060240964
    ],
    "10": [
      92.22860190763052,
      89.61784638554217,
      92.90678338353413,
      89.61784638554217
    ],
    "11": [
      91.73271209839358,
      90.04596511044177,
      92.71037274096385,
      90.04596511044177
    ],
    "12": [
      91.81240587349399,
      90.09475401606427,
      92.47380145582329,
      90.09475401606427
    ],
    "13": [
      92.04897715863453,
      89.7312688253012,
      92.47003639558233,
      89.7312688253012
    ],
    "14": [
      92.39348017068274,
      90.95961972891565,
      93.25128639558233,
      90.95961972891565
    ]
  }
}