{
  "cycle": 37,
  "n_archs": 15,
  "spearman_r": 0.5178571428571428,
  "spearman_p": 0.04800407736655833,
  "pearson_r": -0.3684837773066742,
  "pearson_p": 0.17654845279378292,
  "kendall_tau": 0.5238095238095238,
  "kendall_p": 0.005901586283902752,
  "bootstrap_ci_spearman": [
    -0.12160817060552266,
    0.9709632026092218
  ],
  "spearman_r_ema": 0.2821428571428571,
  "spearman_p_ema": 0.30828445682005556,
  "pearson_r_ema": -0.18771731139311082,
  "pearson_p_ema": 0.5028905246151442,
  "kendall_tau_ema": 0.2571428571428572,
  "kendall_p_ema": 0.20184282422518202,
  "bootstrap_ci_spearman_ema": [
    -0.3815617294098307,
    0.8620689655172413
  ],
  "spearman_r_best": 0.28928571428571426,
  "spearman_p_best": 0.29566536100437785,
  "pearson_r_best": -0.3563367088186171,
  "pearson_p_best": 0.1923508345902231,
  "kendall_tau_best": 0.21904761904761905,
  "kendall_p_best": 0.2815660702955676,
  "bootstrap_ci_spearman_best": [
    -0.37545699646851477,
    0.8648080438756843
  ],
  "mean_val_acc1": 91.60507655622492,
  "std_val_acc1": 1.0958437299546326,
  "mean_ema_acc1": 89.02580112115128,
  "mean_best_val_acc1": 92.46010081994646,
  "per_arch": [
    {
      "arch_index": 0,
      "nas_quant_acc1": 10.0,
      "val_acc1": 94.0433609437751,
      "ema_acc1": 91.71969126506023,
      "best_val_acc1": 94.50944402610442,
      "best_ema_acc1": 91.71969126506023,
      "epochs_completed": 38,
      "nas_rank": 14,
      "val_rank": 0,
      "ema_rank": 0,
      "best_rank": 0
    },
    {
      "arch_index": 1,
      "nas_quant_acc1": 63.5,
      "val_acc1": 89.57282254016064,
      "ema_acc1": 86.19979919678714,
      "best_val_acc1": 90.47455446787149,
      "best_ema_acc1": 86.19979919678714,
      "epochs_completed": 38,
      "nas_rank": 13,
      "val_rank": 14,
      "ema_rank": 13,
      "best_rank": 14
    },
    {
      "arch_index": 2,
      "nas_quant_acc1": 68.25,
      "val_acc1": 89.60482555220884,
      "ema_acc1": 86.87907881526104,
      "best_val_acc1": 90.9671498493976,
      "best_ema_acc1": 86.87907881526104,
      "epochs_completed": 38,
      "nas_rank": 12,
      "val_rank": 13,
      "ema_rank": 12,
      "best_rank": 13
    },
    {
      "arch_index": 3,
      "nas_quant_acc1": 71.5,
      "val_acc1": 91.1543047188755,
      "ema_acc1": 89.14313504016064,
      "best_val_acc1": 92.05980170682732,
      "best_ema_acc1": 89.14313504016064,
      "epochs_completed": 38,
      "nas_rank": 11,
      "val_rank": 11,
      "ema_rank": 10,
      "best_rank": 11
    },
    {
      "arch_index": 4,
      "nas_quant_acc1": 74.0,
      "val_acc1": 90.79897715863453,
      "ema_acc1": 88.92287901606427,
      "best_val_acc1": 91.61928965863453,
      "best_ema_acc1": 88.92287901606427,
      "epochs_completed": 38,
      "nas_rank": 10,
      "val_rank": 12,
      "ema_rank": 11,
      "best_rank": 12
    },
    {
      "arch_index": 5,
      "nas_quant_acc1": 75.5,
      "val_acc1": 91.31275100401606,
      "ema_acc1": 90.4343938253012,
      "best_val_acc1": 93.12703940763052,
      "best_ema_acc1": 90.4343938253012,
      "epochs_completed": 38,
      "nas_rank": 9,
      "val_rank": 10,
      "ema_rank": 2,
      "best_rank": 2
    },
    {
      "arch_index": 6,
      "nas_quant_acc1": 76.5,
      "val_acc1": 92.02999497991968,
      "ema_acc1": 89.9824297188755,
      "best_val_acc1": 92.67507530120481,
      "best_ema_acc1": 89.9824297188755,
      "epochs_completed": 38,
      "nas_rank": 8,
      "val_rank": 5,
      "ema_rank": 5,
      "best_rank": 5
    },
    {
      "arch_index": 7,
      "nas_quant_acc1": 77.25,
      "val_acc1": 91.50806350401606,
      "ema_acc1": 89.77409638554217,
      "best_val_acc1": 92.55302459839358,
      "best_ema_acc1": 89.77409638554217,
      "epochs_completed": 38,
      "nas_rank": 7,
      "val_rank": 9,
      "ema_rank": 6,
      "best_rank": 7
    },
    {
      "arch_index": 8,
      "nas_quant_acc1": 78.0,
      "val_acc1": 91.64752761044177,
      "ema_acc1": 89.50065888554217,
      "best_val_acc1": 92.53184613453816,
      "best_ema_acc1": 89.50065888554217,
      "epochs_completed": 38,
      "nas_rank": 6,
      "val_rank": 8,
      "ema_rank": 9,
      "best_rank": 8
    },
    {
      "arch_index": 9,
      "nas_quant_acc1": 78.5,
      "val_acc1": 92.18734312248995,
      "ema_acc1": 82.38140060240964,
      "best_val_acc1": 92.57200677710844,
      "best_ema_acc1": 82.38140060240964,
      "epochs_completed": 38,
      "nas_rank": 5,
      "val_rank": 3,
      "ema_rank": 14,
      "best_rank": 6
    },
    {
      "arch_index": 10,
      "nas_quant_acc1": 79.0,
      "val_acc1": 92.22860190763052,
      "ema_acc1": 89.61784638554217,
      "best_val_acc1": 92.90678338353413,
      "best_ema_acc1": 89.61784638554217,
      "epochs_completed": 38,
      "nas_rank": 4,
      "val_rank": 2,
      "ema_rank": 8,
      "best_rank": 3
    },
    {
      "arch_index": 11,
      "nas_quant_acc1": 79.75,
      "val_acc1": 91.73271209839358,
      "ema_acc1": 90.04596511044177,
      "best_val_acc1": 92.71037274096385,
      "best_ema_acc1": 90.04596511044177,
      "epochs_completed": 38,
      "nas_rank": 3,
      "val_rank": 7,
      "ema_rank": 4,
      "best_rank": 4
    },
    {
      "arch_index": 12,
      "nas_quant_acc1": 80.25,
      "val_acc1": 91.81240587349399,
      "ema_acc1": 90.09475401606427,
      "best_val_acc1": 92.47380145582329,
      "best_ema_acc1": 90.09475401606427,
      "epochs_completed": 38,
      "nas_rank": 2,
      "val_rank": 6,
      "ema_rank": 3,
      "best_rank": 9
    },
    {
      "arch_index": 13,
      "nas_quant_acc1": 81.25,
      "val_acc1": 92.04897715863453,
      "ema_acc1": 89.7312688253012,
      "best_val_acc1": 92.47003639558233,
      "best_ema_acc1": 89.7312688253012,
      "epochs_completed": 38,
      "nas_rank": 1,
      "val_rank": 4,
      "ema_rank": 7,
      "best_rank": 10
    },
    {
      "arch_index": 14,
      "nas_quant_acc1": 85.5,
      "val_acc1": 92.39348017068274,
      "ema_acc1": 90.95961972891565,
      "best_val_acc1": 93.25128639558233,
      "best_ema_acc1": 90.95961972891565,
      "epochs_completed": 38,
      "nas_rank": 0,
      "val_rank": 1,
      "ema_rank": 1,
      "best_rank": 1
    }
  ],
  "timestamp": "2026-06-03T17:43:47.740810"
}