{
  "cycle": 95,
  "completed_arch_indices": [
    0,
    1,
    2,
    3,
    4,
    5,
    6,
    7,
    8,
    9,
    10,
    11,
    12,
    13,
    14
  ],
  "cycle_val_results": {
    "0": [
      91.32796812248995,
      89.55493850401606,
      95.42419678714859,
      92.39081325301206
    ],
    "1": [
      89.093718624498,
      90.40129267068274,
      91.75169427710844,
      90.40835215863453
    ],
    "2": [
      88.58967118473896,
      91.03335215863453,
      92.37669427710844,
      91.03335215863453
    ],
    "3": [
      90.40239081325302,
      92.41685491967873,
      93.33537274096385,
      92.41685491967873
    ],
    "4": [
      90.79301581325302,
      91.79075677710844,
      92.96969126506023,
      91.83091741967873
    ],
    "5": [
      91.76957831325302,
      92.67131024096385,
      93.79110190763052,
      92.67131024096385
    ],
    "6": [
      90.97311119477912,
      92.57906626506023,
      93.76019703815261,
      92.6832329317269
    ],
    "7": [
      90.48208458835342,
      92.62409011044177,
      93.83502761044177,
      92.62409011044177
    ],
    "8": [
      89.47681350401606,
      92.49278363453816,
      93.56159011044177,
      92.56494728915662
    ],
    "9": [
      91.42993850401606,
      92.07988202811245,
      94.00649472891565,
      92.07988202811245
    ],
    "10": [
      91.08323920682732,
      92.30562876506023,
      93.58982806224898,
      92.30562876506023
    ],
    "11": [
      90.37901606425703,
      92.73531626506023,
      93.72709588353413,
      92.7613579317269
    ],
    "12": [
      91.18411144578313,
      92.71037274096385,
      93.48456325301206,
      92.71037274096385
    ],
    "13": [
      90.81199799196787,
      92.66425075301206,
      93.64787274096385,
      92.66425075301206
    ],
    "14": [
      90.95679593373494,
      93.00985190763052,
      94.20290537148594,
      93.00985190763052
    ]
  }
}