{
  "cycle": 95,
  "n_archs": 15,
  "spearman_r": 0.22142857142857136,
  "spearman_p": 0.42771371901637,
  "pearson_r": -0.03226876002807809,
  "pearson_p": 0.9091088322693291,
  "kendall_tau": 0.1619047619047619,
  "kendall_p": 0.43511891093211363,
  "bootstrap_ci_spearman": [
    -0.35135135135135126,
    0.7383262377665077
  ],
  "spearman_r_ema": 0.7892857142857141,
  "spearman_p_ema": 0.0004673267561781759,
  "pearson_r_ema": 0.8600592280142499,
  "pearson_p_ema": 3.916895470052001e-05,
  "kendall_tau_ema": 0.6190476190476191,
  "kendall_p_ema": 0.0008364083878716816,
  "bootstrap_ci_spearman_ema": [
    0.3480642745836117,
    0.9637697539114712
  ],
  "spearman_r_best": 0.2928571428571428,
  "spearman_p_best": 0.289471667212401,
  "pearson_r_best": -0.390796955057923,
  "pearson_p_best": 0.149791230475398,
  "kendall_tau_best": 0.2571428571428572,
  "kendall_p_best": 0.20184282422518202,
  "bootstrap_ci_spearman_best": [
    -0.36220317209348285,
    0.8618244514106583
  ],
  "mean_val_acc1": 90.58356342034806,
  "std_val_acc1": 0.8936145364080196,
  "mean_ema_acc1": 92.07131651606424,
  "mean_best_val_acc1": 93.56428840361444,
  "per_arch": [
    {
      "arch_index": 0,
      "nas_quant_acc1": 10.0,
      "val_acc1": 91.32796812248995,
      "ema_acc1": 89.55493850401606,
      "best_val_acc1": 95.42419678714859,
      "best_ema_acc1": 92.39081325301206,
      "epochs_completed": 96,
      "nas_rank": 14,
      "val_rank": 2,
      "ema_rank": 14,
      "best_rank": 0
    },
    {
      "arch_index": 1,
      "nas_quant_acc1": 63.5,
      "val_acc1": 89.093718624498,
      "ema_acc1": 90.40129267068274,
      "best_val_acc1": 91.75169427710844,
      "best_ema_acc1": 90.40835215863453,
      "epochs_completed": 96,
      "nas_rank": 13,
      "val_rank": 13,
      "ema_rank": 13,
      "best_rank": 14
    },
    {
      "arch_index": 2,
      "nas_quant_acc1": 68.25,
      "val_acc1": 88.58967118473896,
      "ema_acc1": 91.03335215863453,
      "best_val_acc1": 92.37669427710844,
      "best_ema_acc1": 91.03335215863453,
      "epochs_completed": 96,
      "nas_rank": 12,
      "val_rank": 14,
      "ema_rank": 12,
      "best_rank": 13
    },
    {
      "arch_index": 3,
      "nas_quant_acc1": 71.5,
      "val_acc1": 90.40239081325302,
      "ema_acc1": 92.41685491967873,
      "best_val_acc1": 93.33537274096385,
      "best_ema_acc1": 92.41685491967873,
      "epochs_completed": 96,
      "nas_rank": 11,
      "val_rank": 10,
      "ema_rank": 8,
      "best_rank": 11
    },
    {
      "arch_index": 4,
      "nas_quant_acc1": 74.0,
      "val_acc1": 90.79301581325302,
      "ema_acc1": 91.79075677710844,
      "best_val_acc1": 92.96969126506023,
      "best_ema_acc1": 91.83091741967873,
      "epochs_completed": 96,
      "nas_rank": 10,
      "val_rank": 8,
      "ema_rank": 11,
      "best_rank": 12
    },
    {
      "arch_index": 5,
      "nas_quant_acc1": 75.5,
      "val_acc1": 91.76957831325302,
      "ema_acc1": 92.67131024096385,
      "best_val_acc1": 93.79110190763052,
      "best_ema_acc1": 92.67131024096385,
      "epochs_completed": 96,
      "nas_rank": 9,
      "val_rank": 0,
      "ema_rank": 3,
      "best_rank": 4
    },
    {
      "arch_index": 6,
      "nas_quant_acc1": 76.5,
      "val_acc1": 90.97311119477912,
      "ema_acc1": 92.57906626506023,
      "best_val_acc1": 93.76019703815261,
      "best_ema_acc1": 92.6832329317269,
      "epochs_completed": 96,
      "nas_rank": 8,
      "val_rank": 5,
      "ema_rank": 6,
      "best_rank": 5
    },
    {
      "arch_index": 7,
      "nas_quant_acc1": 77.25,
      "val_acc1": 90.48208458835342,
      "ema_acc1": 92.62409011044177,
      "best_val_acc1": 93.83502761044177,
      "best_ema_acc1": 92.62409011044177,
      "epochs_completed": 96,
      "nas_rank": 7,
      "val_rank": 9,
      "ema_rank": 5,
      "best_rank": 3
    },
    {
      "arch_index": 8,
      "nas_quant_acc1": 78.0,
      "val_acc1": 89.47681350401606,
      "ema_acc1": 92.49278363453816,
      "best_val_acc1": 93.56159011044177,
      "best_ema_acc1": 92.56494728915662,
      "epochs_completed": 96,
      "nas_rank": 6,
      "val_rank": 12,
      "ema_rank": 7,
      "best_rank": 9
    },
    {
      "arch_index": 9,
      "nas_quant_acc1": 78.5,
      "val_acc1": 91.42993850401606,
      "ema_acc1": 92.07988202811245,
      "best_val_acc1": 94.00649472891565,
      "best_ema_acc1": 92.07988202811245,
      "epochs_completed": 96,
      "nas_rank": 5,
      "val_rank": 1,
      "ema_rank": 10,
      "best_rank": 2
    },
    {
      "arch_index": 10,
      "nas_quant_acc1": 79.0,
      "val_acc1": 91.08323920682732,
      "ema_acc1": 92.30562876506023,
      "best_val_acc1": 93.58982806224898,
      "best_ema_acc1": 92.30562876506023,
      "epochs_completed": 96,
      "nas_rank": 4,
      "val_rank": 4,
      "ema_rank": 9,
      "best_rank": 8
    },
    {
      "arch_index": 11,
      "nas_quant_acc1": 79.75,
      "val_acc1": 90.37901606425703,
      "ema_acc1": 92.73531626506023,
      "best_val_acc1": 93.72709588353413,
      "best_ema_acc1": 92.7613579317269,
      "epochs_completed": 96,
      "nas_rank": 3,
      "val_rank": 11,
      "ema_rank": 1,
      "best_rank": 6
    },
    {
      "arch_index": 12,
      "nas_quant_acc1": 80.25,
      "val_acc1": 91.18411144578313,
      "ema_acc1": 92.71037274096385,
      "best_val_acc1": 93.48456325301206,
      "best_ema_acc1": 92.71037274096385,
      "epochs_completed": 96,
      "nas_rank": 2,
      "val_rank": 3,
      "ema_rank": 2,
      "best_rank": 10
    },
    {
      "arch_index": 13,
      "nas_quant_acc1": 81.25,
      "val_acc1": 90.81199799196787,
      "ema_acc1": 92.66425075301206,
      "best_val_acc1": 93.64787274096385,
      "best_ema_acc1": 92.66425075301206,
      "epochs_completed": 96,
      "nas_rank": 1,
      "val_rank": 7,
      "ema_rank": 4,
      "best_rank": 7
    },
    {
      "arch_index": 14,
      "nas_quant_acc1": 85.5,
      "val_acc1": 90.95679593373494,
      "ema_acc1": 93.00985190763052,
      "best_val_acc1": 94.20290537148594,
      "best_ema_acc1": 93.00985190763052,
      "epochs_completed": 96,
      "nas_rank": 0,
      "val_rank": 6,
      "ema_rank": 0,
      "best_rank": 1
    }
  ],
  "timestamp": "2026-06-04T00:04:10.199581"
}