{
  "cycle": 0,
  "n_archs": 15,
  "spearman_r": 0.2698839326108968,
  "spearman_p": 0.3306579516529914,
  "pearson_r": 0.8897419005751084,
  "pearson_p": 8.959716878537245e-06,
  "kendall_tau": 0.1722507755289644,
  "kendall_p": 0.372467048566824,
  "bootstrap_ci_spearman": [
    -0.33089591966356896,
    0.7277676950998185
  ],
  "spearman_r_ema": 0.25022351367897727,
  "spearman_p_ema": 0.3684041395575657,
  "pearson_r_ema": 0.7761946130709326,
  "pearson_p_ema": 0.0006682729925532803,
  "kendall_tau_ema": 0.19138975058773822,
  "kendall_p_ema": 0.3217063432062477,
  "bootstrap_ci_spearman_ema": [
    -0.3407011137250071,
    0.725635398860869
  ],
  "spearman_r_best": 0.2698839326108968,
  "spearman_p_best": 0.3306579516529914,
  "pearson_r_best": 0.8897419005751084,
  "pearson_p_best": 8.959716878537245e-06,
  "kendall_tau_best": 0.1722507755289644,
  "kendall_p_best": 0.372467048566824,
  "bootstrap_ci_spearman_best": [
    -0.3284936479128856,
    0.7128625657960176
  ],
  "mean_val_acc1": 57.18263457742031,
  "std_val_acc1": 14.310736424116673,
  "mean_ema_acc1": 55.69098930957174,
  "mean_best_val_acc1": 57.18263457742031,
  "per_arch": [
    {
      "arch_index": 0,
      "nas_quant_acc1": 59.333333333333336,
      "val_acc1": 6.182263065852187,
      "ema_acc1": 38.64421889007001,
      "best_val_acc1": 6.182263065852187,
      "best_ema_acc1": 38.64421889007001,
      "epochs_completed": 1,
      "nas_rank": 14,
      "val_rank": 14,
      "ema_rank": 14,
      "best_rank": 14
    },
    {
      "arch_index": 1,
      "nas_quant_acc1": 78.66666666666667,
      "val_acc1": 56.766094670788036,
      "ema_acc1": 51.71647161982763,
      "best_val_acc1": 56.766094670788036,
      "best_ema_acc1": 51.71647161982763,
      "epochs_completed": 1,
      "nas_rank": 13,
      "val_rank": 12,
      "ema_rank": 12,
      "best_rank": 12
    },
    {
      "arch_index": 2,
      "nas_quant_acc1": 80.66666666666667,
      "val_acc1": 60.75721542674356,
      "ema_acc1": 56.59438519832076,
      "best_val_acc1": 60.75721542674356,
      "best_ema_acc1": 56.59438519832076,
      "epochs_completed": 1,
      "nas_rank": 12,
      "val_rank": 8,
      "ema_rank": 8,
      "best_rank": 8
    },
    {
      "arch_index": 3,
      "nas_quant_acc1": 81.33333333333333,
      "val_acc1": 62.201049285046,
      "ema_acc1": 60.26221251206285,
      "best_val_acc1": 62.201049285046,
      "best_ema_acc1": 60.26221251206285,
      "epochs_completed": 1,
      "nas_rank": 11,
      "val_rank": 5,
      "ema_rank": 1,
      "best_rank": 5
    },
    {
      "arch_index": 4,
      "nas_quant_acc1": 82.0,
      "val_acc1": 63.27601683166857,
      "ema_acc1": 59.01804848657044,
      "best_val_acc1": 63.27601683166857,
      "best_ema_acc1": 59.01804848657044,
      "epochs_completed": 1,
      "nas_rank": 10,
      "val_rank": 1,
      "ema_rank": 4,
      "best_rank": 1
    },
    {
      "arch_index": 5,
      "nas_quant_acc1": 82.66666666666667,
      "val_acc1": 61.14218253249012,
      "ema_acc1": 57.00057117944145,
      "best_val_acc1": 61.14218253249012,
      "best_ema_acc1": 57.00057117944145,
      "epochs_completed": 1,
      "nas_rank": 9,
      "val_rank": 7,
      "ema_rank": 7,
      "best_rank": 7
    },
    {
      "arch_index": 6,
      "nas_quant_acc1": 83.33333333333333,
      "val_acc1": 63.47221941912133,
      "ema_acc1": 61.25650463654665,
      "best_val_acc1": 63.47221941912133,
      "best_ema_acc1": 61.25650463654665,
      "epochs_completed": 1,
      "nas_rank": 8,
      "val_rank": 0,
      "ema_rank": 0,
      "best_rank": 0
    },
    {
      "arch_index": 7,
      "nas_quant_acc1": 84.0,
      "val_acc1": 60.64994342090439,
      "ema_acc1": 55.09675564198907,
      "best_val_acc1": 60.64994342090439,
      "best_ema_acc1": 55.09675564198907,
      "epochs_completed": 1,
      "nas_rank": 7,
      "val_rank": 9,
      "ema_rank": 11,
      "best_rank": 9
    },
    {
      "arch_index": 8,
      "nas_quant_acc1": 84.66666666666667,
      "val_acc1": 59.47895012711926,
      "ema_acc1": 55.79705690730338,
      "best_val_acc1": 59.47895012711926,
      "best_ema_acc1": 55.79705690730338,
      "epochs_completed": 1,
      "nas_rank": 6,
      "val_rank": 10,
      "ema_rank": 9,
      "best_rank": 10
    },
    {
      "arch_index": 9,
      "nas_quant_acc1": 85.33333333333333,
      "val_acc1": 62.983674848999975,
      "ema_acc1": 59.66431598077781,
      "best_val_acc1": 62.983674848999975,
      "best_ema_acc1": 59.66431598077781,
      "epochs_completed": 1,
      "nas_rank": 5,
      "val_rank": 2,
      "ema_rank": 3,
      "best_rank": 2
    },
    {
      "arch_index": 10,
      "nas_quant_acc1": 85.33333333333333,
      "val_acc1": 54.92324935460645,
      "ema_acc1": 49.12845561112771,
      "best_val_acc1": 54.92324935460645,
      "best_ema_acc1": 49.12845561112771,
      "epochs_completed": 1,
      "nas_rank": 4,
      "val_rank": 13,
      "ema_rank": 13,
      "best_rank": 13
    },
    {
      "arch_index": 11,
      "nas_quant_acc1": 86.0,
      "val_acc1": 59.42852076281362,
      "ema_acc1": 55.353450345108,
      "best_val_acc1": 59.42852076281362,
      "best_ema_acc1": 55.353450345108,
      "epochs_completed": 1,
      "nas_rank": 3,
      "val_rank": 11,
      "ema_rank": 10,
      "best_rank": 11
    },
    {
      "arch_index": 12,
      "nas_quant_acc1": 86.66666666666667,
      "val_acc1": 62.3332347077237,
      "ema_acc1": 59.787279255801174,
      "best_val_acc1": 62.3332347077237,
      "best_ema_acc1": 59.787279255801174,
      "epochs_completed": 1,
      "nas_rank": 2,
      "val_rank": 4,
      "ema_rank": 2,
      "best_rank": 4
    },
    {
      "arch_index": 13,
      "nas_quant_acc1": 88.0,
      "val_acc1": 62.36847246239084,
      "ema_acc1": 57.45651541351724,
      "best_val_acc1": 62.36847246239084,
      "best_ema_acc1": 57.45651541351724,
      "epochs_completed": 1,
      "nas_rank": 1,
      "val_rank": 3,
      "ema_rank": 6,
      "best_rank": 3
    },
    {
      "arch_index": 14,
      "nas_quant_acc1": 92.66666666666667,
      "val_acc1": 61.7764317450365,
      "ema_acc1": 58.58859796511201,
      "best_val_acc1": 61.7764317450365,
      "best_ema_acc1": 58.58859796511201,
      "epochs_completed": 1,
      "nas_rank": 0,
      "val_rank": 6,
      "ema_rank": 5,
      "best_rank": 6
    }
  ],
  "timestamp": "2026-04-24T17:54:09.428940"
}