{
  "cycle": 20,
  "completed_arch_indices": [
    0,
    1,
    2,
    3,
    4,
    5,
    6,
    7,
    8,
    9,
    10,
    11,
    12,
    13,
    14
  ],
  "cycle_val_results": {
    "0": [
      94.26800953815261,
      86.12716490963855,
      94.26800953815261,
      86.12716490963855
    ],
    "1": [
      89.53376004016064,
      75.34011044176707,
      89.53376004016064,
      75.34011044176707
    ],
    "2": [
      89.44261420682732,
      78.54229417670682,
      89.44261420682732,
      78.54229417670682
    ],
    "3": [
      90.75175702811245,
      81.81821034136547,
      90.76587600401606,
      81.81821034136547
    ],
    "4": [
      91.03445030120481,
      82.03846636546184,
      91.03445030120481,
      82.03846636546184
    ],
    "5": [
      92.10435491967873,
      84.148468875502,
      92.13525978915662,
      84.148468875502
    ],
    "6": [
      91.99909011044177,
      83.08452560240964,
      91.99909011044177,
      83.08452560240964
    ],
    "7": [
      91.94967369477912,
      82.80183232931726,
      91.94967369477912,
      82.80183232931726
    ],
    "8": [
      91.49614081325302,
      81.95924322289156,
      91.49614081325302,
      81.95924322289156
    ],
    "9": [
      92.41795306224898,
      47.623619477911646,
      92.41795306224898,
      47.623619477911646
    ],
    "10": [
      91.99203062248995,
      83.21849899598394,
      91.99203062248995,
      83.21849899598394
    ],
    "11": [
      92.2074234437751,
      83.45459964859438,
      92.2074234437751,
      83.45459964859438
    ],
    "12": [
      91.60846511044177,
      82.77688880522088,
      91.60846511044177,
      82.77688880522088
    ],
    "13": [
      91.70886671686748,
      81.91202309236948,
      91.70886671686748,
      81.91202309236948
    ],
    "14": [
      92.12553338353413,
      84.52497489959839,
      92.12553338353413,
      84.52497489959839
    ]
  }
}