{
  "cycle": 20,
  "n_archs": 15,
  "spearman_r": 0.3214285714285714,
  "spearman_p": 0.24271904680166836,
  "pearson_r": -0.3906804549156379,
  "pearson_p": 0.14992341017984423,
  "kendall_tau": 0.2571428571428572,
  "kendall_p": 0.20184282422518202,
  "bootstrap_ci_spearman": [
    -0.338329841604505,
    0.856893816144776
  ],
  "spearman_r_ema": 0.1857142857142857,
  "spearman_p_ema": 0.5075409629336737,
  "pearson_r_ema": -0.1438580362616227,
  "pearson_p_ema": 0.6090024939322609,
  "kendall_tau_ema": 0.1619047619047619,
  "kendall_p_ema": 0.43511891093211363,
  "bootstrap_ci_spearman_ema": [
    -0.4483008495752124,
    0.786618444846293
  ],
  "spearman_r_best": 0.28928571428571426,
  "spearman_p_best": 0.29566536100437785,
  "pearson_r_best": -0.3902783262774281,
  "pearson_p_best": 0.15038026094527018,
  "kendall_tau_best": 0.23809523809523814,
  "kendall_p_best": 0.23945881568583288,
  "bootstrap_ci_spearman_best": [
    -0.3503350836888743,
    0.8469945355191257
  ],
  "mean_val_acc1": 91.6426748661312,
  "std_val_acc1": 1.1674298391038835,
  "mean_ema_acc1": 79.95806141231593,
  "mean_best_val_acc1": 91.6456764558233,
  "per_arch": [
    {
      "arch_index": 0,
      "nas_quant_acc1": 10.0,
      "val_acc1": 94.26800953815261,
      "ema_acc1": 86.12716490963855,
      "best_val_acc1": 94.26800953815261,
      "best_ema_acc1": 86.12716490963855,
      "epochs_completed": 21,
      "nas_rank": 14,
      "val_rank": 0,
      "ema_rank": 0,
      "best_rank": 0
    },
    {
      "arch_index": 1,
      "nas_quant_acc1": 63.5,
      "val_acc1": 89.53376004016064,
      "ema_acc1": 75.34011044176707,
      "best_val_acc1": 89.53376004016064,
      "best_ema_acc1": 75.34011044176707,
      "epochs_completed": 21,
      "nas_rank": 13,
      "val_rank": 13,
      "ema_rank": 13,
      "best_rank": 13
    },
    {
      "arch_index": 2,
      "nas_quant_acc1": 68.25,
      "val_acc1": 89.44261420682732,
      "ema_acc1": 78.54229417670682,
      "best_val_acc1": 89.44261420682732,
      "best_ema_acc1": 78.54229417670682,
      "epochs_completed": 21,
      "nas_rank": 12,
      "val_rank": 14,
      "ema_rank": 12,
      "best_rank": 14
    },
    {
      "arch_index": 3,
      "nas_quant_acc1": 71.5,
      "val_acc1": 90.75175702811245,
      "ema_acc1": 81.81821034136547,
      "best_val_acc1": 90.76587600401606,
      "best_ema_acc1": 81.81821034136547,
      "epochs_completed": 21,
      "nas_rank": 11,
      "val_rank": 12,
      "ema_rank": 11,
      "best_rank": 12
    },
    {
      "arch_index": 4,
      "nas_quant_acc1": 74.0,
      "val_acc1": 91.03445030120481,
      "ema_acc1": 82.03846636546184,
      "best_val_acc1": 91.03445030120481,
      "best_ema_acc1": 82.03846636546184,
      "epochs_completed": 21,
      "nas_rank": 10,
      "val_rank": 11,
      "ema_rank": 8,
      "best_rank": 11
    },
    {
      "arch_index": 5,
      "nas_quant_acc1": 75.5,
      "val_acc1": 92.10435491967873,
      "ema_acc1": 84.148468875502,
      "best_val_acc1": 92.13525978915662,
      "best_ema_acc1": 84.148468875502,
      "epochs_completed": 21,
      "nas_rank": 9,
      "val_rank": 4,
      "ema_rank": 2,
      "best_rank": 3
    },
    {
      "arch_index": 6,
      "nas_quant_acc1": 76.5,
      "val_acc1": 91.99909011044177,
      "ema_acc1": 83.08452560240964,
      "best_val_acc1": 91.99909011044177,
      "best_ema_acc1": 83.08452560240964,
      "epochs_completed": 21,
      "nas_rank": 8,
      "val_rank": 5,
      "ema_rank": 5,
      "best_rank": 5
    },
    {
      "arch_index": 7,
      "nas_quant_acc1": 77.25,
      "val_acc1": 91.94967369477912,
      "ema_acc1": 82.80183232931726,
      "best_val_acc1": 91.94967369477912,
      "best_ema_acc1": 82.80183232931726,
      "epochs_completed": 21,
      "nas_rank": 7,
      "val_rank": 7,
      "ema_rank": 6,
      "best_rank": 7
    },
    {
      "arch_index": 8,
      "nas_quant_acc1": 78.0,
      "val_acc1": 91.49614081325302,
      "ema_acc1": 81.95924322289156,
      "best_val_acc1": 91.49614081325302,
      "best_ema_acc1": 81.95924322289156,
      "epochs_completed": 21,
      "nas_rank": 6,
      "val_rank": 10,
      "ema_rank": 9,
      "best_rank": 10
    },
    {
      "arch_index": 9,
      "nas_quant_acc1": 78.5,
      "val_acc1": 92.41795306224898,
      "ema_acc1": 47.623619477911646,
      "best_val_acc1": 92.41795306224898,
      "best_ema_acc1": 47.623619477911646,
      "epochs_completed": 21,
      "nas_rank": 5,
      "val_rank": 1,
      "ema_rank": 14,
      "best_rank": 1
    },
    {
      "arch_index": 10,
      "nas_quant_acc1": 79.0,
      "val_acc1": 91.99203062248995,
      "ema_acc1": 83.21849899598394,
      "best_val_acc1": 91.99203062248995,
      "best_ema_acc1": 83.21849899598394,
      "epochs_completed": 21,
      "nas_rank": 4,
      "val_rank": 6,
      "ema_rank": 4,
      "best_rank": 6
    },
    {
      "arch_index": 11,
      "nas_quant_acc1": 79.75,
      "val_acc1": 92.2074234437751,
      "ema_acc1": 83.45459964859438,
      "best_val_acc1": 92.2074234437751,
      "best_ema_acc1": 83.45459964859438,
      "epochs_completed": 21,
      "nas_rank": 3,
      "val_rank": 2,
      "ema_rank": 3,
      "best_rank": 2
    },
    {
      "arch_index": 12,
      "nas_quant_acc1": 80.25,
      "val_acc1": 91.60846511044177,
      "ema_acc1": 82.77688880522088,
      "best_val_acc1": 91.60846511044177,
      "best_ema_acc1": 82.77688880522088,
      "epochs_completed": 21,
      "nas_rank": 2,
      "val_rank": 9,
      "ema_rank": 7,
      "best_rank": 9
    },
    {
      "arch_index": 13,
      "nas_quant_acc1": 81.25,
      "val_acc1": 91.70886671686748,
      "ema_acc1": 81.91202309236948,
      "best_val_acc1": 91.70886671686748,
      "best_ema_acc1": 81.91202309236948,
      "epochs_completed": 21,
      "nas_rank": 1,
      "val_rank": 8,
      "ema_rank": 10,
      "best_rank": 8
    },
    {
      "arch_index": 14,
      "nas_quant_acc1": 85.5,
      "val_acc1": 92.12553338353413,
      "ema_acc1": 84.52497489959839,
      "best_val_acc1": 92.12553338353413,
      "best_ema_acc1": 84.52497489959839,
      "epochs_completed": 21,
      "nas_rank": 0,
      "val_rank": 3,
      "ema_rank": 1,
      "best_rank": 4
    }
  ],
  "timestamp": "2026-06-03T14:34:11.115257"
}