{
  "cycle": 93,
  "completed_arch_indices": [
    0,
    1,
    2,
    3,
    4,
    5,
    6,
    7,
    8,
    9,
    10,
    11,
    12,
    13,
    14
  ],
  "cycle_val_results": {
    "0": [
      86.68047188755021,
      89.46975401606427,
      95.42419678714859,
      92.39081325301206
    ],
    "1": [
      86.85790035140562,
      90.40835215863453,
      91.75169427710844,
      90.40835215863453
    ],
    "2": [
      86.80362073293172,
      90.99428965863453,
      92.37669427710844,
      90.99428965863453
    ],
    "3": [
      89.64169176706828,
      92.22154241967873,
      93.33537274096385,
      92.26656626506023
    ],
    "4": [
      88.234343624498,
      91.81083709839358,
      92.96969126506023,
      91.82495607429719
    ],
    "5": [
      89.96831074297188,
      92.52102158634538,
      93.79110190763052,
      92.52102158634538
    ],
    "6": [
      90.00847138554217,
      92.63114959839358,
      93.76019703815261,
      92.63114959839358
    ],
    "7": [
      89.132781124498,
      92.52102158634538,
      93.83502761044177,
      92.52102158634538
    ],
    "8": [
      89.56356676706828,
      92.56494728915662,
      93.56159011044177,
      92.56494728915662
    ],
    "9": [
      90.65088478915662,
      91.84550702811245,
      94.00649472891565,
      91.84550702811245
    ],
    "10": [
      88.81808483935743,
      92.27958709839358,
      93.58982806224898,
      92.27958709839358
    ],
    "11": [
      88.390593624498,
      92.69625376506023,
      93.72709588353413,
      92.69625376506023
    ],
    "12": [
      89.91136420682732,
      92.69139056224898,
      93.48456325301206,
      92.69139056224898
    ],
    "13": [
      89.87936119477912,
      92.55192645582329,
      93.64787274096385,
      92.55192645582329
    ],
    "14": [
      90.43549196787149,
      92.95070908634538,
      94.20290537148594,
      92.95070908634538
    ]
  }
}