{
  "cycle": 93,
  "n_archs": 15,
  "spearman_r": 0.6035714285714285,
  "spearman_p": 0.01720013806879533,
  "pearson_r": 0.6567840349576716,
  "pearson_p": 0.007815545387935805,
  "kendall_tau": 0.4476190476190477,
  "kendall_p": 0.020790615322361355,
  "bootstrap_ci_spearman": [
    0.0368869506876887,
    0.8935925467086316
  ],
  "spearman_r_ema": 0.8185883518926541,
  "spearman_p_ema": 0.0001904576701696359,
  "pearson_r_ema": 0.8664399267134376,
  "pearson_p_ema": 2.9388940978287792e-05,
  "kendall_tau_ema": 0.6698641270570838,
  "kendall_p_ema": 0.0005236624799359955,
  "bootstrap_ci_spearman_ema": [
    0.4399990880300914,
    0.9743119266055045
  ],
  "spearman_r_best": 0.2928571428571428,
  "spearman_p_best": 0.289471667212401,
  "pearson_r_best": -0.390796955057923,
  "pearson_p_best": 0.149791230475398,
  "kendall_tau_best": 0.2571428571428572,
  "kendall_p_best": 0.20184282422518202,
  "bootstrap_ci_spearman_best": [
    -0.36220317209348285,
    0.8618244514106583
  ],
  "mean_val_acc1": 88.99846260040161,
  "std_val_acc1": 1.3329642699338027,
  "mean_ema_acc1": 92.01055262717537,
  "mean_best_val_acc1": 93.56428840361444,
  "per_arch": [
    {
      "arch_index": 0,
      "nas_quant_acc1": 10.0,
      "val_acc1": 86.68047188755021,
      "ema_acc1": 89.46975401606427,
      "best_val_acc1": 95.42419678714859,
      "best_ema_acc1": 92.39081325301206,
      "epochs_completed": 94,
      "nas_rank": 14,
      "val_rank": 14,
      "ema_rank": 14,
      "best_rank": 0
    },
    {
      "arch_index": 1,
      "nas_quant_acc1": 63.5,
      "val_acc1": 86.85790035140562,
      "ema_acc1": 90.40835215863453,
      "best_val_acc1": 91.75169427710844,
      "best_ema_acc1": 90.40835215863453,
      "epochs_completed": 94,
      "nas_rank": 13,
      "val_rank": 12,
      "ema_rank": 13,
      "best_rank": 14
    },
    {
      "arch_index": 2,
      "nas_quant_acc1": 68.25,
      "val_acc1": 86.80362073293172,
      "ema_acc1": 90.99428965863453,
      "best_val_acc1": 92.37669427710844,
      "best_ema_acc1": 90.99428965863453,
      "epochs_completed": 94,
      "nas_rank": 12,
      "val_rank": 13,
      "ema_rank": 12,
      "best_rank": 13
    },
    {
      "arch_index": 3,
      "nas_quant_acc1": 71.5,
      "val_acc1": 89.64169176706828,
      "ema_acc1": 92.22154241967873,
      "best_val_acc1": 93.33537274096385,
      "best_ema_acc1": 92.26656626506023,
      "epochs_completed": 94,
      "nas_rank": 11,
      "val_rank": 6,
      "ema_rank": 9,
      "best_rank": 11
    },
    {
      "arch_index": 4,
      "nas_quant_acc1": 74.0,
      "val_acc1": 88.234343624498,
      "ema_acc1": 91.81083709839358,
      "best_val_acc1": 92.96969126506023,
      "best_ema_acc1": 91.82495607429719,
      "epochs_completed": 94,
      "nas_rank": 10,
      "val_rank": 11,
      "ema_rank": 11,
      "best_rank": 12
    },
    {
      "arch_index": 5,
      "nas_quant_acc1": 75.5,
      "val_acc1": 89.96831074297188,
      "ema_acc1": 92.52102158634538,
      "best_val_acc1": 93.79110190763052,
      "best_ema_acc1": 92.52102158634538,
      "epochs_completed": 94,
      "nas_rank": 9,
      "val_rank": 3,
      "ema_rank": 7,
      "best_rank": 4
    },
    {
      "arch_index": 6,
      "nas_quant_acc1": 76.5,
      "val_acc1": 90.00847138554217,
      "ema_acc1": 92.63114959839358,
      "best_val_acc1": 93.76019703815261,
      "best_ema_acc1": 92.63114959839358,
      "epochs_completed": 94,
      "nas_rank": 8,
      "val_rank": 2,
      "ema_rank": 3,
      "best_rank": 5
    },
    {
      "arch_index": 7,
      "nas_quant_acc1": 77.25,
      "val_acc1": 89.132781124498,
      "ema_acc1": 92.52102158634538,
      "best_val_acc1": 93.83502761044177,
      "best_ema_acc1": 92.52102158634538,
      "epochs_completed": 94,
      "nas_rank": 7,
      "val_rank": 8,
      "ema_rank": 6,
      "best_rank": 3
    },
    {
      "arch_index": 8,
      "nas_quant_acc1": 78.0,
      "val_acc1": 89.56356676706828,
      "ema_acc1": 92.56494728915662,
      "best_val_acc1": 93.56159011044177,
      "best_ema_acc1": 92.56494728915662,
      "epochs_completed": 94,
      "nas_rank": 6,
      "val_rank": 7,
      "ema_rank": 4,
      "best_rank": 9
    },
    {
      "arch_index": 9,
      "nas_quant_acc1": 78.5,
      "val_acc1": 90.65088478915662,
      "ema_acc1": 91.84550702811245,
      "best_val_acc1": 94.00649472891565,
      "best_ema_acc1": 91.84550702811245,
      "epochs_completed": 94,
      "nas_rank": 5,
      "val_rank": 0,
      "ema_rank": 10,
      "best_rank": 2
    },
    {
      "arch_index": 10,
      "nas_quant_acc1": 79.0,
      "val_acc1": 88.81808483935743,
      "ema_acc1": 92.27958709839358,
      "best_val_acc1": 93.58982806224898,
      "best_ema_acc1": 92.27958709839358,
      "epochs_completed": 94,
      "nas_rank": 4,
      "val_rank": 9,
      "ema_rank": 8,
      "best_rank": 8
    },
    {
      "arch_index": 11,
      "nas_quant_acc1": 79.75,
      "val_acc1": 88.390593624498,
      "ema_acc1": 92.69625376506023,
      "best_val_acc1": 93.72709588353413,
      "best_ema_acc1": 92.69625376506023,
      "epochs_completed": 94,
      "nas_rank": 3,
      "val_rank": 10,
      "ema_rank": 1,
      "best_rank": 6
    },
    {
      "arch_index": 12,
      "nas_quant_acc1": 80.25,
      "val_acc1": 89.91136420682732,
      "ema_acc1": 92.69139056224898,
      "best_val_acc1": 93.48456325301206,
      "best_ema_acc1": 92.69139056224898,
      "epochs_completed": 94,
      "nas_rank": 2,
      "val_rank": 4,
      "ema_rank": 2,
      "best_rank": 10
    },
    {
      "arch_index": 13,
      "nas_quant_acc1": 81.25,
      "val_acc1": 89.87936119477912,
      "ema_acc1": 92.55192645582329,
      "best_val_acc1": 93.64787274096385,
      "best_ema_acc1": 92.55192645582329,
      "epochs_completed": 94,
      "nas_rank": 1,
      "val_rank": 5,
      "ema_rank": 5,
      "best_rank": 7
    },
    {
      "arch_index": 14,
      "nas_quant_acc1": 85.5,
      "val_acc1": 90.43549196787149,
      "ema_acc1": 92.95070908634538,
      "best_val_acc1": 94.20290537148594,
      "best_ema_acc1": 92.95070908634538,
      "epochs_completed": 94,
      "nas_rank": 0,
      "val_rank": 1,
      "ema_rank": 0,
      "best_rank": 1
    }
  ],
  "timestamp": "2026-06-03T23:54:12.694157"
}