{
  "cycle": 154,
  "completed_arch_indices": [
    0,
    1,
    2,
    3,
    4,
    5,
    6,
    7,
    8,
    9,
    10,
    11,
    12,
    13,
    14
  ],
  "cycle_val_results": {
    "0": [
      91.78040286144578,
      95.00643197791165,
      95.79583960843372,
      95.00643197791165
    ],
    "1": [
      87.36194779116467,
      92.38265562248995,
      92.46187876506023,
      92.38265562248995
    ],
    "2": [
      89.03081074297188,
      92.89046812248995,
      92.78520331325302,
      92.92953062248995
    ],
    "3": [
      90.02745356425703,
      93.98970883534136,
      93.73415537148594,
      93.98970883534136
    ],
    "4": [
      90.35783760040161,
      93.44659889558233,
      93.45852158634538,
      93.49868222891565
    ],
    "5": [
      90.23578689759036,
      94.39115838353413,
      94.22784889558233,
      94.50834588353413
    ],
    "6": [
      89.93740587349399,
      94.39931601405623,
      94.11772088353413,
      94.4253576807229
    ],
    "7": [
      90.33885542168674,
      94.11552459839358,
      94.08728664658635,
      94.11552459839358
    ],
    "8": [
      91.0452748493976,
      94.07159889558233,
      94.0504204317269,
      94.09167921686748
    ],
    "9": [
      91.53190888554217,
      94.73079819277109,
      94.4253576807229,
      94.73079819277109
    ],
    "10": [
      90.46529869477912,
      93.91425075301206,
      94.21263177710844,
      94.03143825301206
    ],
    "11": [
      89.57282254016064,
      94.1437625502008,
      94.0894829317269,
      94.21592620481927
    ],
    "12": [
      89.77519452811245,
      94.31193524096385,
      94.03849774096385,
      94.35099774096385
    ],
    "13": [
      89.51477786144578,
      94.07756024096385,
      93.97449171686748,
      94.07865838353413
    ],
    "14": [
      90.9280873493976,
      94.44214357429719,
      94.36731300200803,
      94.52136671686748
    ]
  }
}