{
  "cycle": 154,
  "n_archs": 15,
  "spearman_r": 0.05714285714285713,
  "spearman_p": 0.8396998687415758,
  "pearson_r": -0.2178526150913581,
  "pearson_p": 0.4354024528184346,
  "kendall_tau": 0.06666666666666668,
  "kendall_p": 0.770495669755301,
  "bootstrap_ci_spearman": [
    -0.5839452356753473,
    0.7180253623188394
  ],
  "spearman_r_ema": 0.28928571428571426,
  "spearman_p_ema": 0.29566536100437785,
  "pearson_r_ema": -0.15844943949475315,
  "pearson_p_ema": 0.5727428159258984,
  "kendall_tau_ema": 0.2571428571428572,
  "kendall_p_ema": 0.20184282422518202,
  "bootstrap_ci_spearman_ema": [
    -0.3672965165675447,
    0.8416279046148846
  ],
  "spearman_r_best": 0.2678571428571428,
  "spearman_p_best": 0.3344436005123538,
  "pearson_r_best": -0.43791455459394263,
  "pearson_p_best": 0.10255545278962983,
  "kendall_tau_best": 0.18095238095238098,
  "kendall_p_best": 0.3794503959627968,
  "bootstrap_ci_spearman_best": [
    -0.3941797577488627,
    0.8400072595281307
  ],
  "mean_val_acc1": 90.12692436412317,
  "std_val_acc1": 1.0729007606683845,
  "mean_ema_acc1": 94.02092745983934,
  "mean_best_val_acc1": 93.98844335676038,
  "per_arch": [
    {
      "arch_index": 0,
      "nas_quant_acc1": 10.0,
      "val_acc1": 91.78040286144578,
      "ema_acc1": 95.00643197791165,
      "best_val_acc1": 95.79583960843372,
      "best_ema_acc1": 95.00643197791165,
      "epochs_completed": 155,
      "nas_rank": 14,
      "val_rank": 0,
      "ema_rank": 0,
      "best_rank": 0
    },
    {
      "arch_index": 1,
      "nas_quant_acc1": 63.5,
      "val_acc1": 87.36194779116467,
      "ema_acc1": 92.38265562248995,
      "best_val_acc1": 92.46187876506023,
      "best_ema_acc1": 92.38265562248995,
      "epochs_completed": 155,
      "nas_rank": 13,
      "val_rank": 14,
      "ema_rank": 14,
      "best_rank": 14
    },
    {
      "arch_index": 2,
      "nas_quant_acc1": 68.25,
      "val_acc1": 89.03081074297188,
      "ema_acc1": 92.89046812248995,
      "best_val_acc1": 92.78520331325302,
      "best_ema_acc1": 92.92953062248995,
      "epochs_completed": 155,
      "nas_rank": 12,
      "val_rank": 13,
      "ema_rank": 13,
      "best_rank": 13
    },
    {
      "arch_index": 3,
      "nas_quant_acc1": 71.5,
      "val_acc1": 90.02745356425703,
      "ema_acc1": 93.98970883534136,
      "best_val_acc1": 93.73415537148594,
      "best_ema_acc1": 93.98970883534136,
      "epochs_completed": 155,
      "nas_rank": 11,
      "val_rank": 8,
      "ema_rank": 10,
      "best_rank": 11
    },
    {
      "arch_index": 4,
      "nas_quant_acc1": 74.0,
      "val_acc1": 90.35783760040161,
      "ema_acc1": 93.44659889558233,
      "best_val_acc1": 93.45852158634538,
      "best_ema_acc1": 93.49868222891565,
      "epochs_completed": 155,
      "nas_rank": 10,
      "val_rank": 5,
      "ema_rank": 12,
      "best_rank": 12
    },
    {
      "arch_index": 5,
      "nas_quant_acc1": 75.5,
      "val_acc1": 90.23578689759036,
      "ema_acc1": 94.39115838353413,
      "best_val_acc1": 94.22784889558233,
      "best_ema_acc1": 94.50834588353413,
      "epochs_completed": 155,
      "nas_rank": 9,
      "val_rank": 7,
      "ema_rank": 4,
      "best_rank": 3
    },
    {
      "arch_index": 6,
      "nas_quant_acc1": 76.5,
      "val_acc1": 89.93740587349399,
      "ema_acc1": 94.39931601405623,
      "best_val_acc1": 94.11772088353413,
      "best_ema_acc1": 94.4253576807229,
      "epochs_completed": 155,
      "nas_rank": 8,
      "val_rank": 9,
      "ema_rank": 3,
      "best_rank": 5
    },
    {
      "arch_index": 7,
      "nas_quant_acc1": 77.25,
      "val_acc1": 90.33885542168674,
      "ema_acc1": 94.11552459839358,
      "best_val_acc1": 94.08728664658635,
      "best_ema_acc1": 94.11552459839358,
      "epochs_completed": 155,
      "nas_rank": 7,
      "val_rank": 6,
      "ema_rank": 7,
      "best_rank": 7
    },
    {
      "arch_index": 8,
      "nas_quant_acc1": 78.0,
      "val_acc1": 91.0452748493976,
      "ema_acc1": 94.07159889558233,
      "best_val_acc1": 94.0504204317269,
      "best_ema_acc1": 94.09167921686748,
      "epochs_completed": 155,
      "nas_rank": 6,
      "val_rank": 2,
      "ema_rank": 9,
      "best_rank": 8
    },
    {
      "arch_index": 9,
      "nas_quant_acc1": 78.5,
      "val_acc1": 91.53190888554217,
      "ema_acc1": 94.73079819277109,
      "best_val_acc1": 94.4253576807229,
      "best_ema_acc1": 94.73079819277109,
      "epochs_completed": 155,
      "nas_rank": 5,
      "val_rank": 1,
      "ema_rank": 1,
      "best_rank": 1
    },
    {
      "arch_index": 10,
      "nas_quant_acc1": 79.0,
      "val_acc1": 90.46529869477912,
      "ema_acc1": 93.91425075301206,
      "best_val_acc1": 94.21263177710844,
      "best_ema_acc1": 94.03143825301206,
      "epochs_completed": 155,
      "nas_rank": 4,
      "val_rank": 4,
      "ema_rank": 11,
      "best_rank": 4
    },
    {
      "arch_index": 11,
      "nas_quant_acc1": 79.75,
      "val_acc1": 89.57282254016064,
      "ema_acc1": 94.1437625502008,
      "best_val_acc1": 94.0894829317269,
      "best_ema_acc1": 94.21592620481927,
      "epochs_completed": 155,
      "nas_rank": 3,
      "val_rank": 11,
      "ema_rank": 6,
      "best_rank": 6
    },
    {
      "arch_index": 12,
      "nas_quant_acc1": 80.25,
      "val_acc1": 89.77519452811245,
      "ema_acc1": 94.31193524096385,
      "best_val_acc1": 94.03849774096385,
      "best_ema_acc1": 94.35099774096385,
      "epochs_completed": 155,
      "nas_rank": 2,
      "val_rank": 10,
      "ema_rank": 5,
      "best_rank": 9
    },
    {
      "arch_index": 13,
      "nas_quant_acc1": 81.25,
      "val_acc1": 89.51477786144578,
      "ema_acc1": 94.07756024096385,
      "best_val_acc1": 93.97449171686748,
      "best_ema_acc1": 94.07865838353413,
      "epochs_completed": 155,
      "nas_rank": 1,
      "val_rank": 12,
      "ema_rank": 8,
      "best_rank": 10
    },
    {
      "arch_index": 14,
      "nas_quant_acc1": 85.5,
      "val_acc1": 90.9280873493976,
      "ema_acc1": 94.44214357429719,
      "best_val_acc1": 94.36731300200803,
      "best_ema_acc1": 94.52136671686748,
      "epochs_completed": 155,
      "nas_rank": 0,
      "val_rank": 3,
      "ema_rank": 2,
      "best_rank": 2
    }
  ],
  "timestamp": "2026-06-04T09:35:46.562551"
}