{
  "cycle": 66,
  "completed_arch_indices": [
    0,
    1,
    2,
    3,
    4,
    5,
    6,
    7,
    8,
    9,
    10,
    11,
    12,
    13,
    14
  ],
  "cycle_val_results": {
    "0": [
      93.47264056224898,
      90.77999497991968,
      95.23484563253012,
      92.39081325301206
    ],
    "1": [
      88.69007279116467,
      89.4898343373494,
      91.75169427710844,
      89.4898343373494
    ],
    "2": [
      89.96831074297188,
      90.00360818273093,
      92.13416164658635,
      90.00360818273093
    ],
    "3": [
      90.71489081325302,
      91.45817645582329,
      92.78630145582329,
      91.45817645582329
    ],
    "4": [
      90.19076305220884,
      91.30082831325302,
      92.54596511044177,
      91.30082831325302
    ],
    "5": [
      92.04787901606427,
      92.08913780120481,
      93.59092620481927,
      92.20632530120481
    ],
    "6": [
      91.41581952811245,
      91.66541164658635,
      93.66089357429719,
      91.70447414658635
    ],
    "7": [
      92.02779869477912,
      92.01697414658635,
      93.51436997991968,
      92.05007530120481
    ],
    "8": [
      91.55528363453816,
      91.95296812248995,
      93.18288780120481,
      91.95296812248995
    ],
    "9": [
      91.09029869477912,
      90.15766189759036,
      93.61696787148594,
      90.15766189759036
    ],
    "10": [
      91.34475401606427,
      91.69145331325302,
      93.3792984437751,
      91.69145331325302
    ],
    "11": [
      91.81193524096385,
      92.05007530120481,
      93.38855421686748,
      92.05007530120481
    ],
    "12": [
      91.8238579317269,
      91.80973895582329,
      93.32125376506023,
      91.8167984437751
    ],
    "13": [
      91.6773343373494,
      91.90794427710844,
      93.23606927710844,
      91.96002761044177
    ],
    "14": [
      92.51506024096385,
      92.26766440763052,
      93.70215235943776,
      92.26766440763052
    ]
  }
}