{
  "cycle": 66,
  "n_archs": 15,
  "spearman_r": 0.3714285714285714,
  "spearman_p": 0.17284974708033998,
  "pearson_r": -0.25722465725388677,
  "pearson_p": 0.3547019243802483,
  "kendall_tau": 0.33333333333333337,
  "kendall_p": 0.09264256691158146,
  "bootstrap_ci_spearman": [
    -0.30659741718135874,
    0.9157700285195743
  ],
  "spearman_r_ema": 0.6607142857142856,
  "spearman_p_ema": 0.007330569830891703,
  "pearson_r_ema": 0.40785413062636205,
  "pearson_p_ema": 0.1312732960362784,
  "kendall_tau_ema": 0.5047619047619049,
  "kendall_p_ema": 0.008269998948239689,
  "bootstrap_ci_spearman_ema": [
    0.1645557921336484,
    0.9194176025071819
  ],
  "spearman_r_best": 0.27499999999999997,
  "spearman_p_best": 0.3212111733193767,
  "pearson_r_best": -0.4611613189559848,
  "pearson_p_best": 0.0835942278418149,
  "kendall_tau_best": 0.20000000000000004,
  "kendall_p_best": 0.3282335876694342,
  "bootstrap_ci_spearman_best": [
    -0.3933823529411765,
    0.8461678832116785
  ],
  "mean_val_acc1": 91.35644661981256,
  "std_val_acc1": 1.1401529412780318,
  "mean_ema_acc1": 91.37609814257029,
  "mean_best_val_acc1": 93.26975610776441,
  "per_arch": [
    {
      "arch_index": 0,
      "nas_quant_acc1": 10.0,
      "val_acc1": 93.47264056224898,
      "ema_acc1": 90.77999497991968,
      "best_val_acc1": 95.23484563253012,
      "best_ema_acc1": 92.39081325301206,
      "epochs_completed": 67,
      "nas_rank": 14,
      "val_rank": 0,
      "ema_rank": 11,
      "best_rank": 0
    },
    {
      "arch_index": 1,
      "nas_quant_acc1": 63.5,
      "val_acc1": 88.69007279116467,
      "ema_acc1": 89.4898343373494,
      "best_val_acc1": 91.75169427710844,
      "best_ema_acc1": 89.4898343373494,
      "epochs_completed": 67,
      "nas_rank": 13,
      "val_rank": 14,
      "ema_rank": 14,
      "best_rank": 14
    },
    {
      "arch_index": 2,
      "nas_quant_acc1": 68.25,
      "val_acc1": 89.96831074297188,
      "ema_acc1": 90.00360818273093,
      "best_val_acc1": 92.13416164658635,
      "best_ema_acc1": 90.00360818273093,
      "epochs_completed": 67,
      "nas_rank": 12,
      "val_rank": 13,
      "ema_rank": 13,
      "best_rank": 13
    },
    {
      "arch_index": 3,
      "nas_quant_acc1": 71.5,
      "val_acc1": 90.71489081325302,
      "ema_acc1": 91.45817645582329,
      "best_val_acc1": 92.78630145582329,
      "best_ema_acc1": 91.45817645582329,
      "epochs_completed": 67,
      "nas_rank": 11,
      "val_rank": 11,
      "ema_rank": 9,
      "best_rank": 11
    },
    {
      "arch_index": 4,
      "nas_quant_acc1": 74.0,
      "val_acc1": 90.19076305220884,
      "ema_acc1": 91.30082831325302,
      "best_val_acc1": 92.54596511044177,
      "best_ema_acc1": 91.30082831325302,
      "epochs_completed": 67,
      "nas_rank": 10,
      "val_rank": 12,
      "ema_rank": 10,
      "best_rank": 12
    },
    {
      "arch_index": 5,
      "nas_quant_acc1": 75.5,
      "val_acc1": 92.04787901606427,
      "ema_acc1": 92.08913780120481,
      "best_val_acc1": 93.59092620481927,
      "best_ema_acc1": 92.20632530120481,
      "epochs_completed": 67,
      "nas_rank": 9,
      "val_rank": 2,
      "ema_rank": 1,
      "best_rank": 4
    },
    {
      "arch_index": 6,
      "nas_quant_acc1": 76.5,
      "val_acc1": 91.41581952811245,
      "ema_acc1": 91.66541164658635,
      "best_val_acc1": 93.66089357429719,
      "best_ema_acc1": 91.70447414658635,
      "epochs_completed": 67,
      "nas_rank": 8,
      "val_rank": 8,
      "ema_rank": 8,
      "best_rank": 2
    },
    {
      "arch_index": 7,
      "nas_quant_acc1": 77.25,
      "val_acc1": 92.02779869477912,
      "ema_acc1": 92.01697414658635,
      "best_val_acc1": 93.51436997991968,
      "best_ema_acc1": 92.05007530120481,
      "epochs_completed": 67,
      "nas_rank": 7,
      "val_rank": 3,
      "ema_rank": 3,
      "best_rank": 5
    },
    {
      "arch_index": 8,
      "nas_quant_acc1": 78.0,
      "val_acc1": 91.55528363453816,
      "ema_acc1": 91.95296812248995,
      "best_val_acc1": 93.18288780120481,
      "best_ema_acc1": 91.95296812248995,
      "epochs_completed": 67,
      "nas_rank": 6,
      "val_rank": 7,
      "ema_rank": 4,
      "best_rank": 10
    },
    {
      "arch_index": 9,
      "nas_quant_acc1": 78.5,
      "val_acc1": 91.09029869477912,
      "ema_acc1": 90.15766189759036,
      "best_val_acc1": 93.61696787148594,
      "best_ema_acc1": 90.15766189759036,
      "epochs_completed": 67,
      "nas_rank": 5,
      "val_rank": 10,
      "ema_rank": 12,
      "best_rank": 3
    },
    {
      "arch_index": 10,
      "nas_quant_acc1": 79.0,
      "val_acc1": 91.34475401606427,
      "ema_acc1": 91.69145331325302,
      "best_val_acc1": 93.3792984437751,
      "best_ema_acc1": 91.69145331325302,
      "epochs_completed": 67,
      "nas_rank": 4,
      "val_rank": 9,
      "ema_rank": 7,
      "best_rank": 7
    },
    {
      "arch_index": 11,
      "nas_quant_acc1": 79.75,
      "val_acc1": 91.81193524096385,
      "ema_acc1": 92.05007530120481,
      "best_val_acc1": 93.38855421686748,
      "best_ema_acc1": 92.05007530120481,
      "epochs_completed": 67,
      "nas_rank": 3,
      "val_rank": 5,
      "ema_rank": 2,
      "best_rank": 6
    },
    {
      "arch_index": 12,
      "nas_quant_acc1": 80.25,
      "val_acc1": 91.8238579317269,
      "ema_acc1": 91.80973895582329,
      "best_val_acc1": 93.32125376506023,
      "best_ema_acc1": 91.8167984437751,
      "epochs_completed": 67,
      "nas_rank": 2,
      "val_rank": 4,
      "ema_rank": 6,
      "best_rank": 8
    },
    {
      "arch_index": 13,
      "nas_quant_acc1": 81.25,
      "val_acc1": 91.6773343373494,
      "ema_acc1": 91.90794427710844,
      "best_val_acc1": 93.23606927710844,
      "best_ema_acc1": 91.96002761044177,
      "epochs_completed": 67,
      "nas_rank": 1,
      "val_rank": 6,
      "ema_rank": 5,
      "best_rank": 9
    },
    {
      "arch_index": 14,
      "nas_quant_acc1": 85.5,
      "val_acc1": 92.51506024096385,
      "ema_acc1": 92.26766440763052,
      "best_val_acc1": 93.70215235943776,
      "best_ema_acc1": 92.26766440763052,
      "epochs_completed": 67,
      "nas_rank": 0,
      "val_rank": 1,
      "ema_rank": 0,
      "best_rank": 1
    }
  ],
  "timestamp": "2026-06-03T21:38:58.771587"
}