{
  "cycle": 46,
  "completed_arch_indices": [
    0,
    1,
    2,
    3,
    4,
    5,
    6,
    7,
    8,
    9,
    10,
    11,
    12,
    13,
    14
  ],
  "cycle_val_results": {
    "0": [
      92.8937625502008,
      92.32570908634538,
      94.50944402610442,
      92.39081325301206
    ],
    "1": [
      89.02484939759036,
      88.08625125502007,
      90.93844126506023,
      88.08625125502007
    ],
    "2": [
      89.52560240963855,
      88.47091490963855,
      91.3328313253012,
      88.47091490963855
    ],
    "3": [
      90.94816767068274,
      90.5125188253012,
      92.32241465863453,
      90.5125188253012
    ],
    "4": [
      90.65731676706828,
      90.10291164658635,
      91.95296812248995,
      90.10291164658635
    ],
    "5": [
      92.07831325301206,
      91.52924196787149,
      93.44550075301206,
      91.52924196787149
    ],
    "6": [
      91.76361696787149,
      90.99428965863453,
      93.1058609437751,
      90.99428965863453
    ],
    "7": [
      90.79191767068274,
      90.9351468373494,
      92.99134036144578,
      90.9351468373494
    ],
    "8": [
      91.15869728915662,
      90.79897715863453,
      92.60071536144578,
      90.79897715863453
    ],
    "9": [
      91.18034638554217,
      87.33700426706828,
      93.18618222891565,
      87.33700426706828
    ],
    "10": [
      91.02299824297188,
      91.02739081325302,
      93.14602158634538,
      91.02739081325302
    ],
    "11": [
      91.39793549196787,
      90.87820030120481,
      93.08797690763052,
      90.87820030120481
    ],
    "12": [
      91.22160517068274,
      90.83803965863453,
      93.01691139558233,
      90.84509914658635
    ],
    "13": [
      91.18740587349399,
      90.88306350401606,
      93.02993222891565,
      90.88306350401606
    ],
    "14": [
      91.65615587349399,
      91.79295306224898,
      93.56974774096385,
      91.79295306224898
    ]
  }
}