{
  "cycle": 46,
  "n_archs": 15,
  "spearman_r": 0.2928571428571428,
  "spearman_p": 0.289471667212401,
  "pearson_r": -0.30612565484543314,
  "pearson_p": 0.26714037728251394,
  "kendall_tau": 0.2761904761904762,
  "kendall_p": 0.16857787367749338,
  "bootstrap_ci_spearman": [
    -0.37207236631659757,
    0.8945454545454546
  ],
  "spearman_r_ema": 0.22142857142857136,
  "spearman_p_ema": 0.42771371901637,
  "pearson_r_ema": -0.18845403095738192,
  "pearson_p_ema": 0.5011850744616895,
  "kendall_tau_ema": 0.18095238095238098,
  "kendall_p_ema": 0.3794503959627968,
  "bootstrap_ci_spearman_ema": [
    -0.4150822669104205,
    0.8043478260869567
  ],
  "spearman_r_best": 0.34642857142857136,
  "spearman_p_best": 0.2058959920935512,
  "pearson_r_best": -0.2730451268996723,
  "pearson_p_best": 0.32480235835810267,
  "kendall_tau_best": 0.2761904761904762,
  "kendall_p_best": 0.16857787367749338,
  "bootstrap_ci_spearman_best": [
    -0.31648441269039035,
    0.8907153502235468
  ],
  "mean_val_acc1": 91.1005794009371,
  "std_val_acc1": 0.9316003922225917,
  "mean_ema_acc1": 90.43417419678713,
  "mean_best_val_acc1": 92.81575259370815,
  "per_arch": [
    {
      "arch_index": 0,
      "nas_quant_acc1": 10.0,
      "val_acc1": 92.8937625502008,
      "ema_acc1": 92.32570908634538,
      "best_val_acc1": 94.50944402610442,
      "best_ema_acc1": 92.39081325301206,
      "epochs_completed": 47,
      "nas_rank": 14,
      "val_rank": 0,
      "ema_rank": 0,
      "best_rank": 0
    },
    {
      "arch_index": 1,
      "nas_quant_acc1": 63.5,
      "val_acc1": 89.02484939759036,
      "ema_acc1": 88.08625125502007,
      "best_val_acc1": 90.93844126506023,
      "best_ema_acc1": 88.08625125502007,
      "epochs_completed": 47,
      "nas_rank": 13,
      "val_rank": 14,
      "ema_rank": 13,
      "best_rank": 14
    },
    {
      "arch_index": 2,
      "nas_quant_acc1": 68.25,
      "val_acc1": 89.52560240963855,
      "ema_acc1": 88.47091490963855,
      "best_val_acc1": 91.3328313253012,
      "best_ema_acc1": 88.47091490963855,
      "epochs_completed": 47,
      "nas_rank": 12,
      "val_rank": 13,
      "ema_rank": 12,
      "best_rank": 13
    },
    {
      "arch_index": 3,
      "nas_quant_acc1": 71.5,
      "val_acc1": 90.94816767068274,
      "ema_acc1": 90.5125188253012,
      "best_val_acc1": 92.32241465863453,
      "best_ema_acc1": 90.5125188253012,
      "epochs_completed": 47,
      "nas_rank": 11,
      "val_rank": 10,
      "ema_rank": 10,
      "best_rank": 11
    },
    {
      "arch_index": 4,
      "nas_quant_acc1": 74.0,
      "val_acc1": 90.65731676706828,
      "ema_acc1": 90.10291164658635,
      "best_val_acc1": 91.95296812248995,
      "best_ema_acc1": 90.10291164658635,
      "epochs_completed": 47,
      "nas_rank": 10,
      "val_rank": 12,
      "ema_rank": 11,
      "best_rank": 12
    },
    {
      "arch_index": 5,
      "nas_quant_acc1": 75.5,
      "val_acc1": 92.07831325301206,
      "ema_acc1": 91.52924196787149,
      "best_val_acc1": 93.44550075301206,
      "best_ema_acc1": 91.52924196787149,
      "epochs_completed": 47,
      "nas_rank": 9,
      "val_rank": 1,
      "ema_rank": 2,
      "best_rank": 2
    },
    {
      "arch_index": 6,
      "nas_quant_acc1": 76.5,
      "val_acc1": 91.76361696787149,
      "ema_acc1": 90.99428965863453,
      "best_val_acc1": 93.1058609437751,
      "best_ema_acc1": 90.99428965863453,
      "epochs_completed": 47,
      "nas_rank": 8,
      "val_rank": 2,
      "ema_rank": 4,
      "best_rank": 5
    },
    {
      "arch_index": 7,
      "nas_quant_acc1": 77.25,
      "val_acc1": 90.79191767068274,
      "ema_acc1": 90.9351468373494,
      "best_val_acc1": 92.99134036144578,
      "best_ema_acc1": 90.9351468373494,
      "epochs_completed": 47,
      "nas_rank": 7,
      "val_rank": 11,
      "ema_rank": 5,
      "best_rank": 9
    },
    {
      "arch_index": 8,
      "nas_quant_acc1": 78.0,
      "val_acc1": 91.15869728915662,
      "ema_acc1": 90.79897715863453,
      "best_val_acc1": 92.60071536144578,
      "best_ema_acc1": 90.79897715863453,
      "epochs_completed": 47,
      "nas_rank": 6,
      "val_rank": 8,
      "ema_rank": 9,
      "best_rank": 10
    },
    {
      "arch_index": 9,
      "nas_quant_acc1": 78.5,
      "val_acc1": 91.18034638554217,
      "ema_acc1": 87.33700426706828,
      "best_val_acc1": 93.18618222891565,
      "best_ema_acc1": 87.33700426706828,
      "epochs_completed": 47,
      "nas_rank": 5,
      "val_rank": 7,
      "ema_rank": 14,
      "best_rank": 3
    },
    {
      "arch_index": 10,
      "nas_quant_acc1": 79.0,
      "val_acc1": 91.02299824297188,
      "ema_acc1": 91.02739081325302,
      "best_val_acc1": 93.14602158634538,
      "best_ema_acc1": 91.02739081325302,
      "epochs_completed": 47,
      "nas_rank": 4,
      "val_rank": 9,
      "ema_rank": 3,
      "best_rank": 4
    },
    {
      "arch_index": 11,
      "nas_quant_acc1": 79.75,
      "val_acc1": 91.39793549196787,
      "ema_acc1": 90.87820030120481,
      "best_val_acc1": 93.08797690763052,
      "best_ema_acc1": 90.87820030120481,
      "epochs_completed": 47,
      "nas_rank": 3,
      "val_rank": 4,
      "ema_rank": 7,
      "best_rank": 6
    },
    {
      "arch_index": 12,
      "nas_quant_acc1": 80.25,
      "val_acc1": 91.22160517068274,
      "ema_acc1": 90.83803965863453,
      "best_val_acc1": 93.01691139558233,
      "best_ema_acc1": 90.84509914658635,
      "epochs_completed": 47,
      "nas_rank": 2,
      "val_rank": 5,
      "ema_rank": 8,
      "best_rank": 8
    },
    {
      "arch_index": 13,
      "nas_quant_acc1": 81.25,
      "val_acc1": 91.18740587349399,
      "ema_acc1": 90.88306350401606,
      "best_val_acc1": 93.02993222891565,
      "best_ema_acc1": 90.88306350401606,
      "epochs_completed": 47,
      "nas_rank": 1,
      "val_rank": 6,
      "ema_rank": 6,
      "best_rank": 7
    },
    {
      "arch_index": 14,
      "nas_quant_acc1": 85.5,
      "val_acc1": 91.65615587349399,
      "ema_acc1": 91.79295306224898,
      "best_val_acc1": 93.56974774096385,
      "best_ema_acc1": 91.79295306224898,
      "epochs_completed": 47,
      "nas_rank": 0,
      "val_rank": 3,
      "ema_rank": 1,
      "best_rank": 1
    }
  ],
  "timestamp": "2026-06-03T18:37:23.131510"
}