{
  "cycle": 150,
  "completed_arch_indices": [
    0,
    1,
    2,
    3,
    4,
    5,
    6,
    7,
    8,
    9,
    10,
    11,
    12,
    13,
    14
  ],
  "cycle_val_results": {
    "0": [
      95.4409826807229,
      94.82414031124497,
      95.79583960843372,
      94.82414031124497
    ],
    "1": [
      92.41575677710844,
      92.32351280120481,
      92.46187876506023,
      92.32351280120481
    ],
    "2": [
      92.78520331325302,
      92.91650978915662,
      92.78520331325302,
      92.91650978915662
    ],
    "3": [
      93.58763177710844,
      93.98970883534136,
      93.73415537148594,
      93.98970883534136
    ],
    "4": [
      93.45852158634538,
      93.49868222891565,
      93.45852158634538,
      93.49868222891565
    ],
    "5": [
      94.0737951807229,
      94.47634287148594,
      94.22784889558233,
      94.47634287148594
    ],
    "6": [
      94.11772088353413,
      94.39931601405623,
      94.11772088353413,
      94.39931601405623
    ],
    "7": [
      93.79000376506023,
      94.0894829317269,
      94.08728664658635,
      94.0894829317269
    ],
    "8": [
      93.88820908634538,
      93.94139056224898,
      94.0504204317269,
      93.98045306224898
    ],
    "9": [
      94.38143197791165,
      94.62663152610442,
      94.4253576807229,
      94.62663152610442
    ],
    "10": [
      93.74497991967873,
      93.97935491967873,
      94.21263177710844,
      94.03143825301206
    ],
    "11": [
      94.0265750502008,
      94.21592620481927,
      94.0894829317269,
      94.21592620481927
    ],
    "12": [
      94.03849774096385,
      94.35099774096385,
      94.03849774096385,
      94.35099774096385
    ],
    "13": [
      93.89526857429719,
      94.03959588353413,
      93.97449171686748,
      94.07865838353413
    ],
    "14": [
      94.29185491967873,
      94.48826556224898,
      94.36731300200803,
      94.4953250502008
    ]
  }
}