{
  "cycle": 150,
  "n_archs": 15,
  "spearman_r": 0.33928571428571425,
  "spearman_p": 0.2160289253419548,
  "pearson_r": -0.3997547153037249,
  "pearson_p": 0.13986062267659932,
  "kendall_tau": 0.3142857142857143,
  "kendall_p": 0.11424717239544455,
  "bootstrap_ci_spearman": [
    -0.3186833203226645,
    0.884267631103074
  ],
  "spearman_r_ema": 0.27499999999999997,
  "spearman_p_ema": 0.3212111733193767,
  "pearson_r_ema": -0.08862751258887501,
  "pearson_p_ema": 0.7534505921143929,
  "kendall_tau_ema": 0.23809523809523814,
  "kendall_p_ema": 0.23945881568583288,
  "bootstrap_ci_spearman_ema": [
    -0.37112038256801816,
    0.8188618291089103
  ],
  "spearman_r_best": 0.2678571428571428,
  "spearman_p_best": 0.3344436005123538,
  "pearson_r_best": -0.43791455459394263,
  "pearson_p_best": 0.10255545278962983,
  "kendall_tau_best": 0.18095238095238098,
  "kendall_p_best": 0.3794503959627968,
  "bootstrap_ci_spearman_best": [
    -0.3941797577488627,
    0.8400072595281307
  ],
  "mean_val_acc1": 93.86242888219546,
  "std_val_acc1": 0.6879633158198372,
  "mean_ema_acc1": 94.01065721218204,
  "mean_best_val_acc1": 93.98844335676038,
  "per_arch": [
    {
      "arch_index": 0,
      "nas_quant_acc1": 10.0,
      "val_acc1": 95.4409826807229,
      "ema_acc1": 94.82414031124497,
      "best_val_acc1": 95.79583960843372,
      "best_ema_acc1": 94.82414031124497,
      "epochs_completed": 151,
      "nas_rank": 14,
      "val_rank": 0,
      "ema_rank": 0,
      "best_rank": 0
    },
    {
      "arch_index": 1,
      "nas_quant_acc1": 63.5,
      "val_acc1": 92.41575677710844,
      "ema_acc1": 92.32351280120481,
      "best_val_acc1": 92.46187876506023,
      "best_ema_acc1": 92.32351280120481,
      "epochs_completed": 151,
      "nas_rank": 13,
      "val_rank": 14,
      "ema_rank": 14,
      "best_rank": 14
    },
    {
      "arch_index": 2,
      "nas_quant_acc1": 68.25,
      "val_acc1": 92.78520331325302,
      "ema_acc1": 92.91650978915662,
      "best_val_acc1": 92.78520331325302,
      "best_ema_acc1": 92.91650978915662,
      "epochs_completed": 151,
      "nas_rank": 12,
      "val_rank": 13,
      "ema_rank": 13,
      "best_rank": 13
    },
    {
      "arch_index": 3,
      "nas_quant_acc1": 71.5,
      "val_acc1": 93.58763177710844,
      "ema_acc1": 93.98970883534136,
      "best_val_acc1": 93.73415537148594,
      "best_ema_acc1": 93.98970883534136,
      "epochs_completed": 151,
      "nas_rank": 11,
      "val_rank": 11,
      "ema_rank": 9,
      "best_rank": 11
    },
    {
      "arch_index": 4,
      "nas_quant_acc1": 74.0,
      "val_acc1": 93.45852158634538,
      "ema_acc1": 93.49868222891565,
      "best_val_acc1": 93.45852158634538,
      "best_ema_acc1": 93.49868222891565,
      "epochs_completed": 151,
      "nas_rank": 10,
      "val_rank": 12,
      "ema_rank": 12,
      "best_rank": 12
    },
    {
      "arch_index": 5,
      "nas_quant_acc1": 75.5,
      "val_acc1": 94.0737951807229,
      "ema_acc1": 94.47634287148594,
      "best_val_acc1": 94.22784889558233,
      "best_ema_acc1": 94.47634287148594,
      "epochs_completed": 151,
      "nas_rank": 9,
      "val_rank": 4,
      "ema_rank": 3,
      "best_rank": 3
    },
    {
      "arch_index": 6,
      "nas_quant_acc1": 76.5,
      "val_acc1": 94.11772088353413,
      "ema_acc1": 94.39931601405623,
      "best_val_acc1": 94.11772088353413,
      "best_ema_acc1": 94.39931601405623,
      "epochs_completed": 151,
      "nas_rank": 8,
      "val_rank": 3,
      "ema_rank": 4,
      "best_rank": 5
    },
    {
      "arch_index": 7,
      "nas_quant_acc1": 77.25,
      "val_acc1": 93.79000376506023,
      "ema_acc1": 94.0894829317269,
      "best_val_acc1": 94.08728664658635,
      "best_ema_acc1": 94.0894829317269,
      "epochs_completed": 151,
      "nas_rank": 7,
      "val_rank": 9,
      "ema_rank": 7,
      "best_rank": 7
    },
    {
      "arch_index": 8,
      "nas_quant_acc1": 78.0,
      "val_acc1": 93.88820908634538,
      "ema_acc1": 93.94139056224898,
      "best_val_acc1": 94.0504204317269,
      "best_ema_acc1": 93.98045306224898,
      "epochs_completed": 151,
      "nas_rank": 6,
      "val_rank": 8,
      "ema_rank": 11,
      "best_rank": 8
    },
    {
      "arch_index": 9,
      "nas_quant_acc1": 78.5,
      "val_acc1": 94.38143197791165,
      "ema_acc1": 94.62663152610442,
      "best_val_acc1": 94.4253576807229,
      "best_ema_acc1": 94.62663152610442,
      "epochs_completed": 151,
      "nas_rank": 5,
      "val_rank": 1,
      "ema_rank": 1,
      "best_rank": 1
    },
    {
      "arch_index": 10,
      "nas_quant_acc1": 79.0,
      "val_acc1": 93.74497991967873,
      "ema_acc1": 93.97935491967873,
      "best_val_acc1": 94.21263177710844,
      "best_ema_acc1": 94.03143825301206,
      "epochs_completed": 151,
      "nas_rank": 4,
      "val_rank": 10,
      "ema_rank": 10,
      "best_rank": 4
    },
    {
      "arch_index": 11,
      "nas_quant_acc1": 79.75,
      "val_acc1": 94.0265750502008,
      "ema_acc1": 94.21592620481927,
      "best_val_acc1": 94.0894829317269,
      "best_ema_acc1": 94.21592620481927,
      "epochs_completed": 151,
      "nas_rank": 3,
      "val_rank": 6,
      "ema_rank": 6,
      "best_rank": 6
    },
    {
      "arch_index": 12,
      "nas_quant_acc1": 80.25,
      "val_acc1": 94.03849774096385,
      "ema_acc1": 94.35099774096385,
      "best_val_acc1": 94.03849774096385,
      "best_ema_acc1": 94.35099774096385,
      "epochs_completed": 151,
      "nas_rank": 2,
      "val_rank": 5,
      "ema_rank": 5,
      "best_rank": 9
    },
    {
      "arch_index": 13,
      "nas_quant_acc1": 81.25,
      "val_acc1": 93.89526857429719,
      "ema_acc1": 94.03959588353413,
      "best_val_acc1": 93.97449171686748,
      "best_ema_acc1": 94.07865838353413,
      "epochs_completed": 151,
      "nas_rank": 1,
      "val_rank": 7,
      "ema_rank": 8,
      "best_rank": 10
    },
    {
      "arch_index": 14,
      "nas_quant_acc1": 85.5,
      "val_acc1": 94.29185491967873,
      "ema_acc1": 94.48826556224898,
      "best_val_acc1": 94.36731300200803,
      "best_ema_acc1": 94.4953250502008,
      "epochs_completed": 151,
      "nas_rank": 0,
      "val_rank": 2,
      "ema_rank": 2,
      "best_rank": 2
    }
  ],
  "timestamp": "2026-06-04T09:17:25.662503"
}