{
  "cycle": 29,
  "completed_arch_indices": [
    0,
    1,
    2,
    3,
    4,
    5,
    6,
    7,
    8,
    9,
    10,
    11,
    12,
    13,
    14
  ],
  "cycle_val_results": {
    "0": [
      94.09277735943776,
      90.3004204317269,
      94.26800953815261,
      90.3004204317269
    ],
    "1": [
      90.37744728915662,
      83.66387424698794,
      90.37744728915662,
      83.66387424698794
    ],
    "2": [
      90.6784952309237,
      84.6269452811245,
      90.6784952309237,
      84.6269452811245
    ],
    "3": [
      91.84550702811245,
      87.02670055220884,
      91.84550702811245,
      87.02670055220884
    ],
    "4": [
      91.4109563253012,
      86.80205195783132,
      91.4109563253012,
      86.80205195783132
    ],
    "5": [
      92.7613579317269,
      88.7405873493976,
      92.8004204317269,
      88.7405873493976
    ],
    "6": [
      92.66911395582329,
      88.01298945783132,
      92.66911395582329,
      88.01298945783132
    ],
    "7": [
      92.18138177710844,
      87.70158760040161,
      92.18138177710844,
      87.70158760040161
    ],
    "8": [
      92.42548318273093,
      87.60557856425703,
      92.42548318273093,
      87.60557856425703
    ],
    "9": [
      92.38971511044177,
      71.92708333333333,
      92.41795306224898,
      71.92708333333333
    ],
    "10": [
      92.58722389558233,
      87.85673945783132,
      92.58722389558233,
      87.85673945783132
    ],
    "11": [
      92.4097954317269,
      88.34400100401606,
      92.4097954317269,
      88.34400100401606
    ],
    "12": [
      92.27848895582329,
      88.23167670682732,
      92.27848895582329,
      88.23167670682732
    ],
    "13": [
      92.26766440763052,
      87.89203689759036,
      92.26766440763052,
      87.89203689759036
    ],
    "14": [
      92.84654241967873,
      89.25875376506023,
      92.8937625502008,
      89.25875376506023
    ]
  }
}