{
  "cycle": 29,
  "n_archs": 15,
  "spearman_r": 0.28571428571428564,
  "spearman_p": 0.3019363513225493,
  "pearson_r": -0.34054737603779756,
  "pearson_p": 0.2142166157735887,
  "kendall_tau": 0.20000000000000004,
  "kendall_p": 0.3282335876694342,
  "bootstrap_ci_spearman": [
    -0.4233715487146937,
    0.8661713398361087
  ],
  "spearman_r_ema": 0.3107142857142856,
  "spearman_p_ema": 0.2596673973372179,
  "pearson_r_ema": -0.1668320682560533,
  "pearson_p_ema": 0.5523299975309015,
  "kendall_tau_ema": 0.2761904761904762,
  "kendall_p_ema": 0.16857787367749338,
  "bootstrap_ci_spearman_ema": [
    -0.3468188997546795,
    0.8763636363636365
  ],
  "spearman_r_best": 0.2785714285714285,
  "spearman_p_best": 0.3147094732307908,
  "pearson_r_best": -0.3714357239073529,
  "pearson_p_best": 0.1728408259398482,
  "kendall_tau_best": 0.18095238095238098,
  "kendall_p_best": 0.3794503959627968,
  "bootstrap_ci_spearman_best": [
    -0.40076278332433896,
    0.8520229169146132
  ],
  "mean_val_acc1": 92.214796686747,
  "std_val_acc1": 0.8947999238627427,
  "mean_ema_acc1": 86.53273510709505,
  "mean_best_val_acc1": 92.23411353748325,
  "per_arch": [
    {
      "arch_index": 0,
      "nas_quant_acc1": 10.0,
      "val_acc1": 94.09277735943776,
      "ema_acc1": 90.3004204317269,
      "best_val_acc1": 94.26800953815261,
      "best_ema_acc1": 90.3004204317269,
      "epochs_completed": 30,
      "nas_rank": 14,
      "val_rank": 0,
      "ema_rank": 0,
      "best_rank": 0
    },
    {
      "arch_index": 1,
      "nas_quant_acc1": 63.5,
      "val_acc1": 90.37744728915662,
      "ema_acc1": 83.66387424698794,
      "best_val_acc1": 90.37744728915662,
      "best_ema_acc1": 83.66387424698794,
      "epochs_completed": 30,
      "nas_rank": 13,
      "val_rank": 14,
      "ema_rank": 13,
      "best_rank": 14
    },
    {
      "arch_index": 2,
      "nas_quant_acc1": 68.25,
      "val_acc1": 90.6784952309237,
      "ema_acc1": 84.6269452811245,
      "best_val_acc1": 90.6784952309237,
      "best_ema_acc1": 84.6269452811245,
      "epochs_completed": 30,
      "nas_rank": 12,
      "val_rank": 13,
      "ema_rank": 12,
      "best_rank": 13
    },
    {
      "arch_index": 3,
      "nas_quant_acc1": 71.5,
      "val_acc1": 91.84550702811245,
      "ema_acc1": 87.02670055220884,
      "best_val_acc1": 91.84550702811245,
      "best_ema_acc1": 87.02670055220884,
      "epochs_completed": 30,
      "nas_rank": 11,
      "val_rank": 11,
      "ema_rank": 10,
      "best_rank": 11
    },
    {
      "arch_index": 4,
      "nas_quant_acc1": 74.0,
      "val_acc1": 91.4109563253012,
      "ema_acc1": 86.80205195783132,
      "best_val_acc1": 91.4109563253012,
      "best_ema_acc1": 86.80205195783132,
      "epochs_completed": 30,
      "nas_rank": 10,
      "val_rank": 12,
      "ema_rank": 11,
      "best_rank": 12
    },
    {
      "arch_index": 5,
      "nas_quant_acc1": 75.5,
      "val_acc1": 92.7613579317269,
      "ema_acc1": 88.7405873493976,
      "best_val_acc1": 92.8004204317269,
      "best_ema_acc1": 88.7405873493976,
      "epochs_completed": 30,
      "nas_rank": 9,
      "val_rank": 2,
      "ema_rank": 2,
      "best_rank": 2
    },
    {
      "arch_index": 6,
      "nas_quant_acc1": 76.5,
      "val_acc1": 92.66911395582329,
      "ema_acc1": 88.01298945783132,
      "best_val_acc1": 92.66911395582329,
      "best_ema_acc1": 88.01298945783132,
      "epochs_completed": 30,
      "nas_rank": 8,
      "val_rank": 3,
      "ema_rank": 5,
      "best_rank": 3
    },
    {
      "arch_index": 7,
      "nas_quant_acc1": 77.25,
      "val_acc1": 92.18138177710844,
      "ema_acc1": 87.70158760040161,
      "best_val_acc1": 92.18138177710844,
      "best_ema_acc1": 87.70158760040161,
      "epochs_completed": 30,
      "nas_rank": 7,
      "val_rank": 10,
      "ema_rank": 8,
      "best_rank": 10
    },
    {
      "arch_index": 8,
      "nas_quant_acc1": 78.0,
      "val_acc1": 92.42548318273093,
      "ema_acc1": 87.60557856425703,
      "best_val_acc1": 92.42548318273093,
      "best_ema_acc1": 87.60557856425703,
      "epochs_completed": 30,
      "nas_rank": 6,
      "val_rank": 5,
      "ema_rank": 9,
      "best_rank": 5
    },
    {
      "arch_index": 9,
      "nas_quant_acc1": 78.5,
      "val_acc1": 92.38971511044177,
      "ema_acc1": 71.92708333333333,
      "best_val_acc1": 92.41795306224898,
      "best_ema_acc1": 71.92708333333333,
      "epochs_completed": 30,
      "nas_rank": 5,
      "val_rank": 7,
      "ema_rank": 14,
      "best_rank": 6
    },
    {
      "arch_index": 10,
      "nas_quant_acc1": 79.0,
      "val_acc1": 92.58722389558233,
      "ema_acc1": 87.85673945783132,
      "best_val_acc1": 92.58722389558233,
      "best_ema_acc1": 87.85673945783132,
      "epochs_completed": 30,
      "nas_rank": 4,
      "val_rank": 4,
      "ema_rank": 7,
      "best_rank": 4
    },
    {
      "arch_index": 11,
      "nas_quant_acc1": 79.75,
      "val_acc1": 92.4097954317269,
      "ema_acc1": 88.34400100401606,
      "best_val_acc1": 92.4097954317269,
      "best_ema_acc1": 88.34400100401606,
      "epochs_completed": 30,
      "nas_rank": 3,
      "val_rank": 6,
      "ema_rank": 3,
      "best_rank": 7
    },
    {
      "arch_index": 12,
      "nas_quant_acc1": 80.25,
      "val_acc1": 92.27848895582329,
      "ema_acc1": 88.23167670682732,
      "best_val_acc1": 92.27848895582329,
      "best_ema_acc1": 88.23167670682732,
      "epochs_completed": 30,
      "nas_rank": 2,
      "val_rank": 8,
      "ema_rank": 4,
      "best_rank": 8
    },
    {
      "arch_index": 13,
      "nas_quant_acc1": 81.25,
      "val_acc1": 92.26766440763052,
      "ema_acc1": 87.89203689759036,
      "best_val_acc1": 92.26766440763052,
      "best_ema_acc1": 87.89203689759036,
      "epochs_completed": 30,
      "nas_rank": 1,
      "val_rank": 9,
      "ema_rank": 6,
      "best_rank": 9
    },
    {
      "arch_index": 14,
      "nas_quant_acc1": 85.5,
      "val_acc1": 92.84654241967873,
      "ema_acc1": 89.25875376506023,
      "best_val_acc1": 92.8937625502008,
      "best_ema_acc1": 89.25875376506023,
      "epochs_completed": 30,
      "nas_rank": 0,
      "val_rank": 1,
      "ema_rank": 1,
      "best_rank": 1
    }
  ],
  "timestamp": "2026-06-03T15:16:09.420371"
}