{
  "cycle": 91,
  "completed_arch_indices": [
    0,
    1,
    2,
    3,
    4,
    5,
    6,
    7,
    8,
    9,
    10,
    11,
    12,
    13,
    14
  ],
  "cycle_val_results": {
    "0": [
      91.2156438253012,
      89.31350401606427,
      95.42419678714859,
      92.39081325301206
    ],
    "1": [
      83.48221009036145,
      90.33728664658635,
      91.75169427710844,
      90.33728664658635
    ],
    "2": [
      86.93822163654619,
      90.83098017068274,
      92.37669427710844,
      90.83098017068274
    ],
    "3": [
      87.21981676706828,
      92.26656626506023,
      93.33537274096385,
      92.26656626506023
    ],
    "4": [
      86.93492720883533,
      91.81789658634538,
      92.96969126506023,
      91.82495607429719
    ],
    "5": [
      87.69939131526104,
      92.46893825301206,
      93.79110190763052,
      92.46893825301206
    ],
    "6": [
      89.33625125502007,
      92.58502761044177,
      93.76019703815261,
      92.58502761044177
    ],
    "7": [
      87.47317394578313,
      92.42171812248995,
      93.83502761044177,
      92.42171812248995
    ],
    "8": [
      88.66512926706828,
      92.47380145582329,
      93.56159011044177,
      92.53890562248995
    ],
    "9": [
      87.67444779116467,
      91.66321536144578,
      94.00649472891565,
      91.66321536144578
    ],
    "10": [
      88.171906375502,
      92.18844126506023,
      93.58982806224898,
      92.18844126506023
    ],
    "11": [
      88.65806977911646,
      92.6051079317269,
      93.72709588353413,
      92.65719126506023
    ],
    "12": [
      88.06397464859438,
      92.56118222891565,
      93.48456325301206,
      92.56118222891565
    ],
    "13": [
      88.20720381526104,
      92.53890562248995,
      93.64787274096385,
      92.53890562248995
    ],
    "14": [
      90.16691767068274,
      92.84654241967873,
      94.20290537148594,
      92.85956325301206
    ]
  }
}