{
  "cycle": 91,
  "n_archs": 15,
  "spearman_r": 0.42142857142857143,
  "spearman_p": 0.11769939585541649,
  "pearson_r": -0.2693444564144993,
  "pearson_p": 0.33166319887908474,
  "kendall_tau": 0.37142857142857144,
  "kendall_p": 0.058995845051235264,
  "bootstrap_ci_spearman": [
    -0.2459359165424739,
    0.911764705882353
  ],
  "spearman_r_ema": 0.7678571428571428,
  "spearman_p_ema": 0.0008293296291369939,
  "pearson_r_ema": 0.864127709745623,
  "pearson_p_ema": 3.266696239895737e-05,
  "kendall_tau_ema": 0.6190476190476191,
  "kendall_p_ema": 0.0008364083878716816,
  "bootstrap_ci_spearman_ema": [
    0.3392903390362581,
    0.9637023593466423
  ],
  "spearman_r_best": 0.2928571428571428,
  "spearman_p_best": 0.289471667212401,
  "pearson_r_best": -0.390796955057923,
  "pearson_p_best": 0.149791230475398,
  "kendall_tau_best": 0.2571428571428572,
  "kendall_p_best": 0.20184282422518202,
  "bootstrap_ci_spearman_best": [
    -0.36220317209348285,
    0.8618244514106583
  ],
  "mean_val_acc1": 87.99381902610442,
  "std_val_acc1": 1.722284257876677,
  "mean_ema_acc1": 91.9279409303882,
  "mean_best_val_acc1": 93.56428840361444,
  "per_arch": [
    {
      "arch_index": 0,
      "nas_quant_acc1": 10.0,
      "val_acc1": 91.2156438253012,
      "ema_acc1": 89.31350401606427,
      "best_val_acc1": 95.42419678714859,
      "best_ema_acc1": 92.39081325301206,
      "epochs_completed": 92,
      "nas_rank": 14,
      "val_rank": 0,
      "ema_rank": 14,
      "best_rank": 0
    },
    {
      "arch_index": 1,
      "nas_quant_acc1": 63.5,
      "val_acc1": 83.48221009036145,
      "ema_acc1": 90.33728664658635,
      "best_val_acc1": 91.75169427710844,
      "best_ema_acc1": 90.33728664658635,
      "epochs_completed": 92,
      "nas_rank": 13,
      "val_rank": 14,
      "ema_rank": 13,
      "best_rank": 14
    },
    {
      "arch_index": 2,
      "nas_quant_acc1": 68.25,
      "val_acc1": 86.93822163654619,
      "ema_acc1": 90.83098017068274,
      "best_val_acc1": 92.37669427710844,
      "best_ema_acc1": 90.83098017068274,
      "epochs_completed": 92,
      "nas_rank": 12,
      "val_rank": 12,
      "ema_rank": 12,
      "best_rank": 13
    },
    {
      "arch_index": 3,
      "nas_quant_acc1": 71.5,
      "val_acc1": 87.21981676706828,
      "ema_acc1": 92.26656626506023,
      "best_val_acc1": 93.33537274096385,
      "best_ema_acc1": 92.26656626506023,
      "epochs_completed": 92,
      "nas_rank": 11,
      "val_rank": 11,
      "ema_rank": 8,
      "best_rank": 11
    },
    {
      "arch_index": 4,
      "nas_quant_acc1": 74.0,
      "val_acc1": 86.93492720883533,
      "ema_acc1": 91.81789658634538,
      "best_val_acc1": 92.96969126506023,
      "best_ema_acc1": 91.82495607429719,
      "epochs_completed": 92,
      "nas_rank": 10,
      "val_rank": 13,
      "ema_rank": 10,
      "best_rank": 12
    },
    {
      "arch_index": 5,
      "nas_quant_acc1": 75.5,
      "val_acc1": 87.69939131526104,
      "ema_acc1": 92.46893825301206,
      "best_val_acc1": 93.79110190763052,
      "best_ema_acc1": 92.46893825301206,
      "epochs_completed": 92,
      "nas_rank": 9,
      "val_rank": 8,
      "ema_rank": 6,
      "best_rank": 4
    },
    {
      "arch_index": 6,
      "nas_quant_acc1": 76.5,
      "val_acc1": 89.33625125502007,
      "ema_acc1": 92.58502761044177,
      "best_val_acc1": 93.76019703815261,
      "best_ema_acc1": 92.58502761044177,
      "epochs_completed": 92,
      "nas_rank": 8,
      "val_rank": 2,
      "ema_rank": 2,
      "best_rank": 5
    },
    {
      "arch_index": 7,
      "nas_quant_acc1": 77.25,
      "val_acc1": 87.47317394578313,
      "ema_acc1": 92.42171812248995,
      "best_val_acc1": 93.83502761044177,
      "best_ema_acc1": 92.42171812248995,
      "epochs_completed": 92,
      "nas_rank": 7,
      "val_rank": 10,
      "ema_rank": 7,
      "best_rank": 3
    },
    {
      "arch_index": 8,
      "nas_quant_acc1": 78.0,
      "val_acc1": 88.66512926706828,
      "ema_acc1": 92.47380145582329,
      "best_val_acc1": 93.56159011044177,
      "best_ema_acc1": 92.53890562248995,
      "epochs_completed": 92,
      "nas_rank": 6,
      "val_rank": 3,
      "ema_rank": 5,
      "best_rank": 9
    },
    {
      "arch_index": 9,
      "nas_quant_acc1": 78.5,
      "val_acc1": 87.67444779116467,
      "ema_acc1": 91.66321536144578,
      "best_val_acc1": 94.00649472891565,
      "best_ema_acc1": 91.66321536144578,
      "epochs_completed": 92,
      "nas_rank": 5,
      "val_rank": 9,
      "ema_rank": 11,
      "best_rank": 2
    },
    {
      "arch_index": 10,
      "nas_quant_acc1": 79.0,
      "val_acc1": 88.171906375502,
      "ema_acc1": 92.18844126506023,
      "best_val_acc1": 93.58982806224898,
      "best_ema_acc1": 92.18844126506023,
      "epochs_completed": 92,
      "nas_rank": 4,
      "val_rank": 6,
      "ema_rank": 9,
      "best_rank": 8
    },
    {
      "arch_index": 11,
      "nas_quant_acc1": 79.75,
      "val_acc1": 88.65806977911646,
      "ema_acc1": 92.6051079317269,
      "best_val_acc1": 93.72709588353413,
      "best_ema_acc1": 92.65719126506023,
      "epochs_completed": 92,
      "nas_rank": 3,
      "val_rank": 4,
      "ema_rank": 1,
      "best_rank": 6
    },
    {
      "arch_index": 12,
      "nas_quant_acc1": 80.25,
      "val_acc1": 88.06397464859438,
      "ema_acc1": 92.56118222891565,
      "best_val_acc1": 93.48456325301206,
      "best_ema_acc1": 92.56118222891565,
      "epochs_completed": 92,
      "nas_rank": 2,
      "val_rank": 7,
      "ema_rank": 3,
      "best_rank": 10
    },
    {
      "arch_index": 13,
      "nas_quant_acc1": 81.25,
      "val_acc1": 88.20720381526104,
      "ema_acc1": 92.53890562248995,
      "best_val_acc1": 93.64787274096385,
      "best_ema_acc1": 92.53890562248995,
      "epochs_completed": 92,
      "nas_rank": 1,
      "val_rank": 5,
      "ema_rank": 4,
      "best_rank": 7
    },
    {
      "arch_index": 14,
      "nas_quant_acc1": 85.5,
      "val_acc1": 90.16691767068274,
      "ema_acc1": 92.84654241967873,
      "best_val_acc1": 94.20290537148594,
      "best_ema_acc1": 92.85956325301206,
      "epochs_completed": 92,
      "nas_rank": 0,
      "val_rank": 1,
      "ema_rank": 0,
      "best_rank": 1
    }
  ],
  "timestamp": "2026-06-03T23:44:19.316756"
}