{
  "cycle": 2,
  "completed_arch_indices": [
    0,
    1,
    2,
    3,
    4,
    5,
    7,
    8,
    9,
    10,
    11,
    12,
    13,
    14
  ],
  "cycle_val_results": {
    "0": [
      63.60032232939319,
      38.872168473442144,
      63.60032232939319,
      38.872168473442144
    ],
    "1": [
      58.28789795188569,
      58.52315921994329,
      58.28789795188569,
      58.52315921994329
    ],
    "2": [
      64.47476670307972,
      63.868091839383936,
      64.47476670307972,
      63.868091839383936
    ],
    "3": [
      66.3899979915646,
      66.28543198506904,
      66.3899979915646,
      66.28543198506904
    ],
    "4": [
      65.97961584998458,
      65.7017835886332,
      65.97961584998458,
      65.7017835886332
    ],
    "5": [
      63.69177668157484,
      63.661826500570676,
      63.69177668157484,
      63.661826500570676
    ],
    "7": [
      63.186119261875504,
      62.70606988375563,
      63.186119261875504,
      62.70606988375563
    ],
    "8": [
      62.93128995439378,
      62.42933981257866,
      62.93128995439378,
      62.42933981257866
    ],
    "9": [
      66.41375141447743,
      66.33322393075308,
      66.41375141447743,
      66.33322393075308
    ],
    "10": [
      57.616114510211176,
      57.25841314006631,
      57.616114510211176,
      57.25841314006631
    ],
    "11": [
      62.889411626391784,
      62.078381886851574,
      62.889411626391784,
      62.078381886851574
    ],
    "12": [
      65.41206824761552,
      65.61420600669148,
      65.41206824761552,
      65.61420600669148
    ],
    "13": [
      65.13620229353526,
      64.63109156016247,
      65.13620229353526,
      64.63109156016247
    ],
    "14": [
      64.48164534949228,
      64.42516716550979,
      64.48164534949228,
      64.42516716550979
    ]
  }
}