{
  "cycle": 84,
  "completed_arch_indices": [
    0,
    1,
    2,
    3,
    4,
    5,
    6,
    7,
    8,
    9,
    10,
    11,
    12,
    13,
    14
  ],
  "cycle_val_results": {
    "0": [
      90.60099774096385,
      89.69001004016064,
      95.42419678714859,
      92.39081325301206
    ],
    "1": [
      87.76292670682732,
      89.94666164658635,
      91.75169427710844,
      89.97866465863453
    ],
    "2": [
      87.02120983935743,
      90.60852786144578,
      92.13416164658635,
      90.60852786144578
    ],
    "3": [
      90.00847138554217,
      91.84880145582329,
      92.80528363453816,
      91.84880145582329
    ],
    "4": [
      88.8816202309237,
      91.6676079317269,
      92.63491465863453,
      91.6996109437751
    ],
    "5": [
      90.64868850401606,
      92.41685491967873,
      93.6750125502008,
      92.42391440763052
    ],
    "6": [
      88.93637048192771,
      92.36963478915662,
      93.76019703815261,
      92.36963478915662
    ],
    "7": [
      90.03231676706828,
      92.34955446787149,
      93.70042670682732,
      92.36257530120481
    ],
    "8": [
      90.32206952811245,
      92.34359312248995,
      93.43247991967873,
      92.38971511044177
    ],
    "9": [
      90.29006651606427,
      91.33063504016064,
      94.00649472891565,
      91.33063504016064
    ],
    "10": [
      90.2320218373494,
      92.00395331325302,
      93.43138177710844,
      92.06309613453816
    ],
    "11": [
      91.39573920682732,
      92.41575677710844,
      93.72709588353413,
      92.50690261044177
    ],
    "12": [
      90.41321536144578,
      92.31974774096385,
      93.39341741967873,
      92.33276857429719
    ],
    "13": [
      90.29712600401606,
      92.3707329317269,
      93.55186370481927,
      92.44289658634538
    ],
    "14": [
      90.21351029116467,
      92.65719126506023,
      94.20290537148594,
      92.65719126506023
    ]
  }
}