{
  "cycle": 84,
  "n_archs": 15,
  "spearman_r": 0.4035714285714285,
  "spearman_p": 0.13576799650365623,
  "pearson_r": 0.045751574702935414,
  "pearson_p": 0.8713798431787232,
  "kendall_tau": 0.3142857142857143,
  "kendall_p": 0.11424717239544455,
  "bootstrap_ci_spearman": [
    -0.20656127392105053,
    0.8722916474175361
  ],
  "spearman_r_ema": 0.6964285714285713,
  "spearman_p_ema": 0.003921190506879554,
  "pearson_r_ema": 0.7798627301800156,
  "pearson_p_ema": 0.0006059864540026521,
  "kendall_tau_ema": 0.5238095238095238,
  "kendall_p_ema": 0.005901586283902752,
  "bootstrap_ci_spearman_ema": [
    0.16726522101751465,
    0.9456546308672069
  ],
  "spearman_r_best": 0.3214285714285714,
  "spearman_p_best": 0.24271904680166836,
  "pearson_r_best": -0.38391158871811976,
  "pearson_p_best": 0.15773787905527228,
  "kendall_tau_best": 0.2761904761904762,
  "kendall_p_best": 0.16857787367749338,
  "bootstrap_ci_spearman_best": [
    -0.3357667581865666,
    0.8761440635866865
  ],
  "mean_val_acc1": 89.80375669344043,
  "std_val_acc1": 1.1637260152417306,
  "mean_ema_acc1": 91.75595088688085,
  "mean_best_val_acc1": 93.4421017402945,
  "per_arch": [
    {
      "arch_index": 0,
      "nas_quant_acc1": 10.0,
      "val_acc1": 90.60099774096385,
      "ema_acc1": 89.69001004016064,
      "best_val_acc1": 95.42419678714859,
      "best_ema_acc1": 92.39081325301206,
      "epochs_completed": 85,
      "nas_rank": 14,
      "val_rank": 2,
      "ema_rank": 14,
      "best_rank": 0
    },
    {
      "arch_index": 1,
      "nas_quant_acc1": 63.5,
      "val_acc1": 87.76292670682732,
      "ema_acc1": 89.94666164658635,
      "best_val_acc1": 91.75169427710844,
      "best_ema_acc1": 89.97866465863453,
      "epochs_completed": 85,
      "nas_rank": 13,
      "val_rank": 13,
      "ema_rank": 13,
      "best_rank": 14
    },
    {
      "arch_index": 2,
      "nas_quant_acc1": 68.25,
      "val_acc1": 87.02120983935743,
      "ema_acc1": 90.60852786144578,
      "best_val_acc1": 92.13416164658635,
      "best_ema_acc1": 90.60852786144578,
      "epochs_completed": 85,
      "nas_rank": 12,
      "val_rank": 14,
      "ema_rank": 12,
      "best_rank": 13
    },
    {
      "arch_index": 3,
      "nas_quant_acc1": 71.5,
      "val_acc1": 90.00847138554217,
      "ema_acc1": 91.84880145582329,
      "best_val_acc1": 92.80528363453816,
      "best_ema_acc1": 91.84880145582329,
      "epochs_completed": 85,
      "nas_rank": 11,
      "val_rank": 10,
      "ema_rank": 9,
      "best_rank": 11
    },
    {
      "arch_index": 4,
      "nas_quant_acc1": 74.0,
      "val_acc1": 88.8816202309237,
      "ema_acc1": 91.6676079317269,
      "best_val_acc1": 92.63491465863453,
      "best_ema_acc1": 91.6996109437751,
      "epochs_completed": 85,
      "nas_rank": 10,
      "val_rank": 12,
      "ema_rank": 10,
      "best_rank": 12
    },
    {
      "arch_index": 5,
      "nas_quant_acc1": 75.5,
      "val_acc1": 90.64868850401606,
      "ema_acc1": 92.41685491967873,
      "best_val_acc1": 93.6750125502008,
      "best_ema_acc1": 92.42391440763052,
      "epochs_completed": 85,
      "nas_rank": 9,
      "val_rank": 1,
      "ema_rank": 1,
      "best_rank": 6
    },
    {
      "arch_index": 6,
      "nas_quant_acc1": 76.5,
      "val_acc1": 88.93637048192771,
      "ema_acc1": 92.36963478915662,
      "best_val_acc1": 93.76019703815261,
      "best_ema_acc1": 92.36963478915662,
      "epochs_completed": 85,
      "nas_rank": 8,
      "val_rank": 11,
      "ema_rank": 4,
      "best_rank": 3
    },
    {
      "arch_index": 7,
      "nas_quant_acc1": 77.25,
      "val_acc1": 90.03231676706828,
      "ema_acc1": 92.34955446787149,
      "best_val_acc1": 93.70042670682732,
      "best_ema_acc1": 92.36257530120481,
      "epochs_completed": 85,
      "nas_rank": 7,
      "val_rank": 9,
      "ema_rank": 5,
      "best_rank": 5
    },
    {
      "arch_index": 8,
      "nas_quant_acc1": 78.0,
      "val_acc1": 90.32206952811245,
      "ema_acc1": 92.34359312248995,
      "best_val_acc1": 93.43247991967873,
      "best_ema_acc1": 92.38971511044177,
      "epochs_completed": 85,
      "nas_rank": 6,
      "val_rank": 4,
      "ema_rank": 6,
      "best_rank": 8
    },
    {
      "arch_index": 9,
      "nas_quant_acc1": 78.5,
      "val_acc1": 90.29006651606427,
      "ema_acc1": 91.33063504016064,
      "best_val_acc1": 94.00649472891565,
      "best_ema_acc1": 91.33063504016064,
      "epochs_completed": 85,
      "nas_rank": 5,
      "val_rank": 6,
      "ema_rank": 11,
      "best_rank": 2
    },
    {
      "arch_index": 10,
      "nas_quant_acc1": 79.0,
      "val_acc1": 90.2320218373494,
      "ema_acc1": 92.00395331325302,
      "best_val_acc1": 93.43138177710844,
      "best_ema_acc1": 92.06309613453816,
      "epochs_completed": 85,
      "nas_rank": 4,
      "val_rank": 7,
      "ema_rank": 8,
      "best_rank": 9
    },
    {
      "arch_index": 11,
      "nas_quant_acc1": 79.75,
      "val_acc1": 91.39573920682732,
      "ema_acc1": 92.41575677710844,
      "best_val_acc1": 93.72709588353413,
      "best_ema_acc1": 92.50690261044177,
      "epochs_completed": 85,
      "nas_rank": 3,
      "val_rank": 0,
      "ema_rank": 2,
      "best_rank": 4
    },
    {
      "arch_index": 12,
      "nas_quant_acc1": 80.25,
      "val_acc1": 90.41321536144578,
      "ema_acc1": 92.31974774096385,
      "best_val_acc1": 93.39341741967873,
      "best_ema_acc1": 92.33276857429719,
      "epochs_completed": 85,
      "nas_rank": 2,
      "val_rank": 3,
      "ema_rank": 7,
      "best_rank": 10
    },
    {
      "arch_index": 13,
      "nas_quant_acc1": 81.25,
      "val_acc1": 90.29712600401606,
      "ema_acc1": 92.3707329317269,
      "best_val_acc1": 93.55186370481927,
      "best_ema_acc1": 92.44289658634538,
      "epochs_completed": 85,
      "nas_rank": 1,
      "val_rank": 5,
      "ema_rank": 3,
      "best_rank": 7
    },
    {
      "arch_index": 14,
      "nas_quant_acc1": 85.5,
      "val_acc1": 90.21351029116467,
      "ema_acc1": 92.65719126506023,
      "best_val_acc1": 94.20290537148594,
      "best_ema_acc1": 92.65719126506023,
      "epochs_completed": 85,
      "nas_rank": 0,
      "val_rank": 8,
      "ema_rank": 0,
      "best_rank": 1
    }
  ],
  "timestamp": "2026-06-03T23:09:05.318711"
}