{
  "cycle": 120,
  "completed_arch_indices": [
    0,
    1,
    2,
    3,
    4,
    5,
    6,
    7,
    8,
    9,
    10,
    11,
    12,
    13,
    14
  ],
  "cycle_val_results": {
    "0": [
      95.52726531124497,
      92.35284889558233,
      95.79583960843372,
      92.39081325301206
    ],
    "1": [
      91.73537901606427,
      91.60736696787149,
      92.26546812248995,
      91.62038780120481
    ],
    "2": [
      92.76998619477912,
      91.99799196787149,
      92.76998619477912,
      91.99799196787149
    ],
    "3": [
      93.39341741967873,
      93.11511671686748,
      93.49272088353413,
      93.11511671686748
    ],
    "4": [
      93.11888177710844,
      92.74127761044177,
      93.22414658634538,
      92.7542984437751
    ],
    "5": [
      94.22784889558233,
      93.70811370481927,
      94.22784889558233,
      93.70811370481927
    ],
    "6": [
      94.11772088353413,
      93.53178338353413,
      94.11772088353413,
      93.53178338353413
    ],
    "7": [
      93.95817645582329,
      93.66575677710844,
      93.95817645582329,
      93.66575677710844
    ],
    "8": [
      93.73901857429719,
      93.36031626506023,
      93.73901857429719,
      93.3863579317269
    ],
    "9": [
      94.11662274096385,
      93.67061997991968,
      94.33091741967873,
      93.67061997991968
    ],
    "10": [
      94.21263177710844,
      93.43247991967873,
      94.21263177710844,
      93.43247991967873
    ],
    "11": [
      93.97339357429719,
      93.78404241967873,
      94.0894829317269,
      93.78404241967873
    ],
    "12": [
      93.90828940763052,
      93.57084588353413,
      93.90828940763052,
      93.57084588353413
    ],
    "13": [
      93.6207329317269,
      93.57680722891565,
      93.96256902610442,
      93.57680722891565
    ],
    "14": [
      94.05747991967873,
      93.86922690763052,
      94.35209588353413,
      93.90232806224898
    ]
  }
}