{
  "cycle": 53,
  "completed_arch_indices": [
    0,
    1,
    2,
    3,
    4,
    5,
    6,
    7,
    8,
    9,
    10,
    11,
    12,
    13,
    14
  ],
  "cycle_val_results": {
    "0": [
      86.22521335341365,
      92.01320908634538,
      95.06933985943776,
      92.39081325301206
    ],
    "1": [
      86.84817394578313,
      88.79753388554217,
      91.31494728915662,
      88.79753388554217
    ],
    "2": [
      87.33261169678714,
      89.30534638554217,
      91.62525100401606,
      89.30534638554217
    ],
    "3": [
      89.12681977911646,
      91.02142946787149,
      92.32241465863453,
      91.02142946787149
    ],
    "4": [
      88.65320657630521,
      90.64978664658635,
      92.29041164658635,
      90.68288780120481
    ],
    "5": [
      90.7788968373494,
      91.78259914658635,
      93.59092620481927,
      91.78259914658635
    ],
    "6": [
      88.820281124498,
      91.49614081325302,
      93.5968875502008,
      91.49614081325302
    ],
    "7": [
      89.47948042168674,
      91.57912901606427,
      93.34400100401606,
      91.57912901606427
    ],
    "8": [
      89.47681350401606,
      91.39197414658635,
      92.9176079317269,
      91.39197414658635
    ],
    "9": [
      89.79041164658635,
      88.86640311244979,
      93.32941139558233,
      88.86640311244979
    ],
    "10": [
      89.42300451807229,
      91.41801581325302,
      93.28925075301206,
      91.41801581325302
    ],
    "11": [
      88.97982555220884,
      91.37895331325302,
      93.38855421686748,
      91.37895331325302
    ],
    "12": [
      89.49140311244979,
      91.38005145582329,
      93.01691139558233,
      91.38005145582329
    ],
    "13": [
      88.79533760040161,
      91.4890813253012,
      93.22414658634538,
      91.4890813253012
    ],
    "14": [
      89.91732555220884,
      91.92912274096385,
      93.56974774096385,
      91.92912274096385
    ]
  }
}