{
  "cycle": 53,
  "n_archs": 15,
  "spearman_r": 0.5892857142857142,
  "spearman_p": 0.020794358483161638,
  "pearson_r": 0.7505273102203387,
  "pearson_p": 0.0012652000877943872,
  "kendall_tau": 0.4476190476190477,
  "kendall_p": 0.020790615322361355,
  "bootstrap_ci_spearman": [
    -0.01986389266964805,
    0.9304061112562023
  ],
  "spearman_r_ema": 0.2178571428571428,
  "spearman_p_ema": 0.43539267351553756,
  "pearson_r_ema": -0.058683441365216235,
  "pearson_p_ema": 0.8354318300171674,
  "kendall_tau_ema": 0.18095238095238098,
  "kendall_p_ema": 0.3794503959627968,
  "bootstrap_ci_spearman_ema": [
    -0.4442514358138934,
    0.81354531922758
  ],
  "spearman_r_best": 0.2178571428571428,
  "spearman_p_best": 0.43539267351553756,
  "pearson_r_best": -0.38077707330995003,
  "pearson_p_best": 0.16144668764321687,
  "kendall_tau_best": 0.18095238095238098,
  "kendall_p_best": 0.3794503959627968,
  "bootstrap_ci_spearman_best": [
    -0.4487051597051597,
    0.8254703557312252
  ],
  "mean_val_acc1": 88.8759203480589,
  "std_val_acc1": 1.2129762187574638,
  "mean_ema_acc1": 90.96658509036145,
  "mean_best_val_acc1": 93.05932061579651,
  "per_arch": [
    {
      "arch_index": 0,
      "nas_quant_acc1": 10.0,
      "val_acc1": 86.22521335341365,
      "ema_acc1": 92.01320908634538,
      "best_val_acc1": 95.06933985943776,
      "best_ema_acc1": 92.39081325301206,
      "epochs_completed": 54,
      "nas_rank": 14,
      "val_rank": 14,
      "ema_rank": 0,
      "best_rank": 0
    },
    {
      "arch_index": 1,
      "nas_quant_acc1": 63.5,
      "val_acc1": 86.84817394578313,
      "ema_acc1": 88.79753388554217,
      "best_val_acc1": 91.31494728915662,
      "best_ema_acc1": 88.79753388554217,
      "epochs_completed": 54,
      "nas_rank": 13,
      "val_rank": 13,
      "ema_rank": 14,
      "best_rank": 14
    },
    {
      "arch_index": 2,
      "nas_quant_acc1": 68.25,
      "val_acc1": 87.33261169678714,
      "ema_acc1": 89.30534638554217,
      "best_val_acc1": 91.62525100401606,
      "best_ema_acc1": 89.30534638554217,
      "epochs_completed": 54,
      "nas_rank": 12,
      "val_rank": 12,
      "ema_rank": 12,
      "best_rank": 13
    },
    {
      "arch_index": 3,
      "nas_quant_acc1": 71.5,
      "val_acc1": 89.12681977911646,
      "ema_acc1": 91.02142946787149,
      "best_val_acc1": 92.32241465863453,
      "best_ema_acc1": 91.02142946787149,
      "epochs_completed": 54,
      "nas_rank": 11,
      "val_rank": 7,
      "ema_rank": 10,
      "best_rank": 11
    },
    {
      "arch_index": 4,
      "nas_quant_acc1": 74.0,
      "val_acc1": 88.65320657630521,
      "ema_acc1": 90.64978664658635,
      "best_val_acc1": 92.29041164658635,
      "best_ema_acc1": 90.68288780120481,
      "epochs_completed": 54,
      "nas_rank": 10,
      "val_rank": 11,
      "ema_rank": 11,
      "best_rank": 12
    },
    {
      "arch_index": 5,
      "nas_quant_acc1": 75.5,
      "val_acc1": 90.7788968373494,
      "ema_acc1": 91.78259914658635,
      "best_val_acc1": 93.59092620481927,
      "best_ema_acc1": 91.78259914658635,
      "epochs_completed": 54,
      "nas_rank": 9,
      "val_rank": 0,
      "ema_rank": 2,
      "best_rank": 2
    },
    {
      "arch_index": 6,
      "nas_quant_acc1": 76.5,
      "val_acc1": 88.820281124498,
      "ema_acc1": 91.49614081325302,
      "best_val_acc1": 93.5968875502008,
      "best_ema_acc1": 91.49614081325302,
      "epochs_completed": 54,
      "nas_rank": 8,
      "val_rank": 9,
      "ema_rank": 4,
      "best_rank": 1
    },
    {
      "arch_index": 7,
      "nas_quant_acc1": 77.25,
      "val_acc1": 89.47948042168674,
      "ema_acc1": 91.57912901606427,
      "best_val_acc1": 93.34400100401606,
      "best_ema_acc1": 91.57912901606427,
      "epochs_completed": 54,
      "nas_rank": 7,
      "val_rank": 4,
      "ema_rank": 3,
      "best_rank": 5
    },
    {
      "arch_index": 8,
      "nas_quant_acc1": 78.0,
      "val_acc1": 89.47681350401606,
      "ema_acc1": 91.39197414658635,
      "best_val_acc1": 92.9176079317269,
      "best_ema_acc1": 91.39197414658635,
      "epochs_completed": 54,
      "nas_rank": 6,
      "val_rank": 5,
      "ema_rank": 7,
      "best_rank": 10
    },
    {
      "arch_index": 9,
      "nas_quant_acc1": 78.5,
      "val_acc1": 89.79041164658635,
      "ema_acc1": 88.86640311244979,
      "best_val_acc1": 93.32941139558233,
      "best_ema_acc1": 88.86640311244979,
      "epochs_completed": 54,
      "nas_rank": 5,
      "val_rank": 2,
      "ema_rank": 13,
      "best_rank": 6
    },
    {
      "arch_index": 10,
      "nas_quant_acc1": 79.0,
      "val_acc1": 89.42300451807229,
      "ema_acc1": 91.41801581325302,
      "best_val_acc1": 93.28925075301206,
      "best_ema_acc1": 91.41801581325302,
      "epochs_completed": 54,
      "nas_rank": 4,
      "val_rank": 6,
      "ema_rank": 6,
      "best_rank": 7
    },
    {
      "arch_index": 11,
      "nas_quant_acc1": 79.75,
      "val_acc1": 88.97982555220884,
      "ema_acc1": 91.37895331325302,
      "best_val_acc1": 93.38855421686748,
      "best_ema_acc1": 91.37895331325302,
      "epochs_completed": 54,
      "nas_rank": 3,
      "val_rank": 8,
      "ema_rank": 9,
      "best_rank": 4
    },
    {
      "arch_index": 12,
      "nas_quant_acc1": 80.25,
      "val_acc1": 89.49140311244979,
      "ema_acc1": 91.38005145582329,
      "best_val_acc1": 93.01691139558233,
      "best_ema_acc1": 91.38005145582329,
      "epochs_completed": 54,
      "nas_rank": 2,
      "val_rank": 3,
      "ema_rank": 8,
      "best_rank": 9
    },
    {
      "arch_index": 13,
      "nas_quant_acc1": 81.25,
      "val_acc1": 88.79533760040161,
      "ema_acc1": 91.4890813253012,
      "best_val_acc1": 93.22414658634538,
      "best_ema_acc1": 91.4890813253012,
      "epochs_completed": 54,
      "nas_rank": 1,
      "val_rank": 10,
      "ema_rank": 5,
      "best_rank": 8
    },
    {
      "arch_index": 14,
      "nas_quant_acc1": 85.5,
      "val_acc1": 89.91732555220884,
      "ema_acc1": 91.92912274096385,
      "best_val_acc1": 93.56974774096385,
      "best_ema_acc1": 91.92912274096385,
      "epochs_completed": 54,
      "nas_rank": 0,
      "val_rank": 1,
      "ema_rank": 1,
      "best_rank": 3
    }
  ],
  "timestamp": "2026-06-03T19:18:36.337899"
}