{
  "cycle": 48,
  "completed_arch_indices": [
    0,
    1,
    2,
    3,
    4,
    5,
    6,
    7,
    8,
    9,
    10,
    11,
    12,
    13,
    14
  ],
  "cycle_val_results": {
    "0": [
      94.03253639558233,
      92.17651857429719,
      94.50944402610442,
      92.39081325301206
    ],
    "1": [
      90.36928965863453,
      88.26964106425703,
      90.93844126506023,
      88.26964106425703
    ],
    "2": [
      90.84400100401606,
      88.83659638554217,
      91.3328313253012,
      88.83659638554217
    ],
    "3": [
      91.98606927710844,
      90.56460215863453,
      92.32241465863453,
      90.56460215863453
    ],
    "4": [
      91.17548318273093,
      90.16205446787149,
      91.95296812248995,
      90.16205446787149
    ],
    "5": [
      92.96106300200803,
      91.62038780120481,
      93.44550075301206,
      91.62038780120481
    ],
    "6": [
      93.05487575301206,
      91.2156438253012,
      93.1058609437751,
      91.2156438253012
    ],
    "7": [
      92.97941767068274,
      91.1695218373494,
      92.99134036144578,
      91.1695218373494
    ],
    "8": [
      92.30343247991968,
      90.9742093373494,
      92.60071536144578,
      90.9742093373494
    ],
    "9": [
      92.7375125502008,
      87.97502510040161,
      93.18618222891565,
      87.97502510040161
    ],
    "10": [
      92.52588478915662,
      91.26882530120481,
      93.14602158634538,
      91.26882530120481
    ],
    "11": [
      92.57639934738955,
      91.09955446787149,
      93.08797690763052,
      91.09955446787149
    ],
    "12": [
      92.63601280120481,
      91.01436997991968,
      93.01691139558233,
      91.01436997991968
    ],
    "13": [
      92.71413780120481,
      91.0913968373494,
      93.02993222891565,
      91.0913968373494
    ],
    "14": [
      92.53404241967873,
      91.75389056224898,
      93.56974774096385,
      91.79295306224898
    ]
  }
}