{
  "cycle": 48,
  "n_archs": 15,
  "spearman_r": 0.16785714285714282,
  "spearman_p": 0.5498555542278019,
  "pearson_r": -0.2629319630994381,
  "pearson_p": 0.3437445890807472,
  "kendall_tau": 0.14285714285714288,
  "kendall_p": 0.4950508526248027,
  "bootstrap_ci_spearman": [
    -0.509179942543745,
    0.795256141661885
  ],
  "spearman_r_ema": 0.21428571428571427,
  "spearman_p_ema": 0.44314093482351424,
  "pearson_r_ema": -0.14310186367718108,
  "pearson_p_ema": 0.6109057727554031,
  "kendall_tau_ema": 0.1619047619047619,
  "kendall_p_ema": 0.43511891093211363,
  "bootstrap_ci_spearman_ema": [
    -0.4200916163893799,
    0.7902689666799999
  ],
  "spearman_r_best": 0.34642857142857136,
  "spearman_p_best": 0.2058959920935512,
  "pearson_r_best": -0.2730451268996723,
  "pearson_p_best": 0.32480235835810267,
  "kendall_tau_best": 0.2761904761904762,
  "kendall_p_best": 0.16857787367749338,
  "bootstrap_ci_spearman_best": [
    -0.31648441269039035,
    0.8907153502235468
  ],
  "mean_val_acc1": 92.36201054216868,
  "std_val_acc1": 0.9366032478285021,
  "mean_ema_acc1": 90.6128158467202,
  "mean_best_val_acc1": 92.81575259370815,
  "per_arch": [
    {
      "arch_index": 0,
      "nas_quant_acc1": 10.0,
      "val_acc1": 94.03253639558233,
      "ema_acc1": 92.17651857429719,
      "best_val_acc1": 94.50944402610442,
      "best_ema_acc1": 92.39081325301206,
      "epochs_completed": 49,
      "nas_rank": 14,
      "val_rank": 0,
      "ema_rank": 0,
      "best_rank": 0
    },
    {
      "arch_index": 1,
      "nas_quant_acc1": 63.5,
      "val_acc1": 90.36928965863453,
      "ema_acc1": 88.26964106425703,
      "best_val_acc1": 90.93844126506023,
      "best_ema_acc1": 88.26964106425703,
      "epochs_completed": 49,
      "nas_rank": 13,
      "val_rank": 14,
      "ema_rank": 13,
      "best_rank": 14
    },
    {
      "arch_index": 2,
      "nas_quant_acc1": 68.25,
      "val_acc1": 90.84400100401606,
      "ema_acc1": 88.83659638554217,
      "best_val_acc1": 91.3328313253012,
      "best_ema_acc1": 88.83659638554217,
      "epochs_completed": 49,
      "nas_rank": 12,
      "val_rank": 13,
      "ema_rank": 12,
      "best_rank": 13
    },
    {
      "arch_index": 3,
      "nas_quant_acc1": 71.5,
      "val_acc1": 91.98606927710844,
      "ema_acc1": 90.56460215863453,
      "best_val_acc1": 92.32241465863453,
      "best_ema_acc1": 90.56460215863453,
      "epochs_completed": 49,
      "nas_rank": 11,
      "val_rank": 11,
      "ema_rank": 10,
      "best_rank": 11
    },
    {
      "arch_index": 4,
      "nas_quant_acc1": 74.0,
      "val_acc1": 91.17548318273093,
      "ema_acc1": 90.16205446787149,
      "best_val_acc1": 91.95296812248995,
      "best_ema_acc1": 90.16205446787149,
      "epochs_completed": 49,
      "nas_rank": 10,
      "val_rank": 12,
      "ema_rank": 11,
      "best_rank": 12
    },
    {
      "arch_index": 5,
      "nas_quant_acc1": 75.5,
      "val_acc1": 92.96106300200803,
      "ema_acc1": 91.62038780120481,
      "best_val_acc1": 93.44550075301206,
      "best_ema_acc1": 91.62038780120481,
      "epochs_completed": 49,
      "nas_rank": 9,
      "val_rank": 3,
      "ema_rank": 2,
      "best_rank": 2
    },
    {
      "arch_index": 6,
      "nas_quant_acc1": 76.5,
      "val_acc1": 93.05487575301206,
      "ema_acc1": 91.2156438253012,
      "best_val_acc1": 93.1058609437751,
      "best_ema_acc1": 91.2156438253012,
      "epochs_completed": 49,
      "nas_rank": 8,
      "val_rank": 1,
      "ema_rank": 4,
      "best_rank": 5
    },
    {
      "arch_index": 7,
      "nas_quant_acc1": 77.25,
      "val_acc1": 92.97941767068274,
      "ema_acc1": 91.1695218373494,
      "best_val_acc1": 92.99134036144578,
      "best_ema_acc1": 91.1695218373494,
      "epochs_completed": 49,
      "nas_rank": 7,
      "val_rank": 2,
      "ema_rank": 5,
      "best_rank": 9
    },
    {
      "arch_index": 8,
      "nas_quant_acc1": 78.0,
      "val_acc1": 92.30343247991968,
      "ema_acc1": 90.9742093373494,
      "best_val_acc1": 92.60071536144578,
      "best_ema_acc1": 90.9742093373494,
      "epochs_completed": 49,
      "nas_rank": 6,
      "val_rank": 10,
      "ema_rank": 9,
      "best_rank": 10
    },
    {
      "arch_index": 9,
      "nas_quant_acc1": 78.5,
      "val_acc1": 92.7375125502008,
      "ema_acc1": 87.97502510040161,
      "best_val_acc1": 93.18618222891565,
      "best_ema_acc1": 87.97502510040161,
      "epochs_completed": 49,
      "nas_rank": 5,
      "val_rank": 4,
      "ema_rank": 14,
      "best_rank": 3
    },
    {
      "arch_index": 10,
      "nas_quant_acc1": 79.0,
      "val_acc1": 92.52588478915662,
      "ema_acc1": 91.26882530120481,
      "best_val_acc1": 93.14602158634538,
      "best_ema_acc1": 91.26882530120481,
      "epochs_completed": 49,
      "nas_rank": 4,
      "val_rank": 9,
      "ema_rank": 3,
      "best_rank": 4
    },
    {
      "arch_index": 11,
      "nas_quant_acc1": 79.75,
      "val_acc1": 92.57639934738955,
      "ema_acc1": 91.09955446787149,
      "best_val_acc1": 93.08797690763052,
      "best_ema_acc1": 91.09955446787149,
      "epochs_completed": 49,
      "nas_rank": 3,
      "val_rank": 7,
      "ema_rank": 6,
      "best_rank": 6
    },
    {
      "arch_index": 12,
      "nas_quant_acc1": 80.25,
      "val_acc1": 92.63601280120481,
      "ema_acc1": 91.01436997991968,
      "best_val_acc1": 93.01691139558233,
      "best_ema_acc1": 91.01436997991968,
      "epochs_completed": 49,
      "nas_rank": 2,
      "val_rank": 6,
      "ema_rank": 8,
      "best_rank": 8
    },
    {
      "arch_index": 13,
      "nas_quant_acc1": 81.25,
      "val_acc1": 92.71413780120481,
      "ema_acc1": 91.0913968373494,
      "best_val_acc1": 93.02993222891565,
      "best_ema_acc1": 91.0913968373494,
      "epochs_completed": 49,
      "nas_rank": 1,
      "val_rank": 5,
      "ema_rank": 7,
      "best_rank": 7
    },
    {
      "arch_index": 14,
      "nas_quant_acc1": 85.5,
      "val_acc1": 92.53404241967873,
      "ema_acc1": 91.75389056224898,
      "best_val_acc1": 93.56974774096385,
      "best_ema_acc1": 91.79295306224898,
      "epochs_completed": 49,
      "nas_rank": 0,
      "val_rank": 8,
      "ema_rank": 1,
      "best_rank": 1
    }
  ],
  "timestamp": "2026-06-03T18:49:11.136332"
}