{
  "cycle": 88,
  "completed_arch_indices": [
    0,
    1,
    2,
    3,
    4,
    5,
    6,
    7,
    8,
    9,
    10,
    11,
    12,
    13,
    14
  ],
  "cycle_val_results": {
    "0": [
      94.18172690763052,
      89.21529869477912,
      95.42419678714859,
      92.39081325301206
    ],
    "1": [
      91.29267068273093,
      90.12895331325302,
      91.75169427710844,
      90.12895331325302
    ],
    "2": [
      91.14567645582329,
      90.73873619477912,
      92.13416164658635,
      90.73873619477912
    ],
    "3": [
      92.7933609437751,
      92.06419427710844,
      92.80528363453816,
      92.06419427710844
    ],
    "4": [
      92.11031626506023,
      91.73381024096385,
      92.63491465863453,
      91.73381024096385
    ],
    "5": [
      93.05597389558233,
      92.37779241967873,
      93.6750125502008,
      92.42391440763052
    ],
    "6": [
      93.00875376506023,
      92.53294427710844,
      93.76019703815261,
      92.53294427710844
    ],
    "7": [
      92.7222954317269,
      92.30453062248995,
      93.70042670682732,
      92.36257530120481
    ],
    "8": [
      92.50690261044177,
      92.44775978915662,
      93.43247991967873,
      92.47380145582329
    ],
    "9": [
      93.19214357429719,
      91.57206952811245,
      94.00649472891565,
      91.57206952811245
    ],
    "10": [
      93.11401857429719,
      92.10325677710844,
      93.43138177710844,
      92.10325677710844
    ],
    "11": [
      92.96969126506023,
      92.6441704317269,
      93.72709588353413,
      92.6441704317269
    ],
    "12": [
      93.05597389558233,
      92.44995607429719,
      93.39341741967873,
      92.44995607429719
    ],
    "13": [
      92.84058107429719,
      92.46784011044177,
      93.55186370481927,
      92.46784011044177
    ],
    "14": [
      93.69509287148594,
      92.72935491967873,
      94.20290537148594,
      92.72935491967873
    ]
  }
}