{
  "cycle": 88,
  "n_archs": 15,
  "spearman_r": 0.3771225813304585,
  "spearman_p": 0.1658432175058251,
  "pearson_r": -0.24034200705961323,
  "pearson_p": 0.3882271611666925,
  "kendall_tau": 0.2870846258816073,
  "kendall_p": 0.1371637754520923,
  "bootstrap_ci_spearman": [
    -0.2773811510920135,
    0.859736558178839
  ],
  "spearman_r_ema": 0.7964285714285713,
  "spearman_p_ema": 0.00038046767853463354,
  "pearson_r_ema": 0.8562751006695943,
  "pearson_p_ema": 4.61437838482558e-05,
  "kendall_tau_ema": 0.6571428571428571,
  "kendall_p_ema": 0.00033037090163412914,
  "bootstrap_ci_spearman_ema": [
    0.3912767300560247,
    0.9708042492654194
  ],
  "spearman_r_best": 0.3214285714285714,
  "spearman_p_best": 0.24271904680166836,
  "pearson_r_best": -0.38391158871811976,
  "pearson_p_best": 0.15773787905527228,
  "kendall_tau_best": 0.2761904761904762,
  "kendall_p_best": 0.16857787367749338,
  "bootstrap_ci_spearman_best": [
    -0.3357667581865666,
    0.8761440635866865
  ],
  "mean_val_acc1": 92.77901188085677,
  "std_val_acc1": 0.7900127689275149,
  "mean_ema_acc1": 91.83404451137886,
  "mean_best_val_acc1": 93.4421017402945,
  "per_arch": [
    {
      "arch_index": 0,
      "nas_quant_acc1": 10.0,
      "val_acc1": 94.18172690763052,
      "ema_acc1": 89.21529869477912,
      "best_val_acc1": 95.42419678714859,
      "best_ema_acc1": 92.39081325301206,
      "epochs_completed": 89,
      "nas_rank": 14,
      "val_rank": 0,
      "ema_rank": 14,
      "best_rank": 0
    },
    {
      "arch_index": 1,
      "nas_quant_acc1": 63.5,
      "val_acc1": 91.29267068273093,
      "ema_acc1": 90.12895331325302,
      "best_val_acc1": 91.75169427710844,
      "best_ema_acc1": 90.12895331325302,
      "epochs_completed": 89,
      "nas_rank": 13,
      "val_rank": 13,
      "ema_rank": 13,
      "best_rank": 14
    },
    {
      "arch_index": 2,
      "nas_quant_acc1": 68.25,
      "val_acc1": 91.14567645582329,
      "ema_acc1": 90.73873619477912,
      "best_val_acc1": 92.13416164658635,
      "best_ema_acc1": 90.73873619477912,
      "epochs_completed": 89,
      "nas_rank": 12,
      "val_rank": 14,
      "ema_rank": 12,
      "best_rank": 13
    },
    {
      "arch_index": 3,
      "nas_quant_acc1": 71.5,
      "val_acc1": 92.7933609437751,
      "ema_acc1": 92.06419427710844,
      "best_val_acc1": 92.80528363453816,
      "best_ema_acc1": 92.06419427710844,
      "epochs_completed": 89,
      "nas_rank": 11,
      "val_rank": 9,
      "ema_rank": 9,
      "best_rank": 11
    },
    {
      "arch_index": 4,
      "nas_quant_acc1": 74.0,
      "val_acc1": 92.11031626506023,
      "ema_acc1": 91.73381024096385,
      "best_val_acc1": 92.63491465863453,
      "best_ema_acc1": 91.73381024096385,
      "epochs_completed": 89,
      "nas_rank": 10,
      "val_rank": 12,
      "ema_rank": 10,
      "best_rank": 12
    },
    {
      "arch_index": 5,
      "nas_quant_acc1": 75.5,
      "val_acc1": 93.05597389558233,
      "ema_acc1": 92.37779241967873,
      "best_val_acc1": 93.6750125502008,
      "best_ema_acc1": 92.42391440763052,
      "epochs_completed": 89,
      "nas_rank": 9,
      "val_rank": 5,
      "ema_rank": 6,
      "best_rank": 6
    },
    {
      "arch_index": 6,
      "nas_quant_acc1": 76.5,
      "val_acc1": 93.00875376506023,
      "ema_acc1": 92.53294427710844,
      "best_val_acc1": 93.76019703815261,
      "best_ema_acc1": 92.53294427710844,
      "epochs_completed": 89,
      "nas_rank": 8,
      "val_rank": 6,
      "ema_rank": 2,
      "best_rank": 3
    },
    {
      "arch_index": 7,
      "nas_quant_acc1": 77.25,
      "val_acc1": 92.7222954317269,
      "ema_acc1": 92.30453062248995,
      "best_val_acc1": 93.70042670682732,
      "best_ema_acc1": 92.36257530120481,
      "epochs_completed": 89,
      "nas_rank": 7,
      "val_rank": 10,
      "ema_rank": 7,
      "best_rank": 5
    },
    {
      "arch_index": 8,
      "nas_quant_acc1": 78.0,
      "val_acc1": 92.50690261044177,
      "ema_acc1": 92.44775978915662,
      "best_val_acc1": 93.43247991967873,
      "best_ema_acc1": 92.47380145582329,
      "epochs_completed": 89,
      "nas_rank": 6,
      "val_rank": 11,
      "ema_rank": 5,
      "best_rank": 8
    },
    {
      "arch_index": 9,
      "nas_quant_acc1": 78.5,
      "val_acc1": 93.19214357429719,
      "ema_acc1": 91.57206952811245,
      "best_val_acc1": 94.00649472891565,
      "best_ema_acc1": 91.57206952811245,
      "epochs_completed": 89,
      "nas_rank": 5,
      "val_rank": 2,
      "ema_rank": 11,
      "best_rank": 2
    },
    {
      "arch_index": 10,
      "nas_quant_acc1": 79.0,
      "val_acc1": 93.11401857429719,
      "ema_acc1": 92.10325677710844,
      "best_val_acc1": 93.43138177710844,
      "best_ema_acc1": 92.10325677710844,
      "epochs_completed": 89,
      "nas_rank": 4,
      "val_rank": 3,
      "ema_rank": 8,
      "best_rank": 9
    },
    {
      "arch_index": 11,
      "nas_quant_acc1": 79.75,
      "val_acc1": 92.96969126506023,
      "ema_acc1": 92.6441704317269,
      "best_val_acc1": 93.72709588353413,
      "best_ema_acc1": 92.6441704317269,
      "epochs_completed": 89,
      "nas_rank": 3,
      "val_rank": 7,
      "ema_rank": 1,
      "best_rank": 4
    },
    {
      "arch_index": 12,
      "nas_quant_acc1": 80.25,
      "val_acc1": 93.05597389558233,
      "ema_acc1": 92.44995607429719,
      "best_val_acc1": 93.39341741967873,
      "best_ema_acc1": 92.44995607429719,
      "epochs_completed": 89,
      "nas_rank": 2,
      "val_rank": 4,
      "ema_rank": 4,
      "best_rank": 10
    },
    {
      "arch_index": 13,
      "nas_quant_acc1": 81.25,
      "val_acc1": 92.84058107429719,
      "ema_acc1": 92.46784011044177,
      "best_val_acc1": 93.55186370481927,
      "best_ema_acc1": 92.46784011044177,
      "epochs_completed": 89,
      "nas_rank": 1,
      "val_rank": 8,
      "ema_rank": 3,
      "best_rank": 7
    },
    {
      "arch_index": 14,
      "nas_quant_acc1": 85.5,
      "val_acc1": 93.69509287148594,
      "ema_acc1": 92.72935491967873,
      "best_val_acc1": 94.20290537148594,
      "best_ema_acc1": 92.72935491967873,
      "epochs_completed": 89,
      "nas_rank": 0,
      "val_rank": 1,
      "ema_rank": 0,
      "best_rank": 1
    }
  ],
  "timestamp": "2026-06-03T23:29:10.484015"
}