{
  "cycle": 126,
  "completed_arch_indices": [
    0,
    1,
    2,
    3,
    4,
    5,
    6,
    7,
    8,
    9,
    10,
    11,
    12,
    13,
    14
  ],
  "cycle_val_results": {
    "0": [
      93.22634287148594,
      93.08421184738955,
      95.79583960843372,
      93.08421184738955
    ],
    "1": [
      89.85708458835342,
      91.63340863453816,
      92.26546812248995,
      91.69851280120481
    ],
    "2": [
      90.53526606425703,
      92.39567645582329,
      92.76998619477912,
      92.39567645582329
    ],
    "3": [
      92.06199799196787,
      93.38855421686748,
      93.49272088353413,
      93.38855421686748
    ],
    "4": [
      90.68178965863453,
      92.96969126506023,
      93.22414658634538,
      93.02177459839358
    ],
    "5": [
      92.34578940763052,
      93.9093875502008,
      94.22784889558233,
      93.9093875502008
    ],
    "6": [
      91.99093247991968,
      93.76615838353413,
      94.11772088353413,
      93.76615838353413
    ],
    "7": [
      91.71200426706828,
      93.58057228915662,
      93.95817645582329,
      93.66575677710844
    ],
    "8": [
      92.00505145582329,
      93.44550075301206,
      93.73901857429719,
      93.49758408634538
    ],
    "9": [
      92.21934613453816,
      94.01841741967873,
      94.33091741967873,
      94.01841741967873
    ],
    "10": [
      91.6312123493976,
      93.65383408634538,
      94.21263177710844,
      93.71297690763052
    ],
    "11": [
      91.44076305220884,
      93.79706325301206,
      94.0894829317269,
      93.85620607429719
    ],
    "12": [
      92.10811997991968,
      93.72709588353413,
      93.90828940763052,
      93.72709588353413
    ],
    "13": [
      92.49388177710844,
      93.72113453815261,
      93.96256902610442,
      93.72113453815261
    ],
    "14": [
      92.62895331325302,
      94.01951556224898,
      94.35209588353413,
      94.01951556224898
    ]
  }
}