{
  "cycle": 126,
  "n_archs": 15,
  "spearman_r": 0.3214285714285714,
  "spearman_p": 0.24271904680166836,
  "pearson_r": -0.21413250342340023,
  "pearson_p": 0.4434748685439058,
  "kendall_tau": 0.2761904761904762,
  "kendall_p": 0.16857787367749338,
  "bootstrap_ci_spearman": [
    -0.38086527293844363,
    0.8901149125097935
  ],
  "spearman_r_ema": 0.7321428571428571,
  "spearman_p_ema": 0.0019129636009785611,
  "pearson_r_ema": 0.3939225646451626,
  "pearson_p_ema": 0.1462740614396166,
  "kendall_tau_ema": 0.5428571428571429,
  "kendall_p_ema": 0.00414288160001619,
  "bootstrap_ci_spearman_ema": [
    0.2617374650665791,
    0.923913043478261
  ],
  "spearman_r_best": 0.3428571428571428,
  "spearman_p_best": 0.21092379341475206,
  "pearson_r_best": -0.4288817563117705,
  "pearson_p_best": 0.11067363089830666,
  "kendall_tau_best": 0.2761904761904762,
  "kendall_p_best": 0.16857787367749338,
  "bootstrap_ci_spearman_best": [
    -0.3126198795997237,
    0.8866596498485435
  ],
  "mean_val_acc1": 91.79590235943776,
  "std_val_acc1": 0.8745940846162131,
  "mean_ema_acc1": 93.40734814257029,
  "mean_best_val_acc1": 93.89646084337349,
  "per_arch": [
    {
      "arch_index": 0,
      "nas_quant_acc1": 10.0,
      "val_acc1": 93.22634287148594,
      "ema_acc1": 93.08421184738955,
      "best_val_acc1": 95.79583960843372,
      "best_ema_acc1": 93.08421184738955,
      "epochs_completed": 127,
      "nas_rank": 14,
      "val_rank": 0,
      "ema_rank": 11,
      "best_rank": 0
    },
    {
      "arch_index": 1,
      "nas_quant_acc1": 63.5,
      "val_acc1": 89.85708458835342,
      "ema_acc1": 91.63340863453816,
      "best_val_acc1": 92.26546812248995,
      "best_ema_acc1": 91.69851280120481,
      "epochs_completed": 127,
      "nas_rank": 13,
      "val_rank": 14,
      "ema_rank": 14,
      "best_rank": 14
    },
    {
      "arch_index": 2,
      "nas_quant_acc1": 68.25,
      "val_acc1": 90.53526606425703,
      "ema_acc1": 92.39567645582329,
      "best_val_acc1": 92.76998619477912,
      "best_ema_acc1": 92.39567645582329,
      "epochs_completed": 127,
      "nas_rank": 12,
      "val_rank": 13,
      "ema_rank": 13,
      "best_rank": 13
    },
    {
      "arch_index": 3,
      "nas_quant_acc1": 71.5,
      "val_acc1": 92.06199799196787,
      "ema_acc1": 93.38855421686748,
      "best_val_acc1": 93.49272088353413,
      "best_ema_acc1": 93.38855421686748,
      "epochs_completed": 127,
      "nas_rank": 11,
      "val_rank": 6,
      "ema_rank": 10,
      "best_rank": 11
    },
    {
      "arch_index": 4,
      "nas_quant_acc1": 74.0,
      "val_acc1": 90.68178965863453,
      "ema_acc1": 92.96969126506023,
      "best_val_acc1": 93.22414658634538,
      "best_ema_acc1": 93.02177459839358,
      "epochs_completed": 127,
      "nas_rank": 10,
      "val_rank": 12,
      "ema_rank": 12,
      "best_rank": 12
    },
    {
      "arch_index": 5,
      "nas_quant_acc1": 75.5,
      "val_acc1": 92.34578940763052,
      "ema_acc1": 93.9093875502008,
      "best_val_acc1": 94.22784889558233,
      "best_ema_acc1": 93.9093875502008,
      "epochs_completed": 127,
      "nas_rank": 9,
      "val_rank": 3,
      "ema_rank": 2,
      "best_rank": 3
    },
    {
      "arch_index": 6,
      "nas_quant_acc1": 76.5,
      "val_acc1": 91.99093247991968,
      "ema_acc1": 93.76615838353413,
      "best_val_acc1": 94.11772088353413,
      "best_ema_acc1": 93.76615838353413,
      "epochs_completed": 127,
      "nas_rank": 8,
      "val_rank": 8,
      "ema_rank": 4,
      "best_rank": 5
    },
    {
      "arch_index": 7,
      "nas_quant_acc1": 77.25,
      "val_acc1": 91.71200426706828,
      "ema_acc1": 93.58057228915662,
      "best_val_acc1": 93.95817645582329,
      "best_ema_acc1": 93.66575677710844,
      "epochs_completed": 127,
      "nas_rank": 7,
      "val_rank": 9,
      "ema_rank": 8,
      "best_rank": 8
    },
    {
      "arch_index": 8,
      "nas_quant_acc1": 78.0,
      "val_acc1": 92.00505145582329,
      "ema_acc1": 93.44550075301206,
      "best_val_acc1": 93.73901857429719,
      "best_ema_acc1": 93.49758408634538,
      "epochs_completed": 127,
      "nas_rank": 6,
      "val_rank": 7,
      "ema_rank": 9,
      "best_rank": 10
    },
    {
      "arch_index": 9,
      "nas_quant_acc1": 78.5,
      "val_acc1": 92.21934613453816,
      "ema_acc1": 94.01841741967873,
      "best_val_acc1": 94.33091741967873,
      "best_ema_acc1": 94.01841741967873,
      "epochs_completed": 127,
      "nas_rank": 5,
      "val_rank": 4,
      "ema_rank": 1,
      "best_rank": 2
    },
    {
      "arch_index": 10,
      "nas_quant_acc1": 79.0,
      "val_acc1": 91.6312123493976,
      "ema_acc1": 93.65383408634538,
      "best_val_acc1": 94.21263177710844,
      "best_ema_acc1": 93.71297690763052,
      "epochs_completed": 127,
      "nas_rank": 4,
      "val_rank": 10,
      "ema_rank": 7,
      "best_rank": 4
    },
    {
      "arch_index": 11,
      "nas_quant_acc1": 79.75,
      "val_acc1": 91.44076305220884,
      "ema_acc1": 93.79706325301206,
      "best_val_acc1": 94.0894829317269,
      "best_ema_acc1": 93.85620607429719,
      "epochs_completed": 127,
      "nas_rank": 3,
      "val_rank": 11,
      "ema_rank": 3,
      "best_rank": 6
    },
    {
      "arch_index": 12,
      "nas_quant_acc1": 80.25,
      "val_acc1": 92.10811997991968,
      "ema_acc1": 93.72709588353413,
      "best_val_acc1": 93.90828940763052,
      "best_ema_acc1": 93.72709588353413,
      "epochs_completed": 127,
      "nas_rank": 2,
      "val_rank": 5,
      "ema_rank": 5,
      "best_rank": 9
    },
    {
      "arch_index": 13,
      "nas_quant_acc1": 81.25,
      "val_acc1": 92.49388177710844,
      "ema_acc1": 93.72113453815261,
      "best_val_acc1": 93.96256902610442,
      "best_ema_acc1": 93.72113453815261,
      "epochs_completed": 127,
      "nas_rank": 1,
      "val_rank": 2,
      "ema_rank": 6,
      "best_rank": 7
    },
    {
      "arch_index": 14,
      "nas_quant_acc1": 85.5,
      "val_acc1": 92.62895331325302,
      "ema_acc1": 94.01951556224898,
      "best_val_acc1": 94.35209588353413,
      "best_ema_acc1": 94.01951556224898,
      "epochs_completed": 127,
      "nas_rank": 0,
      "val_rank": 1,
      "ema_rank": 0,
      "best_rank": 1
    }
  ],
  "timestamp": "2026-06-04T07:25:48.900210"
}