{
  "cycle": 3,
  "completed_arch_indices": [
    0,
    1,
    2,
    3,
    4,
    5,
    7,
    8,
    9,
    10,
    11,
    12,
    13,
    14
  ],
  "cycle_val_results": {
    "0": [
      64.08216852242829,
      50.57456438995004,
      64.08216852242829,
      50.57456438995004
    ],
    "1": [
      58.36422927515075,
      59.87114955985877,
      58.36422927515075,
      59.87114955985877
    ],
    "2": [
      64.28696721351629,
      65.30576322995606,
      64.47476670307972,
      65.30576322995606
    ],
    "3": [
      67.43217219639556,
      67.66171285251724,
      67.43217219639556,
      67.66171285251724
    ],
    "4": [
      66.5939776328874,
      67.01836787678987,
      66.5939776328874,
      67.01836787678987
    ],
    "5": [
      63.84056255786495,
      64.95984206839456,
      63.84056255786495,
      64.95984206839456
    ],
    "7": [
      63.36408329618538,
      64.236424201157,
      63.36408329618538,
      64.236424201157
    ],
    "8": [
      62.768744825829486,
      63.84989835357281,
      62.93128995439378,
      63.84989835357281
    ],
    "9": [
      66.89904329892867,
      67.66534077270875,
      66.89904329892867,
      67.66534077270875
    ],
    "10": [
      57.512753564972904,
      58.838742229559294,
      57.616114510211176,
      58.838742229559294
    ],
    "11": [
      63.19462523084768,
      63.611317778572506,
      63.19462523084768,
      63.611317778572506
    ],
    "12": [
      65.12644619597432,
      66.79982266984754,
      65.41206824761552,
      66.79982266984754
    ],
    "13": [
      65.19183987381149,
      66.17461337617999,
      65.19183987381149,
      66.17461337617999
    ],
    "14": [
      65.01563836405585,
      65.6695927774703,
      65.01563836405585,
      65.6695927774703
    ]
  }
}