{
  "cycle": 3,
  "n_archs": 14,
  "spearman_r": 0.10781084631673665,
  "spearman_p": 0.713728121579053,
  "pearson_r": 0.06820692207881338,
  "pearson_p": 0.8167853835310583,
  "kendall_tau": 0.022099784804393195,
  "kendall_p": 0.9126836080591444,
  "bootstrap_ci_spearman": [
    -0.4977859371394749,
    0.5835332422096967
  ],
  "spearman_r_ema": 0.27942811188215416,
  "spearman_p_ema": 0.3332909251378404,
  "pearson_r_ema": 0.7816939751440549,
  "pearson_p_ema": 0.0009584380191446874,
  "kendall_tau_ema": 0.13259870882635919,
  "kendall_p_ema": 0.5105861174296338,
  "bootstrap_ci_spearman_ema": [
    -0.36611246796925057,
    0.7472283813747229
  ],
  "spearman_r_best": 0.10341040360993106,
  "spearman_p_best": 0.7249905123330244,
  "pearson_r_best": 0.07328120692387277,
  "pearson_p_best": 0.8033895816851713,
  "kendall_tau_best": 0.0,
  "kendall_p_best": 1.0,
  "bootstrap_ci_spearman_best": [
    -0.4686237053357014,
    0.561105655000869
  ],
  "mean_val_acc1": 63.83380371777493,
  "std_val_acc1": 2.865940223405238,
  "mean_ema_acc1": 63.73122515260962,
  "mean_best_val_acc1": 63.88661283313258,
  "per_arch": [
    {
      "arch_index": 0,
      "nas_quant_acc1": 59.333333333333336,
      "val_acc1": 64.08216852242829,
      "ema_acc1": 50.57456438995004,
      "best_val_acc1": 64.08216852242829,
      "best_ema_acc1": 50.57456438995004,
      "epochs_completed": 4,
      "nas_rank": 13,
      "val_rank": 7,
      "ema_rank": 13,
      "best_rank": 7
    },
    {
      "arch_index": 1,
      "nas_quant_acc1": 78.66666666666667,
      "val_acc1": 58.36422927515075,
      "ema_acc1": 59.87114955985877,
      "best_val_acc1": 58.36422927515075,
      "best_ema_acc1": 59.87114955985877,
      "epochs_completed": 4,
      "nas_rank": 12,
      "val_rank": 12,
      "ema_rank": 11,
      "best_rank": 12
    },
    {
      "arch_index": 2,
      "nas_quant_acc1": 80.66666666666667,
      "val_acc1": 64.28696721351629,
      "ema_acc1": 65.30576322995606,
      "best_val_acc1": 64.47476670307972,
      "best_ema_acc1": 65.30576322995606,
      "epochs_completed": 4,
      "nas_rank": 11,
      "val_rank": 6,
      "ema_rank": 6,
      "best_rank": 6
    },
    {
      "arch_index": 3,
      "nas_quant_acc1": 81.33333333333333,
      "val_acc1": 67.43217219639556,
      "ema_acc1": 67.66171285251724,
      "best_val_acc1": 67.43217219639556,
      "best_ema_acc1": 67.66171285251724,
      "epochs_completed": 4,
      "nas_rank": 10,
      "val_rank": 0,
      "ema_rank": 1,
      "best_rank": 0
    },
    {
      "arch_index": 4,
      "nas_quant_acc1": 82.0,
      "val_acc1": 66.5939776328874,
      "ema_acc1": 67.01836787678987,
      "best_val_acc1": 66.5939776328874,
      "best_ema_acc1": 67.01836787678987,
      "epochs_completed": 4,
      "nas_rank": 9,
      "val_rank": 2,
      "ema_rank": 2,
      "best_rank": 2
    },
    {
      "arch_index": 5,
      "nas_quant_acc1": 82.66666666666667,
      "val_acc1": 63.84056255786495,
      "ema_acc1": 64.95984206839456,
      "best_val_acc1": 63.84056255786495,
      "best_ema_acc1": 64.95984206839456,
      "epochs_completed": 4,
      "nas_rank": 8,
      "val_rank": 8,
      "ema_rank": 7,
      "best_rank": 8
    },
    {
      "arch_index": 7,
      "nas_quant_acc1": 84.0,
      "val_acc1": 63.36408329618538,
      "ema_acc1": 64.236424201157,
      "best_val_acc1": 63.36408329618538,
      "best_ema_acc1": 64.236424201157,
      "epochs_completed": 4,
      "nas_rank": 7,
      "val_rank": 9,
      "ema_rank": 8,
      "best_rank": 9
    },
    {
      "arch_index": 8,
      "nas_quant_acc1": 84.66666666666667,
      "val_acc1": 62.768744825829486,
      "ema_acc1": 63.84989835357281,
      "best_val_acc1": 62.93128995439378,
      "best_ema_acc1": 63.84989835357281,
      "epochs_completed": 4,
      "nas_rank": 6,
      "val_rank": 11,
      "ema_rank": 9,
      "best_rank": 11
    },
    {
      "arch_index": 9,
      "nas_quant_acc1": 85.33333333333333,
      "val_acc1": 66.89904329892867,
      "ema_acc1": 67.66534077270875,
      "best_val_acc1": 66.89904329892867,
      "best_ema_acc1": 67.66534077270875,
      "epochs_completed": 4,
      "nas_rank": 5,
      "val_rank": 1,
      "ema_rank": 0,
      "best_rank": 1
    },
    {
      "arch_index": 10,
      "nas_quant_acc1": 85.33333333333333,
      "val_acc1": 57.512753564972904,
      "ema_acc1": 58.838742229559294,
      "best_val_acc1": 57.616114510211176,
      "best_ema_acc1": 58.838742229559294,
      "epochs_completed": 4,
      "nas_rank": 4,
      "val_rank": 13,
      "ema_rank": 12,
      "best_rank": 13
    },
    {
      "arch_index": 11,
      "nas_quant_acc1": 86.0,
      "val_acc1": 63.19462523084768,
      "ema_acc1": 63.611317778572506,
      "best_val_acc1": 63.19462523084768,
      "best_ema_acc1": 63.611317778572506,
      "epochs_completed": 4,
      "nas_rank": 3,
      "val_rank": 10,
      "ema_rank": 10,
      "best_rank": 10
    },
    {
      "arch_index": 12,
      "nas_quant_acc1": 86.66666666666667,
      "val_acc1": 65.12644619597432,
      "ema_acc1": 66.79982266984754,
      "best_val_acc1": 65.41206824761552,
      "best_ema_acc1": 66.79982266984754,
      "epochs_completed": 4,
      "nas_rank": 2,
      "val_rank": 4,
      "ema_rank": 3,
      "best_rank": 3
    },
    {
      "arch_index": 13,
      "nas_quant_acc1": 88.0,
      "val_acc1": 65.19183987381149,
      "ema_acc1": 66.17461337617999,
      "best_val_acc1": 65.19183987381149,
      "best_ema_acc1": 66.17461337617999,
      "epochs_completed": 4,
      "nas_rank": 1,
      "val_rank": 3,
      "ema_rank": 4,
      "best_rank": 4
    },
    {
      "arch_index": 14,
      "nas_quant_acc1": 92.66666666666667,
      "val_acc1": 65.01563836405585,
      "ema_acc1": 65.6695927774703,
      "best_val_acc1": 65.01563836405585,
      "best_ema_acc1": 65.6695927774703,
      "epochs_completed": 4,
      "nas_rank": 0,
      "val_rank": 5,
      "ema_rank": 5,
      "best_rank": 5
    }
  ],
  "timestamp": "2026-04-25T20:01:02.272903"
}