{
  "cycle": 4,
  "completed_arch_indices": [
    0,
    1,
    2,
    3,
    4,
    5,
    7,
    8,
    9,
    10,
    11,
    12,
    13,
    14
  ],
  "cycle_val_results": {
    "0": [
      64.04397395892019,
      58.02271001621439,
      64.08216852242829,
      58.02271001621439
    ],
    "1": [
      59.035956872523144,
      60.604471463071754,
      59.035956872523144,
      60.604471463071754
    ],
    "2": [
      65.19736552055217,
      66.2013000945434,
      65.19736552055217,
      66.2013000945434
    ],
    "3": [
      67.41657106187449,
      68.49116337397554,
      67.43217219639556,
      68.49116337397554
    ],
    "4": [
      66.77068957915922,
      67.86448743258266,
      66.77068957915922,
      67.86448743258266
    ],
    "5": [
      64.52310337564106,
      65.75871636482982,
      64.52310337564106,
      65.75871636482982
    ],
    "7": [
      62.91729262904197,
      65.16279887723562,
      63.36408329618538,
      65.16279887723562
    ],
    "8": [
      63.166300412953966,
      64.70625211253119,
      63.166300412953966,
      64.70625211253119
    ],
    "9": [
      67.12485512322485,
      68.4412121152744,
      67.12485512322485,
      68.4412121152744
    ],
    "10": [
      58.13037881051635,
      59.820276380309416,
      58.13037881051635,
      59.820276380309416
    ],
    "11": [
      63.90985651933242,
      64.58996370120363,
      63.90985651933242,
      64.58996370120363
    ],
    "12": [
      65.69303954658345,
      67.54725554646593,
      65.69303954658345,
      67.54725554646593
    ],
    "13": [
      65.8819520032919,
      67.09067449140055,
      65.8819520032919,
      67.09067449140055
    ],
    "14": [
      65.02918109719363,
      66.41986881487617,
      65.02918109719363,
      66.41986881487617
    ]
  }
}