{
  "cycle": 4,
  "n_archs": 14,
  "spearman_r": 0.10341040360993106,
  "spearman_p": 0.7249905123330244,
  "pearson_r": 0.09755790974840996,
  "pearson_p": 0.7400493531929809,
  "kendall_tau": 0.06629935441317959,
  "kendall_p": 0.7421839102908943,
  "bootstrap_ci_spearman": [
    -0.4593424256664389,
    0.5804222053171034
  ],
  "spearman_r_ema": 0.2552256769947235,
  "spearman_p_ema": 0.3785080525439305,
  "pearson_r_ema": 0.617402098660351,
  "pearson_p_ema": 0.018648927697755214,
  "kendall_tau_ema": 0.11049892402196598,
  "kendall_p_ema": 0.5835057661545309,
  "bootstrap_ci_spearman_ema": [
    -0.4131255973806764,
    0.7432908430820772
  ],
  "spearman_r_best": 0.09900996090312549,
  "spearman_p_best": 0.7363048257178262,
  "pearson_r_best": 0.09682053545439942,
  "pearson_p_best": 0.7419529392286982,
  "kendall_tau_best": 0.04419956960878639,
  "kendall_p_best": 0.82640978682081,
  "bootstrap_ci_spearman_best": [
    -0.44446308724832206,
    0.5685399690160555
  ],
  "mean_val_acc1": 64.20289403648634,
  "std_val_acc1": 2.7551948478480295,
  "mean_ema_acc1": 65.05151077032247,
  "mean_best_val_acc1": 64.23865020542723,
  "per_arch": [
    {
      "arch_index": 0,
      "nas_quant_acc1": 59.333333333333336,
      "val_acc1": 64.04397395892019,
      "ema_acc1": 58.02271001621439,
      "best_val_acc1": 64.08216852242829,
      "best_ema_acc1": 58.02271001621439,
      "epochs_completed": 5,
      "nas_rank": 13,
      "val_rank": 8,
      "ema_rank": 13,
      "best_rank": 8
    },
    {
      "arch_index": 1,
      "nas_quant_acc1": 78.66666666666667,
      "val_acc1": 59.035956872523144,
      "ema_acc1": 60.604471463071754,
      "best_val_acc1": 59.035956872523144,
      "best_ema_acc1": 60.604471463071754,
      "epochs_completed": 5,
      "nas_rank": 12,
      "val_rank": 12,
      "ema_rank": 11,
      "best_rank": 12
    },
    {
      "arch_index": 2,
      "nas_quant_acc1": 80.66666666666667,
      "val_acc1": 65.19736552055217,
      "ema_acc1": 66.2013000945434,
      "best_val_acc1": 65.19736552055217,
      "best_ema_acc1": 66.2013000945434,
      "epochs_completed": 5,
      "nas_rank": 11,
      "val_rank": 5,
      "ema_rank": 6,
      "best_rank": 5
    },
    {
      "arch_index": 3,
      "nas_quant_acc1": 81.33333333333333,
      "val_acc1": 67.41657106187449,
      "ema_acc1": 68.49116337397554,
      "best_val_acc1": 67.43217219639556,
      "best_ema_acc1": 68.49116337397554,
      "epochs_completed": 5,
      "nas_rank": 10,
      "val_rank": 0,
      "ema_rank": 0,
      "best_rank": 0
    },
    {
      "arch_index": 4,
      "nas_quant_acc1": 82.0,
      "val_acc1": 66.77068957915922,
      "ema_acc1": 67.86448743258266,
      "best_val_acc1": 66.77068957915922,
      "best_ema_acc1": 67.86448743258266,
      "epochs_completed": 5,
      "nas_rank": 9,
      "val_rank": 2,
      "ema_rank": 2,
      "best_rank": 2
    },
    {
      "arch_index": 5,
      "nas_quant_acc1": 82.66666666666667,
      "val_acc1": 64.52310337564106,
      "ema_acc1": 65.75871636482982,
      "best_val_acc1": 64.52310337564106,
      "best_ema_acc1": 65.75871636482982,
      "epochs_completed": 5,
      "nas_rank": 8,
      "val_rank": 7,
      "ema_rank": 7,
      "best_rank": 7
    },
    {
      "arch_index": 7,
      "nas_quant_acc1": 84.0,
      "val_acc1": 62.91729262904197,
      "ema_acc1": 65.16279887723562,
      "best_val_acc1": 63.36408329618538,
      "best_ema_acc1": 65.16279887723562,
      "epochs_completed": 5,
      "nas_rank": 7,
      "val_rank": 11,
      "ema_rank": 8,
      "best_rank": 10
    },
    {
      "arch_index": 8,
      "nas_quant_acc1": 84.66666666666667,
      "val_acc1": 63.166300412953966,
      "ema_acc1": 64.70625211253119,
      "best_val_acc1": 63.166300412953966,
      "best_ema_acc1": 64.70625211253119,
      "epochs_completed": 5,
      "nas_rank": 6,
      "val_rank": 10,
      "ema_rank": 9,
      "best_rank": 11
    },
    {
      "arch_index": 9,
      "nas_quant_acc1": 85.33333333333333,
      "val_acc1": 67.12485512322485,
      "ema_acc1": 68.4412121152744,
      "best_val_acc1": 67.12485512322485,
      "best_ema_acc1": 68.4412121152744,
      "epochs_completed": 5,
      "nas_rank": 5,
      "val_rank": 1,
      "ema_rank": 1,
      "best_rank": 1
    },
    {
      "arch_index": 10,
      "nas_quant_acc1": 85.33333333333333,
      "val_acc1": 58.13037881051635,
      "ema_acc1": 59.820276380309416,
      "best_val_acc1": 58.13037881051635,
      "best_ema_acc1": 59.820276380309416,
      "epochs_completed": 5,
      "nas_rank": 4,
      "val_rank": 13,
      "ema_rank": 12,
      "best_rank": 13
    },
    {
      "arch_index": 11,
      "nas_quant_acc1": 86.0,
      "val_acc1": 63.90985651933242,
      "ema_acc1": 64.58996370120363,
      "best_val_acc1": 63.90985651933242,
      "best_ema_acc1": 64.58996370120363,
      "epochs_completed": 5,
      "nas_rank": 3,
      "val_rank": 9,
      "ema_rank": 10,
      "best_rank": 9
    },
    {
      "arch_index": 12,
      "nas_quant_acc1": 86.66666666666667,
      "val_acc1": 65.69303954658345,
      "ema_acc1": 67.54725554646593,
      "best_val_acc1": 65.69303954658345,
      "best_ema_acc1": 67.54725554646593,
      "epochs_completed": 5,
      "nas_rank": 2,
      "val_rank": 4,
      "ema_rank": 3,
      "best_rank": 4
    },
    {
      "arch_index": 13,
      "nas_quant_acc1": 88.0,
      "val_acc1": 65.8819520032919,
      "ema_acc1": 67.09067449140055,
      "best_val_acc1": 65.8819520032919,
      "best_ema_acc1": 67.09067449140055,
      "epochs_completed": 5,
      "nas_rank": 1,
      "val_rank": 3,
      "ema_rank": 4,
      "best_rank": 3
    },
    {
      "arch_index": 14,
      "nas_quant_acc1": 92.66666666666667,
      "val_acc1": 65.02918109719363,
      "ema_acc1": 66.41986881487617,
      "best_val_acc1": 65.02918109719363,
      "best_ema_acc1": 66.41986881487617,
      "epochs_completed": 5,
      "nas_rank": 0,
      "val_rank": 6,
      "ema_rank": 5,
      "best_rank": 6
    }
  ],
  "timestamp": "2026-04-26T04:56:54.546500"
}