{
  "cycle": 35,
  "completed_arch_indices": [
    0,
    1,
    2,
    3,
    4,
    5,
    6,
    7,
    8,
    9,
    10,
    11,
    12,
    13,
    14
  ],
  "cycle_val_results": {
    "0": [
      90.39799824297188,
      91.52547690763052,
      94.50944402610442,
      91.52547690763052
    ],
    "1": [
      87.69342996987953,
      85.68979041164658,
      90.47455446787149,
      85.68979041164658
    ],
    "2": [
      87.53608182730925,
      86.4613140060241,
      90.9671498493976,
      86.4613140060241
    ],
    "3": [
      90.3730547188755,
      88.7405873493976,
      92.05980170682732,
      88.7405873493976
    ],
    "4": [
      87.80685240963855,
      88.53225401606427,
      91.61928965863453,
      88.53225401606427
    ],
    "5": [
      91.84770331325302,
      90.13491465863453,
      93.12703940763052,
      90.13491465863453
    ],
    "6": [
      89.61831701807229,
      89.63682856425703,
      92.67507530120481,
      89.63682856425703
    ],
    "7": [
      91.01217369477912,
      89.50065888554217,
      92.55302459839358,
      89.50065888554217
    ],
    "8": [
      90.43815888554217,
      89.18219754016064,
      92.53184613453816,
      89.18219754016064
    ],
    "9": [
      90.0925577309237,
      80.41792168674698,
      92.57200677710844,
      80.41792168674698
    ],
    "10": [
      89.3964922188755,
      89.31020958835342,
      92.90678338353413,
      89.31020958835342
    ],
    "11": [
      90.60146837349399,
      89.80453062248995,
      92.71037274096385,
      89.80453062248995
    ],
    "12": [
      90.37038780120481,
      89.74915286144578,
      92.47380145582329,
      89.74915286144578
    ],
    "13": [
      90.3953313253012,
      89.43178965863453,
      92.47003639558233,
      89.43178965863453
    ],
    "14": [
      90.35407254016064,
      90.68618222891565,
      93.25128639558233,
      90.68618222891565
    ]
  }
}