{
  "cycle": 35,
  "n_archs": 15,
  "spearman_r": 0.22499999999999998,
  "spearman_p": 0.420104686907635,
  "pearson_r": 0.07792835682369817,
  "pearson_p": 0.7825090664136812,
  "kendall_tau": 0.14285714285714288,
  "kendall_p": 0.4950508526248027,
  "bootstrap_ci_spearman": [
    -0.3494631255102248,
    0.7122170889220067
  ],
  "spearman_r_ema": 0.2785714285714285,
  "spearman_p_ema": 0.3147094732307908,
  "pearson_r_ema": -0.18332704704018266,
  "pearson_p_ema": 0.5131092157894345,
  "kendall_tau_ema": 0.23809523809523814,
  "kendall_p_ema": 0.23945881568583288,
  "bootstrap_ci_spearman_ema": [
    -0.3820908162167976,
    0.8511931290469734
  ],
  "spearman_r_best": 0.28928571428571426,
  "spearman_p_best": 0.29566536100437785,
  "pearson_r_best": -0.3563367088186171,
  "pearson_p_best": 0.1923508345902231,
  "kendall_tau_best": 0.21904761904761905,
  "kendall_p_best": 0.2815660702955676,
  "bootstrap_ci_spearman_best": [
    -0.37545699646851477,
    0.8648080438756843
  ],
  "mean_val_acc1": 89.8622720046854,
  "std_val_acc1": 1.2576524101426225,
  "mean_ema_acc1": 88.5869205990629,
  "mean_best_val_acc1": 92.46010081994646,
  "per_arch": [
    {
      "arch_index": 0,
      "nas_quant_acc1": 10.0,
      "val_acc1": 90.39799824297188,
      "ema_acc1": 91.52547690763052,
      "best_val_acc1": 94.50944402610442,
      "best_ema_acc1": 91.52547690763052,
      "epochs_completed": 36,
      "nas_rank": 14,
      "val_rank": 4,
      "ema_rank": 0,
      "best_rank": 0
    },
    {
      "arch_index": 1,
      "nas_quant_acc1": 63.5,
      "val_acc1": 87.69342996987953,
      "ema_acc1": 85.68979041164658,
      "best_val_acc1": 90.47455446787149,
      "best_ema_acc1": 85.68979041164658,
      "epochs_completed": 36,
      "nas_rank": 13,
      "val_rank": 13,
      "ema_rank": 13,
      "best_rank": 14
    },
    {
      "arch_index": 2,
      "nas_quant_acc1": 68.25,
      "val_acc1": 87.53608182730925,
      "ema_acc1": 86.4613140060241,
      "best_val_acc1": 90.9671498493976,
      "best_ema_acc1": 86.4613140060241,
      "epochs_completed": 36,
      "nas_rank": 12,
      "val_rank": 14,
      "ema_rank": 12,
      "best_rank": 13
    },
    {
      "arch_index": 3,
      "nas_quant_acc1": 71.5,
      "val_acc1": 90.3730547188755,
      "ema_acc1": 88.7405873493976,
      "best_val_acc1": 92.05980170682732,
      "best_ema_acc1": 88.7405873493976,
      "epochs_completed": 36,
      "nas_rank": 11,
      "val_rank": 6,
      "ema_rank": 10,
      "best_rank": 11
    },
    {
      "arch_index": 4,
      "nas_quant_acc1": 74.0,
      "val_acc1": 87.80685240963855,
      "ema_acc1": 88.53225401606427,
      "best_val_acc1": 91.61928965863453,
      "best_ema_acc1": 88.53225401606427,
      "epochs_completed": 36,
      "nas_rank": 10,
      "val_rank": 12,
      "ema_rank": 11,
      "best_rank": 12
    },
    {
      "arch_index": 5,
      "nas_quant_acc1": 75.5,
      "val_acc1": 91.84770331325302,
      "ema_acc1": 90.13491465863453,
      "best_val_acc1": 93.12703940763052,
      "best_ema_acc1": 90.13491465863453,
      "epochs_completed": 36,
      "nas_rank": 9,
      "val_rank": 0,
      "ema_rank": 2,
      "best_rank": 2
    },
    {
      "arch_index": 6,
      "nas_quant_acc1": 76.5,
      "val_acc1": 89.61831701807229,
      "ema_acc1": 89.63682856425703,
      "best_val_acc1": 92.67507530120481,
      "best_ema_acc1": 89.63682856425703,
      "epochs_completed": 36,
      "nas_rank": 8,
      "val_rank": 10,
      "ema_rank": 5,
      "best_rank": 5
    },
    {
      "arch_index": 7,
      "nas_quant_acc1": 77.25,
      "val_acc1": 91.01217369477912,
      "ema_acc1": 89.50065888554217,
      "best_val_acc1": 92.55302459839358,
      "best_ema_acc1": 89.50065888554217,
      "epochs_completed": 36,
      "nas_rank": 7,
      "val_rank": 1,
      "ema_rank": 6,
      "best_rank": 7
    },
    {
      "arch_index": 8,
      "nas_quant_acc1": 78.0,
      "val_acc1": 90.43815888554217,
      "ema_acc1": 89.18219754016064,
      "best_val_acc1": 92.53184613453816,
      "best_ema_acc1": 89.18219754016064,
      "epochs_completed": 36,
      "nas_rank": 6,
      "val_rank": 3,
      "ema_rank": 9,
      "best_rank": 8
    },
    {
      "arch_index": 9,
      "nas_quant_acc1": 78.5,
      "val_acc1": 90.0925577309237,
      "ema_acc1": 80.41792168674698,
      "best_val_acc1": 92.57200677710844,
      "best_ema_acc1": 80.41792168674698,
      "epochs_completed": 36,
      "nas_rank": 5,
      "val_rank": 9,
      "ema_rank": 14,
      "best_rank": 6
    },
    {
      "arch_index": 10,
      "nas_quant_acc1": 79.0,
      "val_acc1": 89.3964922188755,
      "ema_acc1": 89.31020958835342,
      "best_val_acc1": 92.90678338353413,
      "best_ema_acc1": 89.31020958835342,
      "epochs_completed": 36,
      "nas_rank": 4,
      "val_rank": 11,
      "ema_rank": 8,
      "best_rank": 3
    },
    {
      "arch_index": 11,
      "nas_quant_acc1": 79.75,
      "val_acc1": 90.60146837349399,
      "ema_acc1": 89.80453062248995,
      "best_val_acc1": 92.71037274096385,
      "best_ema_acc1": 89.80453062248995,
      "epochs_completed": 36,
      "nas_rank": 3,
      "val_rank": 2,
      "ema_rank": 3,
      "best_rank": 4
    },
    {
      "arch_index": 12,
      "nas_quant_acc1": 80.25,
      "val_acc1": 90.37038780120481,
      "ema_acc1": 89.74915286144578,
      "best_val_acc1": 92.47380145582329,
      "best_ema_acc1": 89.74915286144578,
      "epochs_completed": 36,
      "nas_rank": 2,
      "val_rank": 7,
      "ema_rank": 4,
      "best_rank": 9
    },
    {
      "arch_index": 13,
      "nas_quant_acc1": 81.25,
      "val_acc1": 90.3953313253012,
      "ema_acc1": 89.43178965863453,
      "best_val_acc1": 92.47003639558233,
      "best_ema_acc1": 89.43178965863453,
      "epochs_completed": 36,
      "nas_rank": 1,
      "val_rank": 5,
      "ema_rank": 7,
      "best_rank": 10
    },
    {
      "arch_index": 14,
      "nas_quant_acc1": 85.5,
      "val_acc1": 90.35407254016064,
      "ema_acc1": 90.68618222891565,
      "best_val_acc1": 93.25128639558233,
      "best_ema_acc1": 90.68618222891565,
      "epochs_completed": 36,
      "nas_rank": 0,
      "val_rank": 8,
      "ema_rank": 1,
      "best_rank": 1
    }
  ],
  "timestamp": "2026-06-03T17:31:57.976556"
}