{
  "cycle": 115,
  "completed_arch_indices": [
    0,
    1,
    2,
    3,
    4,
    5,
    6,
    7,
    8,
    9,
    10,
    11,
    12,
    13,
    14
  ],
  "cycle_val_results": {
    "0": [
      91.92143574297188,
      91.75279241967873,
      95.79583960843372,
      92.39081325301206
    ],
    "1": [
      88.20940010040161,
      91.34585215863453,
      92.26546812248995,
      91.34585215863453
    ],
    "2": [
      89.04163529116467,
      91.76361696787149,
      92.4585843373494,
      91.76361696787149
    ],
    "3": [
      90.33132530120481,
      92.78959588353413,
      93.49272088353413,
      92.78959588353413
    ],
    "4": [
      90.07843875502007,
      92.6371109437751,
      93.22414658634538,
      92.6371109437751
    ],
    "5": [
      90.74579568273093,
      93.47373870481927,
      93.8703250502008,
      93.47373870481927
    ],
    "6": [
      91.96489081325302,
      93.29034889558233,
      94.03363453815261,
      93.29034889558233
    ],
    "7": [
      91.23352786144578,
      93.32125376506023,
      93.83502761044177,
      93.32125376506023
    ],
    "8": [
      90.031218624498,
      93.3863579317269,
      93.6207329317269,
      93.3863579317269
    ],
    "9": [
      91.91390562248995,
      93.38416164658635,
      94.33091741967873,
      93.38416164658635
    ],
    "10": [
      91.50100401606427,
      93.21112575301206,
      93.82420306224898,
      93.21112575301206
    ],
    "11": [
      90.95412901606427,
      93.56864959839358,
      94.0894829317269,
      93.56864959839358
    ],
    "12": [
      91.03821536144578,
      93.34839357429719,
      93.70481927710844,
      93.34839357429719
    ],
    "13": [
      90.04643574297188,
      93.30227158634538,
      93.96256902610442,
      93.30336972891565
    ],
    "14": [
      91.61003388554217,
      93.88224774096385,
      94.35209588353413,
      93.88224774096385
    ]
  }
}