{
  "cycle": 115,
  "n_archs": 15,
  "spearman_r": 0.2321428571428571,
  "spearman_p": 0.40509874069364893,
  "pearson_r": -0.0733985209011965,
  "pearson_p": 0.7948951110313927,
  "kendall_tau": 0.20000000000000004,
  "kendall_p": 0.3282335876694342,
  "bootstrap_ci_spearman": [
    -0.3718570529592952,
    0.8014440433212996
  ],
  "spearman_r_ema": 0.7535714285714286,
  "spearman_p_ema": 0.001177583023488826,
  "pearson_r_ema": 0.6729488623386739,
  "pearson_p_ema": 0.005970549352283896,
  "kendall_tau_ema": 0.580952380952381,
  "kendall_p_ema": 0.0019359627197342143,
  "bootstrap_ci_spearman_ema": [
    0.27628940783986666,
    0.9494607603993886
  ],
  "spearman_r_best": 0.4035714285714285,
  "spearman_p_best": 0.13576799650365623,
  "pearson_r_best": -0.4485026831751109,
  "pearson_p_best": 0.09358034801286662,
  "kendall_tau_best": 0.3523809523809524,
  "kendall_p_best": 0.07433498084899375,
  "bootstrap_ci_spearman_best": [
    -0.25,
    0.9130474093875307
  ],
  "mean_val_acc1": 90.70809278781795,
  "std_val_acc1": 1.0970695892703413,
  "mean_ema_acc1": 92.96383450468541,
  "mean_best_val_acc1": 93.79070448460509,
  "per_arch": [
    {
      "arch_index": 0,
      "nas_quant_acc1": 10.0,
      "val_acc1": 91.92143574297188,
      "ema_acc1": 91.75279241967873,
      "best_val_acc1": 95.79583960843372,
      "best_ema_acc1": 92.39081325301206,
      "epochs_completed": 116,
      "nas_rank": 14,
      "val_rank": 1,
      "ema_rank": 13,
      "best_rank": 0
    },
    {
      "arch_index": 1,
      "nas_quant_acc1": 63.5,
      "val_acc1": 88.20940010040161,
      "ema_acc1": 91.34585215863453,
      "best_val_acc1": 92.26546812248995,
      "best_ema_acc1": 91.34585215863453,
      "epochs_completed": 116,
      "nas_rank": 13,
      "val_rank": 14,
      "ema_rank": 14,
      "best_rank": 14
    },
    {
      "arch_index": 2,
      "nas_quant_acc1": 68.25,
      "val_acc1": 89.04163529116467,
      "ema_acc1": 91.76361696787149,
      "best_val_acc1": 92.4585843373494,
      "best_ema_acc1": 91.76361696787149,
      "epochs_completed": 116,
      "nas_rank": 12,
      "val_rank": 13,
      "ema_rank": 12,
      "best_rank": 13
    },
    {
      "arch_index": 3,
      "nas_quant_acc1": 71.5,
      "val_acc1": 90.33132530120481,
      "ema_acc1": 92.78959588353413,
      "best_val_acc1": 93.49272088353413,
      "best_ema_acc1": 92.78959588353413,
      "epochs_completed": 116,
      "nas_rank": 11,
      "val_rank": 9,
      "ema_rank": 10,
      "best_rank": 11
    },
    {
      "arch_index": 4,
      "nas_quant_acc1": 74.0,
      "val_acc1": 90.07843875502007,
      "ema_acc1": 92.6371109437751,
      "best_val_acc1": 93.22414658634538,
      "best_ema_acc1": 92.6371109437751,
      "epochs_completed": 116,
      "nas_rank": 10,
      "val_rank": 10,
      "ema_rank": 11,
      "best_rank": 12
    },
    {
      "arch_index": 5,
      "nas_quant_acc1": 75.5,
      "val_acc1": 90.74579568273093,
      "ema_acc1": 93.47373870481927,
      "best_val_acc1": 93.8703250502008,
      "best_ema_acc1": 93.47373870481927,
      "epochs_completed": 116,
      "nas_rank": 9,
      "val_rank": 8,
      "ema_rank": 2,
      "best_rank": 6
    },
    {
      "arch_index": 6,
      "nas_quant_acc1": 76.5,
      "val_acc1": 91.96489081325302,
      "ema_acc1": 93.29034889558233,
      "best_val_acc1": 94.03363453815261,
      "best_ema_acc1": 93.29034889558233,
      "epochs_completed": 116,
      "nas_rank": 8,
      "val_rank": 0,
      "ema_rank": 8,
      "best_rank": 4
    },
    {
      "arch_index": 7,
      "nas_quant_acc1": 77.25,
      "val_acc1": 91.23352786144578,
      "ema_acc1": 93.32125376506023,
      "best_val_acc1": 93.83502761044177,
      "best_ema_acc1": 93.32125376506023,
      "epochs_completed": 116,
      "nas_rank": 7,
      "val_rank": 5,
      "ema_rank": 6,
      "best_rank": 7
    },
    {
      "arch_index": 8,
      "nas_quant_acc1": 78.0,
      "val_acc1": 90.031218624498,
      "ema_acc1": 93.3863579317269,
      "best_val_acc1": 93.6207329317269,
      "best_ema_acc1": 93.3863579317269,
      "epochs_completed": 116,
      "nas_rank": 6,
      "val_rank": 12,
      "ema_rank": 3,
      "best_rank": 10
    },
    {
      "arch_index": 9,
      "nas_quant_acc1": 78.5,
      "val_acc1": 91.91390562248995,
      "ema_acc1": 93.38416164658635,
      "best_val_acc1": 94.33091741967873,
      "best_ema_acc1": 93.38416164658635,
      "epochs_completed": 116,
      "nas_rank": 5,
      "val_rank": 2,
      "ema_rank": 4,
      "best_rank": 2
    },
    {
      "arch_index": 10,
      "nas_quant_acc1": 79.0,
      "val_acc1": 91.50100401606427,
      "ema_acc1": 93.21112575301206,
      "best_val_acc1": 93.82420306224898,
      "best_ema_acc1": 93.21112575301206,
      "epochs_completed": 116,
      "nas_rank": 4,
      "val_rank": 4,
      "ema_rank": 9,
      "best_rank": 8
    },
    {
      "arch_index": 11,
      "nas_quant_acc1": 79.75,
      "val_acc1": 90.95412901606427,
      "ema_acc1": 93.56864959839358,
      "best_val_acc1": 94.0894829317269,
      "best_ema_acc1": 93.56864959839358,
      "epochs_completed": 116,
      "nas_rank": 3,
      "val_rank": 7,
      "ema_rank": 1,
      "best_rank": 3
    },
    {
      "arch_index": 12,
      "nas_quant_acc1": 80.25,
      "val_acc1": 91.03821536144578,
      "ema_acc1": 93.34839357429719,
      "best_val_acc1": 93.70481927710844,
      "best_ema_acc1": 93.34839357429719,
      "epochs_completed": 116,
      "nas_rank": 2,
      "val_rank": 6,
      "ema_rank": 5,
      "best_rank": 9
    },
    {
      "arch_index": 13,
      "nas_quant_acc1": 81.25,
      "val_acc1": 90.04643574297188,
      "ema_acc1": 93.30227158634538,
      "best_val_acc1": 93.96256902610442,
      "best_ema_acc1": 93.30336972891565,
      "epochs_completed": 116,
      "nas_rank": 1,
      "val_rank": 11,
      "ema_rank": 7,
      "best_rank": 5
    },
    {
      "arch_index": 14,
      "nas_quant_acc1": 85.5,
      "val_acc1": 91.61003388554217,
      "ema_acc1": 93.88224774096385,
      "best_val_acc1": 94.35209588353413,
      "best_ema_acc1": 93.88224774096385,
      "epochs_completed": 116,
      "nas_rank": 0,
      "val_rank": 3,
      "ema_rank": 0,
      "best_rank": 1
    }
  ],
  "timestamp": "2026-06-04T01:44:18.838508"
}