{
  "cycle": 152,
  "completed_arch_indices": [
    0,
    1,
    2,
    3,
    4,
    5,
    6,
    7,
    8,
    9,
    10,
    11,
    12,
    13,
    14
  ],
  "cycle_val_results": {
    "0": [
      89.76703689759036,
      94.88924447791165,
      95.79583960843372,
      94.88924447791165
    ],
    "1": [
      87.84591490963855,
      92.34955446787149,
      92.46187876506023,
      92.34955446787149
    ],
    "2": [
      86.5410077811245,
      92.92953062248995,
      92.78520331325302,
      92.92953062248995
    ],
    "3": [
      89.35523343373494,
      93.96366716867469,
      93.73415537148594,
      93.98970883534136
    ],
    "4": [
      89.54944779116467,
      93.48566139558233,
      93.45852158634538,
      93.49868222891565
    ],
    "5": [
      86.64031124497993,
      94.44324171686748,
      94.22784889558233,
      94.50834588353413
    ],
    "6": [
      88.82734061244979,
      94.41233684738955,
      94.11772088353413,
      94.41233684738955
    ],
    "7": [
      87.86317143574297,
      94.03739959839358,
      94.08728664658635,
      94.0894829317269
    ],
    "8": [
      89.22722138554217,
      94.00053338353413,
      94.0504204317269,
      94.00053338353413
    ],
    "9": [
      88.4742093373494,
      94.67871485943776,
      94.4253576807229,
      94.6987951807229
    ],
    "10": [
      88.77525727911646,
      93.91425075301206,
      94.21263177710844,
      94.03143825301206
    ],
    "11": [
      89.32542670682732,
      94.19584588353413,
      94.0894829317269,
      94.21592620481927
    ],
    "12": [
      88.29834964859438,
      94.27287274096385,
      94.03849774096385,
      94.35099774096385
    ],
    "13": [
      89.14909638554217,
      94.00649472891565,
      93.97449171686748,
      94.07865838353413
    ],
    "14": [
      90.17664407630521,
      94.52136671686748,
      94.36731300200803,
      94.52136671686748
    ]
  }
}