{
  "cycle": 153,
  "completed_arch_indices": [
    0,
    1,
    2,
    3,
    4,
    5,
    6,
    7,
    8,
    9,
    10,
    11,
    12,
    13,
    14
  ],
  "cycle_val_results": {
    "0": [
      89.54458458835342,
      94.9543486445783,
      95.79583960843372,
      94.9543486445783
    ],
    "1": [
      85.35830823293172,
      92.33057228915662,
      92.46187876506023,
      92.34955446787149
    ],
    "2": [
      87.62832580321286,
      92.85140562248995,
      92.78520331325302,
      92.92953062248995
    ],
    "3": [
      89.39539407630521,
      93.96366716867469,
      93.73415537148594,
      93.98970883534136
    ],
    "4": [
      87.87242720883533,
      93.47264056224898,
      93.45852158634538,
      93.49868222891565
    ],
    "5": [
      89.8652422188755,
      94.4172000502008,
      94.22784889558233,
      94.50834588353413
    ],
    "6": [
      90.0757718373494,
      94.4253576807229,
      94.11772088353413,
      94.4253576807229
    ],
    "7": [
      90.1793109939759,
      94.11552459839358,
      94.08728664658635,
      94.11552459839358
    ],
    "8": [
      89.7409952309237,
      94.09167921686748,
      94.0504204317269,
      94.09167921686748
    ],
    "9": [
      89.45453689759036,
      94.70475652610442,
      94.4253576807229,
      94.70475652610442
    ],
    "10": [
      88.585906124498,
      93.90122991967873,
      94.21263177710844,
      94.03143825301206
    ],
    "11": [
      89.17890311244979,
      94.16980421686748,
      94.0894829317269,
      94.21592620481927
    ],
    "12": [
      90.39313504016064,
      94.28589357429719,
      94.03849774096385,
      94.35099774096385
    ],
    "13": [
      90.20864708835342,
      94.03849774096385,
      93.97449171686748,
      94.07865838353413
    ],
    "14": [
      90.11750125502007,
      94.48826556224898,
      94.36731300200803,
      94.52136671686748
    ]
  }
}