{
  "cycle": 146,
  "completed_arch_indices": [
    0,
    1,
    2,
    3,
    4,
    5,
    6,
    7,
    8,
    9,
    10,
    11,
    12,
    13,
    14
  ],
  "cycle_val_results": {
    "0": [
      92.38861696787149,
      94.66083082329318,
      95.79583960843372,
      94.66083082329318
    ],
    "1": [
      89.76436997991968,
      92.09619728915662,
      92.46187876506023,
      92.16130145582329
    ],
    "2": [
      90.32316767068274,
      92.74723895582329,
      92.76998619477912,
      92.76731927710844
    ],
    "3": [
      91.87594126506023,
      93.82639934738955,
      93.73415537148594,
      93.82639934738955
    ],
    "4": [
      91.69631651606427,
      93.30336972891565,
      93.37223895582329,
      93.30336972891565
    ],
    "5": [
      92.63005145582329,
      94.32605421686748,
      94.22784889558233,
      94.40417921686748
    ],
    "6": [
      91.81350401606427,
      94.24902735943776,
      94.11772088353413,
      94.24902735943776
    ],
    "7": [
      91.66321536144578,
      93.95221511044177,
      94.08728664658635,
      93.95221511044177
    ],
    "8": [
      92.16726280120481,
      93.94139056224898,
      94.0504204317269,
      93.94735190763052
    ],
    "9": [
      92.22154241967873,
      94.40417921686748,
      94.4253576807229,
      94.44324171686748
    ],
    "10": [
      91.63717369477912,
      94.03143825301206,
      94.21263177710844,
      94.03143825301206
    ],
    "11": [
      92.20146209839358,
      94.05151857429719,
      94.0894829317269,
      94.14266440763052
    ],
    "12": [
      91.76142068273093,
      94.23977158634538,
      93.97339357429719,
      94.23977158634538
    ],
    "13": [
      92.21605170682732,
      93.8703250502008,
      93.97449171686748,
      93.89636671686748
    ],
    "14": [
      92.4656438253012,
      94.43022088353413,
      94.36731300200803,
      94.4562625502008
    ]
  }
}