{
  "cycle": 146,
  "n_archs": 15,
  "spearman_r": 0.30357142857142855,
  "spearman_p": 0.27135583600386853,
  "pearson_r": 0.03960462047835162,
  "pearson_p": 0.8885536281514206,
  "kendall_tau": 0.2571428571428572,
  "kendall_p": 0.20184282422518202,
  "bootstrap_ci_spearman": [
    -0.3273953605231229,
    0.8248334439283341
  ],
  "spearman_r_ema": 0.3178571428571428,
  "spearman_p_ema": 0.24829056581701822,
  "pearson_r_ema": -0.05865282298779862,
  "pearson_p_ema": 0.8355166141497463,
  "kendall_tau_ema": 0.2761904761904762,
  "kendall_p_ema": 0.16857787367749338,
  "bootstrap_ci_spearman_ema": [
    -0.36618739660099264,
    0.8846898697258407
  ],
  "spearman_r_best": 0.2714285714285714,
  "spearman_p_best": 0.3277893068411727,
  "pearson_r_best": -0.4378049545596794,
  "pearson_p_best": 0.10265138521655313,
  "kendall_tau_best": 0.20000000000000004,
  "kendall_p_best": 0.3282335876694342,
  "bootstrap_ci_spearman_best": [
    -0.3804347826086958,
    0.8411741479082606
  ],
  "mean_val_acc1": 91.7883826974565,
  "std_val_acc1": 0.7797251008180595,
  "mean_ema_acc1": 93.87534513052209,
  "mean_best_val_acc1": 93.97733642904954,
  "per_arch": [
    {
      "arch_index": 0,
      "nas_quant_acc1": 10.0,
      "val_acc1": 92.38861696787149,
      "ema_acc1": 94.66083082329318,
      "best_val_acc1": 95.79583960843372,
      "best_ema_acc1": 94.66083082329318,
      "epochs_completed": 147,
      "nas_rank": 14,
      "val_rank": 2,
      "ema_rank": 0,
      "best_rank": 0
    },
    {
      "arch_index": 1,
      "nas_quant_acc1": 63.5,
      "val_acc1": 89.76436997991968,
      "ema_acc1": 92.09619728915662,
      "best_val_acc1": 92.46187876506023,
      "best_ema_acc1": 92.16130145582329,
      "epochs_completed": 147,
      "nas_rank": 13,
      "val_rank": 14,
      "ema_rank": 14,
      "best_rank": 14
    },
    {
      "arch_index": 2,
      "nas_quant_acc1": 68.25,
      "val_acc1": 90.32316767068274,
      "ema_acc1": 92.74723895582329,
      "best_val_acc1": 92.76998619477912,
      "best_ema_acc1": 92.76731927710844,
      "epochs_completed": 147,
      "nas_rank": 12,
      "val_rank": 13,
      "ema_rank": 13,
      "best_rank": 13
    },
    {
      "arch_index": 3,
      "nas_quant_acc1": 71.5,
      "val_acc1": 91.87594126506023,
      "ema_acc1": 93.82639934738955,
      "best_val_acc1": 93.73415537148594,
      "best_ema_acc1": 93.82639934738955,
      "epochs_completed": 147,
      "nas_rank": 11,
      "val_rank": 7,
      "ema_rank": 11,
      "best_rank": 11
    },
    {
      "arch_index": 4,
      "nas_quant_acc1": 74.0,
      "val_acc1": 91.69631651606427,
      "ema_acc1": 93.30336972891565,
      "best_val_acc1": 93.37223895582329,
      "best_ema_acc1": 93.30336972891565,
      "epochs_completed": 147,
      "nas_rank": 10,
      "val_rank": 10,
      "ema_rank": 12,
      "best_rank": 12
    },
    {
      "arch_index": 5,
      "nas_quant_acc1": 75.5,
      "val_acc1": 92.63005145582329,
      "ema_acc1": 94.32605421686748,
      "best_val_acc1": 94.22784889558233,
      "best_ema_acc1": 94.40417921686748,
      "epochs_completed": 147,
      "nas_rank": 9,
      "val_rank": 0,
      "ema_rank": 3,
      "best_rank": 3
    },
    {
      "arch_index": 6,
      "nas_quant_acc1": 76.5,
      "val_acc1": 91.81350401606427,
      "ema_acc1": 94.24902735943776,
      "best_val_acc1": 94.11772088353413,
      "best_ema_acc1": 94.24902735943776,
      "epochs_completed": 147,
      "nas_rank": 8,
      "val_rank": 8,
      "ema_rank": 4,
      "best_rank": 5
    },
    {
      "arch_index": 7,
      "nas_quant_acc1": 77.25,
      "val_acc1": 91.66321536144578,
      "ema_acc1": 93.95221511044177,
      "best_val_acc1": 94.08728664658635,
      "best_ema_acc1": 93.95221511044177,
      "epochs_completed": 147,
      "nas_rank": 7,
      "val_rank": 11,
      "ema_rank": 8,
      "best_rank": 7
    },
    {
      "arch_index": 8,
      "nas_quant_acc1": 78.0,
      "val_acc1": 92.16726280120481,
      "ema_acc1": 93.94139056224898,
      "best_val_acc1": 94.0504204317269,
      "best_ema_acc1": 93.94735190763052,
      "epochs_completed": 147,
      "nas_rank": 6,
      "val_rank": 6,
      "ema_rank": 9,
      "best_rank": 8
    },
    {
      "arch_index": 9,
      "nas_quant_acc1": 78.5,
      "val_acc1": 92.22154241967873,
      "ema_acc1": 94.40417921686748,
      "best_val_acc1": 94.4253576807229,
      "best_ema_acc1": 94.44324171686748,
      "epochs_completed": 147,
      "nas_rank": 5,
      "val_rank": 3,
      "ema_rank": 2,
      "best_rank": 1
    },
    {
      "arch_index": 10,
      "nas_quant_acc1": 79.0,
      "val_acc1": 91.63717369477912,
      "ema_acc1": 94.03143825301206,
      "best_val_acc1": 94.21263177710844,
      "best_ema_acc1": 94.03143825301206,
      "epochs_completed": 147,
      "nas_rank": 4,
      "val_rank": 12,
      "ema_rank": 7,
      "best_rank": 4
    },
    {
      "arch_index": 11,
      "nas_quant_acc1": 79.75,
      "val_acc1": 92.20146209839358,
      "ema_acc1": 94.05151857429719,
      "best_val_acc1": 94.0894829317269,
      "best_ema_acc1": 94.14266440763052,
      "epochs_completed": 147,
      "nas_rank": 3,
      "val_rank": 5,
      "ema_rank": 6,
      "best_rank": 6
    },
    {
      "arch_index": 12,
      "nas_quant_acc1": 80.25,
      "val_acc1": 91.76142068273093,
      "ema_acc1": 94.23977158634538,
      "best_val_acc1": 93.97339357429719,
      "best_ema_acc1": 94.23977158634538,
      "epochs_completed": 147,
      "nas_rank": 2,
      "val_rank": 9,
      "ema_rank": 5,
      "best_rank": 10
    },
    {
      "arch_index": 13,
      "nas_quant_acc1": 81.25,
      "val_acc1": 92.21605170682732,
      "ema_acc1": 93.8703250502008,
      "best_val_acc1": 93.97449171686748,
      "best_ema_acc1": 93.89636671686748,
      "epochs_completed": 147,
      "nas_rank": 1,
      "val_rank": 4,
      "ema_rank": 10,
      "best_rank": 9
    },
    {
      "arch_index": 14,
      "nas_quant_acc1": 85.5,
      "val_acc1": 92.4656438253012,
      "ema_acc1": 94.43022088353413,
      "best_val_acc1": 94.36731300200803,
      "best_ema_acc1": 94.4562625502008,
      "epochs_completed": 147,
      "nas_rank": 0,
      "val_rank": 1,
      "ema_rank": 1,
      "best_rank": 2
    }
  ],
  "timestamp": "2026-06-04T08:58:56.869866"
}