{
  "cycle": 138,
  "completed_arch_indices": [
    0,
    1,
    2,
    3,
    4,
    5,
    6,
    7,
    8,
    9,
    10,
    11,
    12,
    13,
    14
  ],
  "cycle_val_results": {
    "0": [
      94.33201556224898,
      94.11395582329318,
      95.79583960843372,
      94.11395582329318
    ],
    "1": [
      91.38601280120481,
      91.94590863453816,
      92.26546812248995,
      91.94590863453816
    ],
    "2": [
      91.8015813253012,
      92.55192645582329,
      92.76998619477912,
      92.62409011044177
    ],
    "3": [
      92.97078940763052,
      93.6831701807229,
      93.73415537148594,
      93.6831701807229
    ],
    "4": [
      92.09133408634538,
      93.17912274096385,
      93.37223895582329,
      93.17912274096385
    ],
    "5": [
      93.71187876506023,
      94.21482806224898,
      94.22784889558233,
      94.21482806224898
    ],
    "6": [
      93.27622991967873,
      94.03363453815261,
      94.11772088353413,
      94.03363453815261
    ],
    "7": [
      93.65163780120481,
      93.72380145582329,
      93.95817645582329,
      93.7699234437751
    ],
    "8": [
      93.28925075301206,
      93.73901857429719,
      93.75800075301206,
      93.73901857429719
    ],
    "9": [
      92.92356927710844,
      94.32495607429719,
      94.33091741967873,
      94.32495607429719
    ],
    "10": [
      93.51546812248995,
      93.75690261044177,
      94.21263177710844,
      93.78294427710844
    ],
    "11": [
      93.38855421686748,
      93.98641440763052,
      94.0894829317269,
      93.98641440763052
    ],
    "12": [
      92.90348895582329,
      93.92727158634538,
      93.97339357429719,
      93.92727158634538
    ],
    "13": [
      93.31309613453816,
      93.84428338353413,
      93.97449171686748,
      93.84538152610442
    ],
    "14": [
      93.14115838353413,
      94.29891440763052,
      94.36511671686748,
      94.29891440763052
    ]
  }
}