{
  "cycle": 138,
  "n_archs": 15,
  "spearman_r": 0.1357142857142857,
  "spearman_p": 0.6296204418728145,
  "pearson_r": -0.24394238386424494,
  "pearson_p": 0.3809394763203436,
  "kendall_tau": 0.08571428571428572,
  "kendall_p": 0.6971814254173712,
  "bootstrap_ci_spearman": [
    -0.5351415117476822,
    0.7486912669876279
  ],
  "spearman_r_ema": 0.44999999999999996,
  "spearman_p_ema": 0.09235737494812256,
  "pearson_r_ema": 0.0850254420286179,
  "pearson_p_ema": 0.7632014371846652,
  "kendall_tau_ema": 0.37142857142857144,
  "kendall_p_ema": 0.058995845051235264,
  "bootstrap_ci_spearman_ema": [
    -0.15376345869900623,
    0.891375753728974
  ],
  "spearman_r_best": 0.3607142857142856,
  "spearman_p_best": 0.18655437415416354,
  "pearson_r_best": -0.43086991350983994,
  "pearson_p_best": 0.10884976631270904,
  "kendall_tau_best": 0.29523809523809524,
  "kendall_p_best": 0.13946285911906778,
  "bootstrap_ci_spearman_best": [
    -0.2960303934816369,
    0.8919630156472249
  ],
  "mean_val_acc1": 93.04640436746989,
  "std_val_acc1": 0.767687567801837,
  "mean_ema_acc1": 93.68827392904952,
  "mean_best_val_acc1": 93.92969795850068,
  "per_arch": [
    {
      "arch_index": 0,
      "nas_quant_acc1": 10.0,
      "val_acc1": 94.33201556224898,
      "ema_acc1": 94.11395582329318,
      "best_val_acc1": 95.79583960843372,
      "best_ema_acc1": 94.11395582329318,
      "epochs_completed": 139,
      "nas_rank": 14,
      "val_rank": 0,
      "ema_rank": 3,
      "best_rank": 0
    },
    {
      "arch_index": 1,
      "nas_quant_acc1": 63.5,
      "val_acc1": 91.38601280120481,
      "ema_acc1": 91.94590863453816,
      "best_val_acc1": 92.26546812248995,
      "best_ema_acc1": 91.94590863453816,
      "epochs_completed": 139,
      "nas_rank": 13,
      "val_rank": 14,
      "ema_rank": 14,
      "best_rank": 14
    },
    {
      "arch_index": 2,
      "nas_quant_acc1": 68.25,
      "val_acc1": 91.8015813253012,
      "ema_acc1": 92.55192645582329,
      "best_val_acc1": 92.76998619477912,
      "best_ema_acc1": 92.62409011044177,
      "epochs_completed": 139,
      "nas_rank": 12,
      "val_rank": 13,
      "ema_rank": 13,
      "best_rank": 13
    },
    {
      "arch_index": 3,
      "nas_quant_acc1": 71.5,
      "val_acc1": 92.97078940763052,
      "ema_acc1": 93.6831701807229,
      "best_val_acc1": 93.73415537148594,
      "best_ema_acc1": 93.6831701807229,
      "epochs_completed": 139,
      "nas_rank": 11,
      "val_rank": 9,
      "ema_rank": 11,
      "best_rank": 11
    },
    {
      "arch_index": 4,
      "nas_quant_acc1": 74.0,
      "val_acc1": 92.09133408634538,
      "ema_acc1": 93.17912274096385,
      "best_val_acc1": 93.37223895582329,
      "best_ema_acc1": 93.17912274096385,
      "epochs_completed": 139,
      "nas_rank": 10,
      "val_rank": 12,
      "ema_rank": 12,
      "best_rank": 12
    },
    {
      "arch_index": 5,
      "nas_quant_acc1": 75.5,
      "val_acc1": 93.71187876506023,
      "ema_acc1": 94.21482806224898,
      "best_val_acc1": 94.22784889558233,
      "best_ema_acc1": 94.21482806224898,
      "epochs_completed": 139,
      "nas_rank": 9,
      "val_rank": 1,
      "ema_rank": 2,
      "best_rank": 3
    },
    {
      "arch_index": 6,
      "nas_quant_acc1": 76.5,
      "val_acc1": 93.27622991967873,
      "ema_acc1": 94.03363453815261,
      "best_val_acc1": 94.11772088353413,
      "best_ema_acc1": 94.03363453815261,
      "epochs_completed": 139,
      "nas_rank": 8,
      "val_rank": 7,
      "ema_rank": 4,
      "best_rank": 5
    },
    {
      "arch_index": 7,
      "nas_quant_acc1": 77.25,
      "val_acc1": 93.65163780120481,
      "ema_acc1": 93.72380145582329,
      "best_val_acc1": 93.95817645582329,
      "best_ema_acc1": 93.7699234437751,
      "epochs_completed": 139,
      "nas_rank": 7,
      "val_rank": 2,
      "ema_rank": 10,
      "best_rank": 9
    },
    {
      "arch_index": 8,
      "nas_quant_acc1": 78.0,
      "val_acc1": 93.28925075301206,
      "ema_acc1": 93.73901857429719,
      "best_val_acc1": 93.75800075301206,
      "best_ema_acc1": 93.73901857429719,
      "epochs_completed": 139,
      "nas_rank": 6,
      "val_rank": 6,
      "ema_rank": 9,
      "best_rank": 10
    },
    {
      "arch_index": 9,
      "nas_quant_acc1": 78.5,
      "val_acc1": 92.92356927710844,
      "ema_acc1": 94.32495607429719,
      "best_val_acc1": 94.33091741967873,
      "best_ema_acc1": 94.32495607429719,
      "epochs_completed": 139,
      "nas_rank": 5,
      "val_rank": 10,
      "ema_rank": 0,
      "best_rank": 2
    },
    {
      "arch_index": 10,
      "nas_quant_acc1": 79.0,
      "val_acc1": 93.51546812248995,
      "ema_acc1": 93.75690261044177,
      "best_val_acc1": 94.21263177710844,
      "best_ema_acc1": 93.78294427710844,
      "epochs_completed": 139,
      "nas_rank": 4,
      "val_rank": 3,
      "ema_rank": 8,
      "best_rank": 4
    },
    {
      "arch_index": 11,
      "nas_quant_acc1": 79.75,
      "val_acc1": 93.38855421686748,
      "ema_acc1": 93.98641440763052,
      "best_val_acc1": 94.0894829317269,
      "best_ema_acc1": 93.98641440763052,
      "epochs_completed": 139,
      "nas_rank": 3,
      "val_rank": 4,
      "ema_rank": 5,
      "best_rank": 6
    },
    {
      "arch_index": 12,
      "nas_quant_acc1": 80.25,
      "val_acc1": 92.90348895582329,
      "ema_acc1": 93.92727158634538,
      "best_val_acc1": 93.97339357429719,
      "best_ema_acc1": 93.92727158634538,
      "epochs_completed": 139,
      "nas_rank": 2,
      "val_rank": 11,
      "ema_rank": 6,
      "best_rank": 8
    },
    {
      "arch_index": 13,
      "nas_quant_acc1": 81.25,
      "val_acc1": 93.31309613453816,
      "ema_acc1": 93.84428338353413,
      "best_val_acc1": 93.97449171686748,
      "best_ema_acc1": 93.84538152610442,
      "epochs_completed": 139,
      "nas_rank": 1,
      "val_rank": 5,
      "ema_rank": 7,
      "best_rank": 7
    },
    {
      "arch_index": 14,
      "nas_quant_acc1": 85.5,
      "val_acc1": 93.14115838353413,
      "ema_acc1": 94.29891440763052,
      "best_val_acc1": 94.36511671686748,
      "best_ema_acc1": 94.29891440763052,
      "epochs_completed": 139,
      "nas_rank": 0,
      "val_rank": 8,
      "ema_rank": 1,
      "best_rank": 1
    }
  ],
  "timestamp": "2026-06-04T08:21:52.734318"
}