{
  "cycle": 97,
  "completed_arch_indices": [
    0,
    1,
    2,
    3,
    4,
    5,
    6,
    7,
    8,
    9,
    10,
    11,
    12,
    13,
    14
  ],
  "cycle_val_results": {
    "0": [
      93.52142946787149,
      89.63306350401606,
      95.42419678714859,
      92.39081325301206
    ],
    "1": [
      90.27594754016064,
      90.59660517068274,
      91.75169427710844,
      90.59660517068274
    ],
    "2": [
      90.7175577309237,
      91.10551581325302,
      92.37669427710844,
      91.10551581325302
    ],
    "3": [
      92.19926581325302,
      92.47489959839358,
      93.33537274096385,
      92.47489959839358
    ],
    "4": [
      91.56501004016064,
      91.8558609437751,
      92.96969126506023,
      91.8558609437751
    ],
    "5": [
      92.26217369477912,
      92.74943524096385,
      93.79110190763052,
      92.74943524096385
    ],
    "6": [
      93.11511671686748,
      92.8004204317269,
      93.76019703815261,
      92.8004204317269
    ],
    "7": [
      91.6382718373494,
      92.66315261044177,
      93.83502761044177,
      92.66315261044177
    ],
    "8": [
      92.10215863453816,
      92.57796812248995,
      93.56159011044177,
      92.57796812248995
    ],
    "9": [
      92.61703062248995,
      92.23613202811245,
      94.00649472891565,
      92.23613202811245
    ],
    "10": [
      92.59695030120481,
      92.39677459839358,
      93.58982806224898,
      92.39677459839358
    ],
    "11": [
      92.50360818273093,
      92.81344126506023,
      93.72709588353413,
      92.81344126506023
    ],
    "12": [
      92.7781438253012,
      92.71037274096385,
      93.48456325301206,
      92.71037274096385
    ],
    "13": [
      92.66315261044177,
      92.84654241967873,
      93.64787274096385,
      92.84654241967873
    ],
    "14": [
      93.15308107429719,
      93.10099774096385,
      94.20290537148594,
      93.10099774096385
    ]
  }
}