{
  "cycle": 97,
  "n_archs": 15,
  "spearman_r": 0.4535714285714285,
  "spearman_p": 0.08948590014302728,
  "pearson_r": -0.1371605084708972,
  "pearson_p": 0.6259398358896286,
  "kendall_tau": 0.4285714285714286,
  "kendall_p": 0.027495265215751328,
  "bootstrap_ci_spearman": [
    -0.21030958731681004,
    0.9488163621409044
  ],
  "spearman_r_ema": 0.782142857142857,
  "spearman_p_ema": 0.0005697096277734958,
  "pearson_r_ema": 0.8679168215445375,
  "pearson_p_ema": 2.7441501370726203e-05,
  "kendall_tau_ema": 0.6380952380952382,
  "kendall_p_ema": 0.0005320215605847219,
  "bootstrap_ci_spearman_ema": [
    0.31512384176764086,
    0.9708561020036429
  ],
  "spearman_r_best": 0.2928571428571428,
  "spearman_p_best": 0.289471667212401,
  "pearson_r_best": -0.390796955057923,
  "pearson_p_best": 0.149791230475398,
  "kendall_tau_best": 0.2571428571428572,
  "kendall_p_best": 0.20184282422518202,
  "bootstrap_ci_spearman_best": [
    -0.36220317209348285,
    0.8618244514106583
  ],
  "mean_val_acc1": 92.24725987282464,
  "std_val_acc1": 0.8889279637170768,
  "mean_ema_acc1": 92.17074548192771,
  "mean_best_val_acc1": 93.56428840361444,
  "per_arch": [
    {
      "arch_index": 0,
      "nas_quant_acc1": 10.0,
      "val_acc1": 93.52142946787149,
      "ema_acc1": 89.63306350401606,
      "best_val_acc1": 95.42419678714859,
      "best_ema_acc1": 92.39081325301206,
      "epochs_completed": 98,
      "nas_rank": 14,
      "val_rank": 0,
      "ema_rank": 14,
      "best_rank": 0
    },
    {
      "arch_index": 1,
      "nas_quant_acc1": 63.5,
      "val_acc1": 90.27594754016064,
      "ema_acc1": 90.59660517068274,
      "best_val_acc1": 91.75169427710844,
      "best_ema_acc1": 90.59660517068274,
      "epochs_completed": 98,
      "nas_rank": 13,
      "val_rank": 14,
      "ema_rank": 13,
      "best_rank": 14
    },
    {
      "arch_index": 2,
      "nas_quant_acc1": 68.25,
      "val_acc1": 90.7175577309237,
      "ema_acc1": 91.10551581325302,
      "best_val_acc1": 92.37669427710844,
      "best_ema_acc1": 91.10551581325302,
      "epochs_completed": 98,
      "nas_rank": 12,
      "val_rank": 13,
      "ema_rank": 12,
      "best_rank": 13
    },
    {
      "arch_index": 3,
      "nas_quant_acc1": 71.5,
      "val_acc1": 92.19926581325302,
      "ema_acc1": 92.47489959839358,
      "best_val_acc1": 93.33537274096385,
      "best_ema_acc1": 92.47489959839358,
      "epochs_completed": 98,
      "nas_rank": 11,
      "val_rank": 9,
      "ema_rank": 8,
      "best_rank": 11
    },
    {
      "arch_index": 4,
      "nas_quant_acc1": 74.0,
      "val_acc1": 91.56501004016064,
      "ema_acc1": 91.8558609437751,
      "best_val_acc1": 92.96969126506023,
      "best_ema_acc1": 91.8558609437751,
      "epochs_completed": 98,
      "nas_rank": 10,
      "val_rank": 12,
      "ema_rank": 11,
      "best_rank": 12
    },
    {
      "arch_index": 5,
      "nas_quant_acc1": 75.5,
      "val_acc1": 92.26217369477912,
      "ema_acc1": 92.74943524096385,
      "best_val_acc1": 93.79110190763052,
      "best_ema_acc1": 92.74943524096385,
      "epochs_completed": 98,
      "nas_rank": 9,
      "val_rank": 8,
      "ema_rank": 4,
      "best_rank": 4
    },
    {
      "arch_index": 6,
      "nas_quant_acc1": 76.5,
      "val_acc1": 93.11511671686748,
      "ema_acc1": 92.8004204317269,
      "best_val_acc1": 93.76019703815261,
      "best_ema_acc1": 92.8004204317269,
      "epochs_completed": 98,
      "nas_rank": 8,
      "val_rank": 2,
      "ema_rank": 3,
      "best_rank": 5
    },
    {
      "arch_index": 7,
      "nas_quant_acc1": 77.25,
      "val_acc1": 91.6382718373494,
      "ema_acc1": 92.66315261044177,
      "best_val_acc1": 93.83502761044177,
      "best_ema_acc1": 92.66315261044177,
      "epochs_completed": 98,
      "nas_rank": 7,
      "val_rank": 11,
      "ema_rank": 6,
      "best_rank": 3
    },
    {
      "arch_index": 8,
      "nas_quant_acc1": 78.0,
      "val_acc1": 92.10215863453816,
      "ema_acc1": 92.57796812248995,
      "best_val_acc1": 93.56159011044177,
      "best_ema_acc1": 92.57796812248995,
      "epochs_completed": 98,
      "nas_rank": 6,
      "val_rank": 10,
      "ema_rank": 7,
      "best_rank": 9
    },
    {
      "arch_index": 9,
      "nas_quant_acc1": 78.5,
      "val_acc1": 92.61703062248995,
      "ema_acc1": 92.23613202811245,
      "best_val_acc1": 94.00649472891565,
      "best_ema_acc1": 92.23613202811245,
      "epochs_completed": 98,
      "nas_rank": 5,
      "val_rank": 5,
      "ema_rank": 10,
      "best_rank": 2
    },
    {
      "arch_index": 10,
      "nas_quant_acc1": 79.0,
      "val_acc1": 92.59695030120481,
      "ema_acc1": 92.39677459839358,
      "best_val_acc1": 93.58982806224898,
      "best_ema_acc1": 92.39677459839358,
      "epochs_completed": 98,
      "nas_rank": 4,
      "val_rank": 6,
      "ema_rank": 9,
      "best_rank": 8
    },
    {
      "arch_index": 11,
      "nas_quant_acc1": 79.75,
      "val_acc1": 92.50360818273093,
      "ema_acc1": 92.81344126506023,
      "best_val_acc1": 93.72709588353413,
      "best_ema_acc1": 92.81344126506023,
      "epochs_completed": 98,
      "nas_rank": 3,
      "val_rank": 7,
      "ema_rank": 2,
      "best_rank": 6
    },
    {
      "arch_index": 12,
      "nas_quant_acc1": 80.25,
      "val_acc1": 92.7781438253012,
      "ema_acc1": 92.71037274096385,
      "best_val_acc1": 93.48456325301206,
      "best_ema_acc1": 92.71037274096385,
      "epochs_completed": 98,
      "nas_rank": 2,
      "val_rank": 3,
      "ema_rank": 5,
      "best_rank": 10
    },
    {
      "arch_index": 13,
      "nas_quant_acc1": 81.25,
      "val_acc1": 92.66315261044177,
      "ema_acc1": 92.84654241967873,
      "best_val_acc1": 93.64787274096385,
      "best_ema_acc1": 92.84654241967873,
      "epochs_completed": 98,
      "nas_rank": 1,
      "val_rank": 4,
      "ema_rank": 1,
      "best_rank": 7
    },
    {
      "arch_index": 14,
      "nas_quant_acc1": 85.5,
      "val_acc1": 93.15308107429719,
      "ema_acc1": 93.10099774096385,
      "best_val_acc1": 94.20290537148594,
      "best_ema_acc1": 93.10099774096385,
      "epochs_completed": 98,
      "nas_rank": 0,
      "val_rank": 1,
      "ema_rank": 0,
      "best_rank": 1
    }
  ],
  "timestamp": "2026-06-04T00:14:06.693479"
}