{
  "cycle": 132,
  "completed_arch_indices": [
    0,
    1,
    2,
    3,
    4,
    5,
    6,
    7,
    8,
    9,
    10,
    11,
    12,
    13,
    14
  ],
  "cycle_val_results": {
    "0": [
      86.52422188755021,
      93.69022966867469,
      95.79583960843372,
      93.69022966867469
    ],
    "1": [
      86.91217996987953,
      91.65239081325302,
      92.26546812248995,
      91.70447414658635
    ],
    "2": [
      87.73092369477912,
      92.61703062248995,
      92.76998619477912,
      92.62409011044177
    ],
    "3": [
      89.91465863453816,
      93.60394703815261,
      93.73415537148594,
      93.62998870481927
    ],
    "4": [
      88.52566516064257,
      93.08091741967873,
      93.37223895582329,
      93.08091741967873
    ],
    "5": [
      89.38456952811245,
      94.03253639558233,
      94.22784889558233,
      94.04665537148594
    ],
    "6": [
      88.52519452811245,
      93.88334588353413,
      94.11772088353413,
      93.89040537148594
    ],
    "7": [
      89.9753702309237,
      93.63971511044177,
      93.95817645582329,
      93.66575677710844
    ],
    "8": [
      89.72091490963855,
      93.61477158634538,
      93.75800075301206,
      93.61477158634538
    ],
    "9": [
      89.89504894578313,
      94.14156626506023,
      94.33091741967873,
      94.18768825301206
    ],
    "10": [
      89.60592369477912,
      93.71187876506023,
      94.21263177710844,
      93.74497991967873
    ],
    "11": [
      89.38833458835342,
      93.86216741967873,
      94.0894829317269,
      93.86216741967873
    ],
    "12": [
      89.5066202309237,
      93.78404241967873,
      93.97339357429719,
      93.78404241967873
    ],
    "13": [
      88.04985567269075,
      93.80631902610442,
      93.97449171686748,
      93.80631902610442
    ],
    "14": [
      89.09042419678714,
      94.13670306224898,
      94.36511671686748,
      94.13670306224898
    ]
  }
}