{
  "cycle": 1,
  "completed_arch_indices": [
    0,
    1,
    2,
    3,
    4,
    5,
    6,
    7,
    8,
    9,
    10,
    11,
    12,
    13,
    14
  ],
  "cycle_val_results": {
    "0": [
      81.12747866465864,
      16.286709337349397,
      81.12747866465864,
      16.286709337349397
    ],
    "1": [
      73.69681852409639,
      13.452403363453815,
      73.69681852409639,
      13.452403363453815
    ],
    "2": [
      73.21771460843372,
      14.493599397590362,
      73.21771460843372,
      14.493599397590362
    ],
    "3": [
      78.80977033132531,
      13.533822791164658,
      78.80977033132531,
      13.533822791164658
    ],
    "4": [
      78.3719252008032,
      15.905810742971887,
      78.3719252008032,
      15.905810742971887
    ],
    "5": [
      80.07608559236948,
      15.740304969879519,
      80.07608559236948,
      15.740304969879519
    ],
    "6": [
      80.11734437751005,
      16.131557479919678,
      80.11734437751005,
      16.131557479919678
    ],
    "7": [
      78.74090110441767,
      17.051173443775102,
      78.74090110441767,
      17.051173443775102
    ],
    "8": [
      78.73917545180724,
      17.551926455823295,
      78.73917545180724,
      17.551926455823295
    ],
    "9": [
      78.69148468875503,
      15.330697791164658,
      78.69148468875503,
      15.330697791164658
    ],
    "10": [
      78.37302334337349,
      17.064194277108435,
      78.37302334337349,
      17.064194277108435
    ],
    "11": [
      80.07608559236948,
      17.30343247991968,
      80.07608559236948,
      17.30343247991968
    ],
    "12": [
      78.97904116465864,
      17.80418549196787,
      78.97904116465864,
      17.80418549196787
    ],
    "13": [
      79.21121987951807,
      17.8492093373494,
      79.21121987951807,
      17.8492093373494
    ],
    "14": [
      77.90694026104417,
      17.181852409638555,
      77.90694026104417,
      17.181852409638555
    ]
  }
}