{
  "cycle": 42,
  "completed_arch_indices": [
    0,
    1,
    2,
    3,
    4,
    5,
    6,
    7,
    8,
    9,
    10,
    11,
    12,
    13,
    14
  ],
  "cycle_val_results": {
    "0": [
      89.25702811244979,
      92.16239959839358,
      94.50944402610442,
      92.16239959839358
    ],
    "1": [
      85.97954317269075,
      87.30170682730925,
      90.93844126506023,
      87.30170682730925
    ],
    "2": [
      87.26264432730925,
      87.75963227911646,
      91.3328313253012,
      87.75963227911646
    ],
    "3": [
      88.52409638554217,
      90.13977786144578,
      92.32241465863453,
      90.13977786144578
    ],
    "4": [
      86.15854041164658,
      89.6460843373494,
      91.95296812248995,
      89.6460843373494
    ],
    "5": [
      86.21282003012047,
      91.22270331325302,
      93.44550075301206,
      91.22270331325302
    ],
    "6": [
      87.04615336345381,
      90.6617093373494,
      93.1058609437751,
      90.6617093373494
    ],
    "7": [
      87.46391817269075,
      90.6617093373494,
      92.99134036144578,
      90.6617093373494
    ],
    "8": [
      89.66177208835342,
      90.36819151606427,
      92.60071536144578,
      90.36819151606427
    ],
    "9": [
      88.97386420682732,
      85.68226029116467,
      93.18618222891565,
      85.68226029116467
    ],
    "10": [
      89.093718624498,
      90.51957831325302,
      93.14602158634538,
      90.51957831325302
    ],
    "11": [
      88.71344754016064,
      90.53369728915662,
      93.08797690763052,
      90.53369728915662
    ],
    "12": [
      87.62016817269075,
      90.62374497991968,
      93.01691139558233,
      90.62374497991968
    ],
    "13": [
      88.47577811244979,
      90.60366465863453,
      93.02993222891565,
      90.60366465863453
    ],
    "14": [
      87.70535266064257,
      91.54555722891565,
      93.56974774096385,
      91.54555722891565
    ]
  }
}