{
  "cycle": 42,
  "n_archs": 15,
  "spearman_r": 0.2928571428571428,
  "spearman_p": 0.289471667212401,
  "pearson_r": -0.16233355382106038,
  "pearson_p": 0.5632454041603704,
  "kendall_tau": 0.21904761904761905,
  "kendall_p": 0.2815660702955676,
  "bootstrap_ci_spearman": [
    -0.3211025915757048,
    0.811608215229402
  ],
  "spearman_r_ema": 0.21983922987510138,
  "spearman_p_ema": 0.43112237532913944,
  "pearson_r_ema": -0.18219973251555396,
  "pearson_p_ema": 0.5157483671626849,
  "kendall_tau_ema": 0.210528725646512,
  "kendall_p_ema": 0.27568969784851405,
  "bootstrap_ci_spearman_ema": [
    -0.43126427847245696,
    0.8260869565217392
  ],
  "spearman_r_best": 0.34642857142857136,
  "spearman_p_best": 0.2058959920935512,
  "pearson_r_best": -0.2730451268996723,
  "pearson_p_best": 0.32480235835810267,
  "kendall_tau_best": 0.2761904761904762,
  "kendall_p_best": 0.16857787367749338,
  "bootstrap_ci_spearman_best": [
    -0.31648441269039035,
    0.8907153502235468
  ],
  "mean_val_acc1": 87.87658969210173,
  "std_val_acc1": 1.1924481713619313,
  "mean_ema_acc1": 89.96216114457829,
  "mean_best_val_acc1": 92.81575259370815,
  "per_arch": [
    {
      "arch_index": 0,
      "nas_quant_acc1": 10.0,
      "val_acc1": 89.25702811244979,
      "ema_acc1": 92.16239959839358,
      "best_val_acc1": 94.50944402610442,
      "best_ema_acc1": 92.16239959839358,
      "epochs_completed": 43,
      "nas_rank": 14,
      "val_rank": 1,
      "ema_rank": 0,
      "best_rank": 0
    },
    {
      "arch_index": 1,
      "nas_quant_acc1": 63.5,
      "val_acc1": 85.97954317269075,
      "ema_acc1": 87.30170682730925,
      "best_val_acc1": 90.93844126506023,
      "best_ema_acc1": 87.30170682730925,
      "epochs_completed": 43,
      "nas_rank": 13,
      "val_rank": 14,
      "ema_rank": 13,
      "best_rank": 14
    },
    {
      "arch_index": 2,
      "nas_quant_acc1": 68.25,
      "val_acc1": 87.26264432730925,
      "ema_acc1": 87.75963227911646,
      "best_val_acc1": 91.3328313253012,
      "best_ema_acc1": 87.75963227911646,
      "epochs_completed": 43,
      "nas_rank": 12,
      "val_rank": 10,
      "ema_rank": 12,
      "best_rank": 13
    },
    {
      "arch_index": 3,
      "nas_quant_acc1": 71.5,
      "val_acc1": 88.52409638554217,
      "ema_acc1": 90.13977786144578,
      "best_val_acc1": 92.32241465863453,
      "best_ema_acc1": 90.13977786144578,
      "epochs_completed": 43,
      "nas_rank": 11,
      "val_rank": 5,
      "ema_rank": 10,
      "best_rank": 11
    },
    {
      "arch_index": 4,
      "nas_quant_acc1": 74.0,
      "val_acc1": 86.15854041164658,
      "ema_acc1": 89.6460843373494,
      "best_val_acc1": 91.95296812248995,
      "best_ema_acc1": 89.6460843373494,
      "epochs_completed": 43,
      "nas_rank": 10,
      "val_rank": 13,
      "ema_rank": 11,
      "best_rank": 12
    },
    {
      "arch_index": 5,
      "nas_quant_acc1": 75.5,
      "val_acc1": 86.21282003012047,
      "ema_acc1": 91.22270331325302,
      "best_val_acc1": 93.44550075301206,
      "best_ema_acc1": 91.22270331325302,
      "epochs_completed": 43,
      "nas_rank": 9,
      "val_rank": 12,
      "ema_rank": 2,
      "best_rank": 2
    },
    {
      "arch_index": 6,
      "nas_quant_acc1": 76.5,
      "val_acc1": 87.04615336345381,
      "ema_acc1": 90.6617093373494,
      "best_val_acc1": 93.1058609437751,
      "best_ema_acc1": 90.6617093373494,
      "epochs_completed": 43,
      "nas_rank": 8,
      "val_rank": 11,
      "ema_rank": 3,
      "best_rank": 5
    },
    {
      "arch_index": 7,
      "nas_quant_acc1": 77.25,
      "val_acc1": 87.46391817269075,
      "ema_acc1": 90.6617093373494,
      "best_val_acc1": 92.99134036144578,
      "best_ema_acc1": 90.6617093373494,
      "epochs_completed": 43,
      "nas_rank": 7,
      "val_rank": 9,
      "ema_rank": 4,
      "best_rank": 9
    },
    {
      "arch_index": 8,
      "nas_quant_acc1": 78.0,
      "val_acc1": 89.66177208835342,
      "ema_acc1": 90.36819151606427,
      "best_val_acc1": 92.60071536144578,
      "best_ema_acc1": 90.36819151606427,
      "epochs_completed": 43,
      "nas_rank": 6,
      "val_rank": 0,
      "ema_rank": 9,
      "best_rank": 10
    },
    {
      "arch_index": 9,
      "nas_quant_acc1": 78.5,
      "val_acc1": 88.97386420682732,
      "ema_acc1": 85.68226029116467,
      "best_val_acc1": 93.18618222891565,
      "best_ema_acc1": 85.68226029116467,
      "epochs_completed": 43,
      "nas_rank": 5,
      "val_rank": 3,
      "ema_rank": 14,
      "best_rank": 3
    },
    {
      "arch_index": 10,
      "nas_quant_acc1": 79.0,
      "val_acc1": 89.093718624498,
      "ema_acc1": 90.51957831325302,
      "best_val_acc1": 93.14602158634538,
      "best_ema_acc1": 90.51957831325302,
      "epochs_completed": 43,
      "nas_rank": 4,
      "val_rank": 2,
      "ema_rank": 8,
      "best_rank": 4
    },
    {
      "arch_index": 11,
      "nas_quant_acc1": 79.75,
      "val_acc1": 88.71344754016064,
      "ema_acc1": 90.53369728915662,
      "best_val_acc1": 93.08797690763052,
      "best_ema_acc1": 90.53369728915662,
      "epochs_completed": 43,
      "nas_rank": 3,
      "val_rank": 4,
      "ema_rank": 7,
      "best_rank": 6
    },
    {
      "arch_index": 12,
      "nas_quant_acc1": 80.25,
      "val_acc1": 87.62016817269075,
      "ema_acc1": 90.62374497991968,
      "best_val_acc1": 93.01691139558233,
      "best_ema_acc1": 90.62374497991968,
      "epochs_completed": 43,
      "nas_rank": 2,
      "val_rank": 8,
      "ema_rank": 5,
      "best_rank": 8
    },
    {
      "arch_index": 13,
      "nas_quant_acc1": 81.25,
      "val_acc1": 88.47577811244979,
      "ema_acc1": 90.60366465863453,
      "best_val_acc1": 93.02993222891565,
      "best_ema_acc1": 90.60366465863453,
      "epochs_completed": 43,
      "nas_rank": 1,
      "val_rank": 6,
      "ema_rank": 6,
      "best_rank": 7
    },
    {
      "arch_index": 14,
      "nas_quant_acc1": 85.5,
      "val_acc1": 87.70535266064257,
      "ema_acc1": 91.54555722891565,
      "best_val_acc1": 93.56974774096385,
      "best_ema_acc1": 91.54555722891565,
      "epochs_completed": 43,
      "nas_rank": 0,
      "val_rank": 7,
      "ema_rank": 1,
      "best_rank": 1
    }
  ],
  "timestamp": "2026-06-03T18:13:34.744659"
}