{
  "cycle": 54,
  "completed_arch_indices": [
    0,
    1,
    2,
    3,
    4,
    5,
    6,
    7,
    8,
    9,
    10,
    11,
    12,
    13,
    14
  ],
  "cycle_val_results": {
    "0": [
      92.17651857429719,
      91.9410454317269,
      95.06933985943776,
      92.39081325301206
    ],
    "1": [
      87.77155496987953,
      88.84365587349399,
      91.31494728915662,
      88.84365587349399
    ],
    "2": [
      87.37167419678714,
      89.36448920682732,
      91.62525100401606,
      89.36448920682732
    ],
    "3": [
      89.95968247991968,
      91.14567645582329,
      92.32241465863453,
      91.14567645582329
    ],
    "4": [
      89.93740587349399,
      90.71489081325302,
      92.29041164658635,
      90.71489081325302
    ],
    "5": [
      91.35181350401606,
      91.86778363453816,
      93.59092620481927,
      91.86778363453816
    ],
    "6": [
      89.13497740963855,
      91.54822414658635,
      93.5968875502008,
      91.54822414658635
    ],
    "7": [
      90.18370356425703,
      91.6382718373494,
      93.34400100401606,
      91.6382718373494
    ],
    "8": [
      88.57665035140562,
      91.47715863453816,
      92.9176079317269,
      91.47715863453816
    ],
    "9": [
      88.93040913654619,
      89.04869477911646,
      93.32941139558233,
      89.04869477911646
    ],
    "10": [
      89.81096260040161,
      91.41801581325302,
      93.28925075301206,
      91.41801581325302
    ],
    "11": [
      90.57542670682732,
      91.44405747991968,
      93.38855421686748,
      91.44405747991968
    ],
    "12": [
      90.36003388554217,
      91.43919427710844,
      93.01691139558233,
      91.43919427710844
    ],
    "13": [
      90.3953313253012,
      91.55418549196787,
      93.22414658634538,
      91.55418549196787
    ],
    "14": [
      89.8343373493976,
      91.94214357429719,
      93.56974774096385,
      91.94214357429719
    ]
  }
}