{
  "cycle": 54,
  "n_archs": 15,
  "spearman_r": 0.15,
  "spearman_p": 0.5936302027425882,
  "pearson_r": -0.35593243717432227,
  "pearson_p": 0.19289193742321656,
  "kendall_tau": 0.12380952380952381,
  "kendall_p": 0.5589660721223221,
  "bootstrap_ci_spearman": [
    -0.4789067140036829,
    0.7477699010485892
  ],
  "spearman_r_ema": 0.2928571428571428,
  "spearman_p_ema": 0.289471667212401,
  "pearson_r_ema": -0.028752061499772115,
  "pearson_p_ema": 0.9189824482026068,
  "kendall_tau_ema": 0.21904761904761905,
  "kendall_p_ema": 0.2815660702955676,
  "bootstrap_ci_spearman_ema": [
    -0.385178859115568,
    0.8321239244790603
  ],
  "spearman_r_best": 0.2178571428571428,
  "spearman_p_best": 0.43539267351553756,
  "pearson_r_best": -0.38077707330995003,
  "pearson_p_best": 0.16144668764321687,
  "kendall_tau_best": 0.18095238095238098,
  "kendall_p_best": 0.3794503959627968,
  "bootstrap_ci_spearman_best": [
    -0.4487051597051597,
    0.8254703557312252
  ],
  "mean_val_acc1": 89.75803212851406,
  "std_val_acc1": 1.2591998513798233,
  "mean_ema_acc1": 91.02583249665328,
  "mean_best_val_acc1": 93.05932061579651,
  "per_arch": [
    {
      "arch_index": 0,
      "nas_quant_acc1": 10.0,
      "val_acc1": 92.17651857429719,
      "ema_acc1": 91.9410454317269,
      "best_val_acc1": 95.06933985943776,
      "best_ema_acc1": 92.39081325301206,
      "epochs_completed": 55,
      "nas_rank": 14,
      "val_rank": 0,
      "ema_rank": 1,
      "best_rank": 0
    },
    {
      "arch_index": 1,
      "nas_quant_acc1": 63.5,
      "val_acc1": 87.77155496987953,
      "ema_acc1": 88.84365587349399,
      "best_val_acc1": 91.31494728915662,
      "best_ema_acc1": 88.84365587349399,
      "epochs_completed": 55,
      "nas_rank": 13,
      "val_rank": 13,
      "ema_rank": 14,
      "best_rank": 14
    },
    {
      "arch_index": 2,
      "nas_quant_acc1": 68.25,
      "val_acc1": 87.37167419678714,
      "ema_acc1": 89.36448920682732,
      "best_val_acc1": 91.62525100401606,
      "best_ema_acc1": 89.36448920682732,
      "epochs_completed": 55,
      "nas_rank": 12,
      "val_rank": 14,
      "ema_rank": 12,
      "best_rank": 13
    },
    {
      "arch_index": 3,
      "nas_quant_acc1": 71.5,
      "val_acc1": 89.95968247991968,
      "ema_acc1": 91.14567645582329,
      "best_val_acc1": 92.32241465863453,
      "best_ema_acc1": 91.14567645582329,
      "epochs_completed": 55,
      "nas_rank": 11,
      "val_rank": 6,
      "ema_rank": 10,
      "best_rank": 11
    },
    {
      "arch_index": 4,
      "nas_quant_acc1": 74.0,
      "val_acc1": 89.93740587349399,
      "ema_acc1": 90.71489081325302,
      "best_val_acc1": 92.29041164658635,
      "best_ema_acc1": 90.71489081325302,
      "epochs_completed": 55,
      "nas_rank": 10,
      "val_rank": 7,
      "ema_rank": 11,
      "best_rank": 12
    },
    {
      "arch_index": 5,
      "nas_quant_acc1": 75.5,
      "val_acc1": 91.35181350401606,
      "ema_acc1": 91.86778363453816,
      "best_val_acc1": 93.59092620481927,
      "best_ema_acc1": 91.86778363453816,
      "epochs_completed": 55,
      "nas_rank": 9,
      "val_rank": 1,
      "ema_rank": 2,
      "best_rank": 2
    },
    {
      "arch_index": 6,
      "nas_quant_acc1": 76.5,
      "val_acc1": 89.13497740963855,
      "ema_acc1": 91.54822414658635,
      "best_val_acc1": 93.5968875502008,
      "best_ema_acc1": 91.54822414658635,
      "epochs_completed": 55,
      "nas_rank": 8,
      "val_rank": 10,
      "ema_rank": 5,
      "best_rank": 1
    },
    {
      "arch_index": 7,
      "nas_quant_acc1": 77.25,
      "val_acc1": 90.18370356425703,
      "ema_acc1": 91.6382718373494,
      "best_val_acc1": 93.34400100401606,
      "best_ema_acc1": 91.6382718373494,
      "epochs_completed": 55,
      "nas_rank": 7,
      "val_rank": 5,
      "ema_rank": 3,
      "best_rank": 5
    },
    {
      "arch_index": 8,
      "nas_quant_acc1": 78.0,
      "val_acc1": 88.57665035140562,
      "ema_acc1": 91.47715863453816,
      "best_val_acc1": 92.9176079317269,
      "best_ema_acc1": 91.47715863453816,
      "epochs_completed": 55,
      "nas_rank": 6,
      "val_rank": 12,
      "ema_rank": 6,
      "best_rank": 10
    },
    {
      "arch_index": 9,
      "nas_quant_acc1": 78.5,
      "val_acc1": 88.93040913654619,
      "ema_acc1": 89.04869477911646,
      "best_val_acc1": 93.32941139558233,
      "best_ema_acc1": 89.04869477911646,
      "epochs_completed": 55,
      "nas_rank": 5,
      "val_rank": 11,
      "ema_rank": 13,
      "best_rank": 6
    },
    {
      "arch_index": 10,
      "nas_quant_acc1": 79.0,
      "val_acc1": 89.81096260040161,
      "ema_acc1": 91.41801581325302,
      "best_val_acc1": 93.28925075301206,
      "best_ema_acc1": 91.41801581325302,
      "epochs_completed": 55,
      "nas_rank": 4,
      "val_rank": 9,
      "ema_rank": 9,
      "best_rank": 7
    },
    {
      "arch_index": 11,
      "nas_quant_acc1": 79.75,
      "val_acc1": 90.57542670682732,
      "ema_acc1": 91.44405747991968,
      "best_val_acc1": 93.38855421686748,
      "best_ema_acc1": 91.44405747991968,
      "epochs_completed": 55,
      "nas_rank": 3,
      "val_rank": 2,
      "ema_rank": 7,
      "best_rank": 4
    },
    {
      "arch_index": 12,
      "nas_quant_acc1": 80.25,
      "val_acc1": 90.36003388554217,
      "ema_acc1": 91.43919427710844,
      "best_val_acc1": 93.01691139558233,
      "best_ema_acc1": 91.43919427710844,
      "epochs_completed": 55,
      "nas_rank": 2,
      "val_rank": 4,
      "ema_rank": 8,
      "best_rank": 9
    },
    {
      "arch_index": 13,
      "nas_quant_acc1": 81.25,
      "val_acc1": 90.3953313253012,
      "ema_acc1": 91.55418549196787,
      "best_val_acc1": 93.22414658634538,
      "best_ema_acc1": 91.55418549196787,
      "epochs_completed": 55,
      "nas_rank": 1,
      "val_rank": 3,
      "ema_rank": 4,
      "best_rank": 8
    },
    {
      "arch_index": 14,
      "nas_quant_acc1": 85.5,
      "val_acc1": 89.8343373493976,
      "ema_acc1": 91.94214357429719,
      "best_val_acc1": 93.56974774096385,
      "best_ema_acc1": 91.94214357429719,
      "epochs_completed": 55,
      "nas_rank": 0,
      "val_rank": 8,
      "ema_rank": 0,
      "best_rank": 3
    }
  ],
  "timestamp": "2026-06-03T19:24:31.851170"
}